,host_material,semiconductor_2,semiconductor_3,semiconductor_1_pct,semiconductor_2_pct,co_catalyst,co_catalyst_wt_pct,form,structure,bandgap_eV,full_catalyst,preparation_semiconductor,calcination_temp_semiconductor_C,calcination_time_semiconductor_h,preparation_photocatalyst,calcination_temp_photocatalyst_C,calcination_time_photocatalyst_h,light_type,light_source_type,light_power_W,light_power_reported,wavelength_cutoff_nm,is_xe_lamp,is_hg_lamp,is_led,is_uv,is_visible_light,catalyst_loading_g_L,catalyst_loading_mg,catalyst_loading_reported,reaction_volume_mL,glycerol_concentration_v_pct,glycerol_concentration_std,glycerol_concentration_reported,temperature_C,pH,HER_reported,HER_std_umol_g_h,DOI,source_url,paper_title,journal,year,authors,data_quality_flag,data_quality_note,confidence_HER,confidence_loading,confidence_volume,confidence_light,confidence_wavelength,confidence_pH,confidence_bandgap,metadata_completeness_score,experiment_hash,semi_bandgap_eV,semi_electron_affinity_eV,semi_dielectric,semi_crystal,semi_density,cocat_work_function,cocat_d_band_center,cocat_atomic_radius,cocat_electronegativity,cocat_price,log_HER
8,tio2,g-c3n4,,50.0,10.0,ag,3.0,nanocomposite,anatase,,3wt%ag/tio2/g-c3n4,hydrothermal,,0.0,sol-gel,400.0,3.0,visible,xe lamp,35.0,35 w,420.0,1,0,0,0,1,1.15,149.5,1.15 g/l,130.0,5.0,0.6847,5 vol%,25.0,11.0,1440 μmol g⁻¹ h⁻¹,1440.0,10.1016/j.renene.2020.04.020,https://doi.org/10.1016/j.renene.2020.04.020,solar photocatalytic hydrogen production from glycerol reforming using ternary cu/ths/graphene,conference of the south african advanced materials initiative (proceedings),2020.0,seadira et al.,needs_review,"catalyst loading calc: 1.15 g/l × 130.0 ml = 149.50 mg; glycerol std: (5.0/100×1261)/92.09 = 0.6847 m; warning: conference proceedings, not journal article. cannot cite with doi.; wavelength_cutoff_nm=420nm inferred (xe lamp, visible cutoff); doi resolved via crossref api",high,medium,high,high,medium,high,low,0.625,e074f8b9bd2ddad8,3.2,4.21,86.0,1.0,3.89,4.26,-4.3,144.0,1.93,4.0,7.273092595999522
7,tio2,g-c3n4,,50.0,10.0,ag,3.0,nanocomposite,anatase,,3wt%ag/tio2/g-c3n4,hydrothermal,,0.0,sol-gel,400.0,3.0,visible,xe lamp,35.0,35 w,420.0,1,0,0,0,1,1.15,149.5,1.15 g/l,130.0,5.0,0.6847,5 vol%,25.0,8.0,659.2 μmol g⁻¹ h⁻¹,659.2,10.1016/j.renene.2020.04.020,https://doi.org/10.1016/j.renene.2020.04.020,solar photocatalytic hydrogen production from glycerol reforming using ternary cu/ths/graphene,conference of the south african advanced materials initiative (proceedings),2020.0,seadira et al.,needs_review,"catalyst loading calc: 1.15 g/l × 130.0 ml = 149.50 mg; glycerol std: (5.0/100×1261)/92.09 = 0.6847 m; warning: conference proceedings, not journal article. cannot cite with doi.; wavelength_cutoff_nm=420nm inferred (xe lamp, visible cutoff); doi resolved via crossref api",high,medium,high,high,medium,high,low,0.625,8574b97ce480a4db,3.2,4.21,86.0,1.0,3.89,4.26,-4.3,144.0,1.93,4.0,6.492542819419093
49,tio2,g-c3n4,,50.0,,ag,3.0,nanocomposite,anatase,,3wt%ag/tio2/g-c3n4,hydrothermal,,0.0,sol-gel,400.0,3.0,visible,xe lamp,35.0,35 w,420.0,1,0,0,0,1,1.15,149.5,1.15 g/l,130.0,5.0,0.6847,5 vol%,25.0,11.0,2513.1 μmol g⁻¹ h⁻¹,2513.1,10.1016/j.renene.2020.04.020,https://doi.org/10.1016/j.renene.2020.04.020,solar photocatalytic hydrogen production from glycerol reforming using ternary cu/ths/graphene,conference of the south african advanced materials initiative (proceedings),2020.0,seadira et al.,needs_review,"catalyst loading calc: 1.15 g/l × 130.0 ml = 149.50 mg; glycerol std: (5.0/100×1261)/92.09 = 0.6847 m; warning: conference proceedings, not journal article. cannot cite with doi.; wavelength_cutoff_nm=420nm inferred (xe lamp, visible cutoff); doi resolved via crossref api",high,medium,high,high,medium,high,low,0.625,07fc4407aaa45e80,3.2,4.21,86.0,1.0,3.89,4.26,-4.3,144.0,1.93,4.0,7.8296701656065135
48,tio2,g-c3n4,,50.0,,ag,3.0,nanocomposite,anatase,,3wt%ag/tio2/g-c3n4,hydrothermal,,0.0,sol-gel,400.0,3.0,visible,xe lamp,35.0,35 w,420.0,1,0,0,0,1,1.15,149.5,1.15 g/l,130.0,5.0,0.6847,5 vol%,25.0,8.0,5026.3 μmol g⁻¹ h⁻¹,5026.3,10.1016/j.renene.2020.04.020,https://doi.org/10.1016/j.renene.2020.04.020,solar photocatalytic hydrogen production from glycerol reforming using ternary cu/ths/graphene,conference of the south african advanced materials initiative (proceedings),2020.0,seadira et al.,needs_review,"catalyst loading calc: 1.15 g/l × 130.0 ml = 149.50 mg; glycerol std: (5.0/100×1261)/92.09 = 0.6847 m; warning: conference proceedings, not journal article. cannot cite with doi.; wavelength_cutoff_nm=420nm inferred (xe lamp, visible cutoff); doi resolved via crossref api",high,medium,high,high,medium,high,low,0.625,6effb42f74f7d7bc,3.2,4.21,86.0,1.0,3.89,4.26,-4.3,144.0,1.93,4.0,8.522638339652133
47,tio2,g-c3n4,,50.0,,ag,3.0,nanocomposite,anatase,,3wt%ag/tio2/g-c3n4,hydrothermal,,0.0,sol-gel,400.0,3.0,visible,xe lamp,35.0,35 w,420.0,1,0,0,0,1,1.15,149.5,1.15 g/l,130.0,5.0,0.6847,5 vol%,25.0,7.0,10052.6 μmol g⁻¹ h⁻¹,10052.6,10.1016/j.renene.2020.04.020,https://doi.org/10.1016/j.renene.2020.04.020,solar photocatalytic hydrogen production from glycerol reforming using ternary cu/ths/graphene,conference of the south african advanced materials initiative (proceedings),2020.0,seadira et al.,needs_review,"catalyst loading calc: 1.15 g/l × 130.0 ml = 149.50 mg; glycerol std: (5.0/100×1261)/92.09 = 0.6847 m; warning: conference proceedings, not journal article. cannot cite with doi.; wavelength_cutoff_nm=420nm inferred (xe lamp, visible cutoff); doi resolved via crossref api",high,medium,high,high,medium,high,low,0.625,ee452d1ef89e109e,3.2,4.21,86.0,1.0,3.89,4.26,-4.3,144.0,1.93,4.0,9.215686058300935
46,tio2,g-c3n4,,50.0,,ag,3.0,nanocomposite,anatase,,3wt%ag/tio2/g-c3n4,hydrothermal,,0.0,sol-gel,400.0,3.0,visible,xe lamp,35.0,35 w,420.0,1,0,0,0,1,1.15,149.5,1.15 g/l,130.0,5.0,0.6847,5 vol%,25.0,4.0,1108.3 μmol g⁻¹ h⁻¹,1108.3,10.1016/j.renene.2020.04.020,https://doi.org/10.1016/j.renene.2020.04.020,solar photocatalytic hydrogen production from glycerol reforming using ternary cu/ths/graphene,conference of the south african advanced materials initiative (proceedings),2020.0,seadira et al.,needs_review,"catalyst loading calc: 1.15 g/l × 130.0 ml = 149.50 mg; glycerol std: (5.0/100×1261)/92.09 = 0.6847 m; warning: conference proceedings, not journal article. cannot cite with doi.; wavelength_cutoff_nm=420nm inferred (xe lamp, visible cutoff); doi resolved via crossref api",high,medium,high,high,medium,high,low,0.625,339bff075160642a,3.2,4.21,86.0,1.0,3.89,4.26,-4.3,144.0,1.93,4.0,7.011484464744614
45,tio2,g-c3n4,,50.0,,ag,3.0,nanocomposite,anatase,,3wt%ag/tio2/g-c3n4,hydrothermal,,0.0,sol-gel,400.0,3.0,visible,xe lamp,35.0,35 w,420.0,1,0,0,0,1,1.15,149.5,1.15 g/l,130.0,5.0,0.6847,5 vol%,25.0,2.0,367 μmol g⁻¹ h⁻¹,367.0,10.1016/j.renene.2020.04.020,https://doi.org/10.1016/j.renene.2020.04.020,solar photocatalytic hydrogen production from glycerol reforming using ternary cu/ths/graphene,conference of the south african advanced materials initiative (proceedings),2020.0,seadira et al.,needs_review,"catalyst loading calc: 1.15 g/l × 130.0 ml = 149.50 mg; glycerol std: (5.0/100×1261)/92.09 = 0.6847 m; warning: conference proceedings, not journal article. cannot cite with doi.; wavelength_cutoff_nm=420nm inferred (xe lamp, visible cutoff); doi resolved via crossref api",high,medium,high,high,medium,high,low,0.625,efb04cb3f48bce8d,3.2,4.21,86.0,1.0,3.89,4.26,-4.3,144.0,1.93,4.0,5.908082938168931
495,cds,,,100.0,,pt,,nanoparticle,,,xwt%pt/cds,heat treating,,0.0,photodeposition,,0.0,visible,hg-xe lamp,500.0,500 w,418.0,1,1,0,0,1,1.0,60.0,1 g/l,60.0,70.0,9.5852,70 vol%,25.0,10.0,1196.67 μmol g⁻¹ h⁻¹,1196.67,10.1002/chem.201501595,https://doi.org/10.1002/chem.201501595,zno/zns heterostructured nanorod arrays and their efficient photocatalytic hydrogen evolution,chemistry a european journal,2015.0,bao et al.,needs_review,catalyst loading calc: 1.0 g/l × 60.0 ml = 60.00 mg; glycerol std: (70.0/100×1261)/92.09 = 9.5852 m; doi resolved via crossref api,high,medium,high,high,medium,high,low,0.625,fe90039ab11b9c90,2.42,4.2,8.9,3.0,4.82,5.65,-2.25,139.0,2.28,5.0,7.088133281631071
494,cds,,,100.0,,pt,,nanoparticle,,,xwt%pt/cds,heat treating,,0.0,photodeposition,,0.0,visible,hg-xe lamp,500.0,500 w,418.0,1,1,0,0,1,2.0,120.0,2 g/l,60.0,30.0,4.1079,30 vol%,25.0,10.0,394.29 μmol g⁻¹ h⁻¹,394.29,10.1002/chem.201501595,https://doi.org/10.1002/chem.201501595,zno/zns heterostructured nanorod arrays and their efficient photocatalytic hydrogen evolution,chemistry a european journal,2015.0,bao et al.,needs_review,catalyst loading calc: 2.0 g/l × 60.0 ml = 120.00 mg; glycerol std: (30.0/100×1261)/92.09 = 4.1079 m; doi resolved via crossref api,high,medium,high,high,medium,high,low,0.625,04abeb479c1205ce,2.42,4.2,8.9,3.0,4.82,5.65,-2.25,139.0,2.28,5.0,5.979619672740059
493,cds,,,100.0,,pt,,nanoparticle,,,xwt%pt/cds,heat treating,,0.0,photodeposition,,0.0,visible,hg-xe lamp,500.0,500 w,418.0,1,1,0,0,1,2.0,120.0,2 g/l,60.0,30.0,4.1079,30 vol%,25.0,10.0,1418.33 μmol g⁻¹ h⁻¹,1418.33,10.1002/chem.201501595,https://doi.org/10.1002/chem.201501595,zno/zns heterostructured nanorod arrays and their efficient photocatalytic hydrogen evolution,chemistry a european journal,2015.0,bao et al.,needs_review,catalyst loading calc: 2.0 g/l × 60.0 ml = 120.00 mg; glycerol std: (30.0/100×1261)/92.09 = 4.1079 m; doi resolved via crossref api,high,medium,high,high,medium,high,low,0.625,469705356cc26ab5,2.42,4.2,8.9,3.0,4.82,5.65,-2.25,139.0,2.28,5.0,7.257940208262125
492,cds,,,100.0,,pt,,nanoparticle,,,xwt%pt/cds,heat treating,,0.0,photodeposition,,0.0,visible,hg-xe lamp,500.0,500 w,418.0,1,1,0,0,1,1.0,60.0,1 g/l,60.0,30.0,4.1079,30 vol%,25.0,10.0,1124.29 μmol g⁻¹ h⁻¹,1124.29,10.1002/chem.201501595,https://doi.org/10.1002/chem.201501595,zno/zns heterostructured nanorod arrays and their efficient photocatalytic hydrogen evolution,chemistry a european journal,2015.0,bao et al.,needs_review,catalyst loading calc: 1.0 g/l × 60.0 ml = 60.00 mg; glycerol std: (30.0/100×1261)/92.09 = 4.1079 m; doi resolved via crossref api,high,medium,high,high,medium,high,low,0.625,d2ee2a8e6dc43035,2.42,4.2,8.9,3.0,4.82,5.65,-2.25,139.0,2.28,5.0,7.025796059197315
491,cds,,,100.0,,pt,,nanoparticle,,,xwt%pt/cds,heat treating,,0.0,photodeposition,,0.0,visible,hg-xe lamp,500.0,500 w,418.0,1,1,0,0,1,1.0,60.0,1 g/l,60.0,30.0,4.1079,30 vol%,25.0,10.0,786.67 μmol g⁻¹ h⁻¹,786.67,10.1002/chem.201501595,https://doi.org/10.1002/chem.201501595,zno/zns heterostructured nanorod arrays and their efficient photocatalytic hydrogen evolution,chemistry a european journal,2015.0,bao et al.,needs_review,catalyst loading calc: 1.0 g/l × 60.0 ml = 60.00 mg; glycerol std: (30.0/100×1261)/92.09 = 4.1079 m; doi resolved via crossref api,high,medium,high,high,medium,high,low,0.625,717e1becbd25c91f,2.42,4.2,8.9,3.0,4.82,5.65,-2.25,139.0,2.28,5.0,6.669079220418435
490,cds,,,100.0,,pt,,nanoparticle,,,xwt%pt/cds,heat treating,,0.0,photodeposition,,0.0,visible,hg-xe lamp,500.0,500 w,418.0,1,1,0,0,1,2.0,120.0,2 g/l,60.0,70.0,9.5852,70 vol%,25.0,4.0,1301.43 μmol g⁻¹ h⁻¹,1301.43,10.1002/chem.201501595,https://doi.org/10.1002/chem.201501595,zno/zns heterostructured nanorod arrays and their efficient photocatalytic hydrogen evolution,chemistry a european journal,2015.0,bao et al.,needs_review,catalyst loading calc: 2.0 g/l × 60.0 ml = 120.00 mg; glycerol std: (70.0/100×1261)/92.09 = 9.5852 m; doi resolved via crossref api,high,medium,high,high,medium,high,low,0.625,1f1742a965d29e3e,2.42,4.2,8.9,3.0,4.82,5.65,-2.25,139.0,2.28,5.0,7.171987029381023
489,cds,,,100.0,,pt,,nanoparticle,,,xwt%pt/cds,heat treating,,0.0,photodeposition,,0.0,visible,hg-xe lamp,500.0,500 w,418.0,1,1,0,0,1,2.0,120.0,2 g/l,60.0,70.0,9.5852,70 vol%,25.0,4.0,8023.33 μmol g⁻¹ h⁻¹,8023.33,10.1002/chem.201501595,https://doi.org/10.1002/chem.201501595,zno/zns heterostructured nanorod arrays and their efficient photocatalytic hydrogen evolution,chemistry a european journal,2015.0,bao et al.,needs_review,catalyst loading calc: 2.0 g/l × 60.0 ml = 120.00 mg; glycerol std: (70.0/100×1261)/92.09 = 9.5852 m; doi resolved via crossref api,high,medium,high,high,medium,high,low,0.625,46ef959a9322ad88,2.42,4.2,8.9,3.0,4.82,5.65,-2.25,139.0,2.28,5.0,8.990233455416234
488,cds,,,100.0,,pt,,nanoparticle,,,xwt%pt/cds,heat treating,,0.0,photodeposition,,0.0,visible,hg-xe lamp,500.0,500 w,418.0,1,1,0,0,1,1.0,60.0,1 g/l,60.0,70.0,9.5852,70 vol%,25.0,4.0,5261.43 μmol g⁻¹ h⁻¹,5261.43,10.1002/chem.201501595,https://doi.org/10.1002/chem.201501595,zno/zns heterostructured nanorod arrays and their efficient photocatalytic hydrogen evolution,chemistry a european journal,2015.0,bao et al.,needs_review,catalyst loading calc: 1.0 g/l × 60.0 ml = 60.00 mg; glycerol std: (70.0/100×1261)/92.09 = 9.5852 m; doi resolved via crossref api,high,medium,high,high,medium,high,low,0.625,51ec4ee4248fcdca,2.42,4.2,8.9,3.0,4.82,5.65,-2.25,139.0,2.28,5.0,8.56834817623946
487,cds,,,100.0,,pt,,nanoparticle,,,xwt%pt/cds,heat treating,,0.0,photodeposition,,0.0,visible,hg-xe lamp,500.0,500 w,418.0,1,1,0,0,1,1.0,60.0,1 g/l,60.0,70.0,9.5852,70 vol%,25.0,4.0,6406.67 μmol g⁻¹ h⁻¹,6406.67,10.1002/chem.201501595,https://doi.org/10.1002/chem.201501595,zno/zns heterostructured nanorod arrays and their efficient photocatalytic hydrogen evolution,chemistry a european journal,2015.0,bao et al.,needs_review,catalyst loading calc: 1.0 g/l × 60.0 ml = 60.00 mg; glycerol std: (70.0/100×1261)/92.09 = 9.5852 m; doi resolved via crossref api,high,medium,high,high,medium,high,low,0.625,f854534cc068d7ad,2.42,4.2,8.9,3.0,4.82,5.65,-2.25,139.0,2.28,5.0,8.76525098929478
478,tio2,rgo,,97.0,,pt,3.8,nanoparticle,anatase-rutile,2.52,3.8wt%pt/tio2/rgo,hydrothermal,,0.0,photodeposition,,0.0,uv,hg lamp,450.0,450 w,,0,1,0,1,0,1.0,300.0,1 g/l,300.0,1.0,0.1369,1 vol%,30.0,7.0,7895.7 μmol g⁻¹ h⁻¹,7895.7,10.1166/jnn.2018.14653,https://doi.org/10.1166/jnn.2018.14653,effects of different sacrificial agents and hydrogen production from wastewater by pt-graphene/tio2,journal of nanoscience and nanotechnology,2018.0,nguyen et al.,needs_review,catalyst loading calc: 1.0 g/l × 300.0 ml = 300.00 mg; glycerol std: (1.0/100×1261)/92.09 = 0.1369 m; doi resolved via crossref api,high,medium,high,high,low,high,high,0.625,a6f93653a0fcb0b8,3.2,4.21,86.0,1.0,3.89,5.65,-2.25,139.0,2.28,5.0,8.974200229666188
476,tio2,rgo,,97.0,,pt,3.8,nanoparticle,anatase-rutile,2.52,3.8wt%pt/tio2/rgo,hydrothermal,,0.0,photodeposition,,0.0,uv,hg lamp,450.0,450 w,,0,1,0,1,0,0.25,75.0,0.25 g/l,300.0,1.0,0.1369,1 vol%,30.0,7.0,9985.8 μmol g⁻¹ h⁻¹,9985.8,10.1166/jnn.2018.14653,https://doi.org/10.1166/jnn.2018.14653,effects of different sacrificial agents and hydrogen production from wastewater by pt-graphene/tio2,journal of nanoscience and nanotechnology,2018.0,nguyen et al.,needs_review,catalyst loading calc: 0.25 g/l × 300.0 ml = 75.00 mg; glycerol std: (1.0/100×1261)/92.09 = 0.1369 m; doi resolved via crossref api,high,medium,high,high,low,high,high,0.625,f5b3bb608d0840f9,3.2,4.21,86.0,1.0,3.89,5.65,-2.25,139.0,2.28,5.0,9.209019500008766
475,tio2,rgo,,97.0,,pt,3.8,nanoparticle,anatase-rutile,2.52,3.8wt%pt/tio2/rgo,hydrothermal,,0.0,photodeposition,,0.0,uv,hg lamp,450.0,450 w,,0,1,0,1,0,0.5,150.0,0.5 g/l,300.0,1.0,0.1369,1 vol%,30.0,11.0,9687.2 μmol g⁻¹ h⁻¹,9687.2,10.1166/jnn.2018.14653,https://doi.org/10.1166/jnn.2018.14653,effects of different sacrificial agents and hydrogen production from wastewater by pt-graphene/tio2,journal of nanoscience and nanotechnology,2018.0,nguyen et al.,needs_review,catalyst loading calc: 0.5 g/l × 300.0 ml = 150.00 mg; glycerol std: (1.0/100×1261)/92.09 = 0.1369 m; doi resolved via crossref api,high,medium,high,high,low,high,high,0.625,40edb3c87dfdb857,3.2,4.21,86.0,1.0,3.89,5.65,-2.25,139.0,2.28,5.0,9.178663929115631
473,tio2,rgo,,97.0,,pt,3.8,nanoparticle,anatase-rutile,2.52,3.8wt%pt/tio2/rgo,hydrothermal,,0.0,photodeposition,,0.0,uv,hg lamp,450.0,450 w,,0,1,0,1,0,0.5,150.0,0.5 g/l,300.0,1.0,0.1369,1 vol%,30.0,5.0,10815 μmol g⁻¹ h⁻¹,10815.0,10.1166/jnn.2018.14653,https://doi.org/10.1166/jnn.2018.14653,effects of different sacrificial agents and hydrogen production from wastewater by pt-graphene/tio2,journal of nanoscience and nanotechnology,2018.0,nguyen et al.,needs_review,catalyst loading calc: 0.5 g/l × 300.0 ml = 150.00 mg; glycerol std: (1.0/100×1261)/92.09 = 0.1369 m; doi resolved via crossref api,high,medium,high,high,low,high,high,0.625,4c912044b744c0b3,3.2,4.21,86.0,1.0,3.89,5.65,-2.25,139.0,2.28,5.0,9.288781798282745
471,tio2,rgo,,97.0,,pt,3.8,nanoparticle,anatase-rutile,2.52,3.8wt%pt/tio2/rgo,hydrothermal,,0.0,photodeposition,,0.0,uv,hg lamp,450.0,450 w,,0,1,0,1,0,0.5,150.0,0.5 g/l,300.0,5.0,0.6847,5 vol%,30.0,7.0,6037.9 μmol g⁻¹ h⁻¹,6037.9,10.1166/jnn.2018.14653,https://doi.org/10.1166/jnn.2018.14653,effects of different sacrificial agents and hydrogen production from wastewater by pt-graphene/tio2,journal of nanoscience and nanotechnology,2018.0,nguyen et al.,needs_review,catalyst loading calc: 0.5 g/l × 300.0 ml = 150.00 mg; glycerol std: (5.0/100×1261)/92.09 = 0.6847 m; doi resolved via crossref api,high,medium,high,high,low,high,high,0.625,9cebd2f082049c22,3.2,4.21,86.0,1.0,3.89,5.65,-2.25,139.0,2.28,5.0,8.705977155137846
469,tio2,rgo,,97.0,,pt,3.8,nanoparticle,anatase-rutile,2.52,3.8wt%pt/tio2/rgo,hydrothermal,,0.0,photodeposition,,0.0,uv,hg lamp,450.0,450 w,,0,1,0,1,0,0.5,150.0,0.5 g/l,300.0,0.5,0.0685,0.5 vol%,30.0,7.0,9753.6 μmol g⁻¹ h⁻¹,9753.6,10.1166/jnn.2018.14653,https://doi.org/10.1166/jnn.2018.14653,effects of different sacrificial agents and hydrogen production from wastewater by pt-graphene/tio2,journal of nanoscience and nanotechnology,2018.0,nguyen et al.,needs_review,catalyst loading calc: 0.5 g/l × 300.0 ml = 150.00 mg; glycerol std: (0.5/100×1261)/92.09 = 0.0685 m; doi resolved via crossref api,high,medium,high,high,low,high,high,0.625,c16d5be2fce1b716,3.2,4.21,86.0,1.0,3.89,5.65,-2.25,139.0,2.28,5.0,9.185494247603481
468,tio2,rgo,,97.0,,pt,3.8,nanoparticle,anatase-rutile,2.52,3.8wt%pt/tio2/rgo,hydrothermal,,0.0,photodeposition,,0.0,uv,hg lamp,450.0,450 w,,0,1,0,1,0,0.25,75.0,0.25 g/l,300.0,20.0,2.7386,20 vol%,40.0,7.0,68649 μmol g⁻¹ h⁻¹,68649.0,10.1166/jnn.2018.14653,https://doi.org/10.1166/jnn.2018.14653,effects of different sacrificial agents and hydrogen production from wastewater by pt-graphene/tio2,journal of nanoscience and nanotechnology,2018.0,nguyen et al.,needs_review,catalyst loading calc: 0.25 g/l × 300.0 ml = 75.00 mg; glycerol std: (20.0/100×1261)/92.09 = 2.7386 m; doi resolved via crossref api,high,medium,high,high,low,high,high,0.625,dd8c4468e9583c84,3.2,4.21,86.0,1.0,3.89,5.65,-2.25,139.0,2.28,5.0,11.136776411196116
465,tio2,rgo,,97.0,,pt,2.5,nanoparticle,anatase-rutile,2.52,2.5wt%pt/tio2/rgo,hydrothermal,,0.0,photodeposition,,0.0,uv,hg lamp,450.0,450 w,,0,1,0,1,0,0.25,75.0,0.25 g/l,300.0,20.0,2.7386,20 vol%,30.0,7.0,61622 μmol g⁻¹ h⁻¹,61622.0,10.1166/jnn.2018.14653,https://doi.org/10.1166/jnn.2018.14653,effects of different sacrificial agents and hydrogen production from wastewater by pt-graphene/tio2,journal of nanoscience and nanotechnology,2018.0,nguyen et al.,needs_review,catalyst loading calc: 0.25 g/l × 300.0 ml = 75.00 mg; glycerol std: (20.0/100×1261)/92.09 = 2.7386 m; doi resolved via crossref api,high,medium,high,high,low,high,high,0.625,695bfe7cfe00dc79,3.2,4.21,86.0,1.0,3.89,5.65,-2.25,139.0,2.28,5.0,11.028790456457282
499,cds,,,100.0,,pt,,nanoparticle,,,xwt%pt/cds,heat treating,,0.0,photodeposition,,0.0,visible,hg-xe lamp,500.0,500 w,418.0,1,1,0,0,1,1.5,90.0,1.5 g/l,60.0,50.0,6.8466,50 vol%,25.0,7.0,2.67 μmol g⁻¹ h⁻¹,2.67,10.1002/chem.201501595,https://doi.org/10.1002/chem.201501595,zno/zns heterostructured nanorod arrays and their efficient photocatalytic hydrogen evolution,chemistry a european journal,2015.0,bao et al.,needs_review,catalyst loading calc: 1.5 g/l × 60.0 ml = 90.00 mg; glycerol std: (50.0/100×1261)/92.09 = 6.8466 m; doi resolved via crossref api,high,medium,high,high,medium,high,low,0.625,b8b09cd253ce5266,2.42,4.2,8.9,3.0,4.82,5.65,-2.25,139.0,2.28,5.0,1.3001916620664788
498,cds,,,100.0,,pt,,nanoparticle,,,xwt%pt/cds,heat treating,,0.0,photodeposition,,0.0,visible,hg-xe lamp,500.0,500 w,418.0,1,1,0,0,1,2.0,120.0,2 g/l,60.0,70.0,9.5852,70 vol%,25.0,10.0,0.71 μmol g⁻¹ h⁻¹,0.71,10.1002/chem.201501595,https://doi.org/10.1002/chem.201501595,zno/zns heterostructured nanorod arrays and their efficient photocatalytic hydrogen evolution,chemistry a european journal,2015.0,bao et al.,needs_review,catalyst loading calc: 2.0 g/l × 60.0 ml = 120.00 mg; glycerol std: (70.0/100×1261)/92.09 = 9.5852 m; doi resolved via crossref api,high,medium,high,high,medium,high,low,0.625,e07aaa29cfb9eeba,2.42,4.2,8.9,3.0,4.82,5.65,-2.25,139.0,2.28,5.0,0.5364933705145685
497,cds,,,100.0,,pt,,nanoparticle,,,xwt%pt/cds,heat treating,,0.0,photodeposition,,0.0,visible,hg-xe lamp,500.0,500 w,418.0,1,1,0,0,1,2.0,120.0,2 g/l,60.0,70.0,9.5852,70 vol%,25.0,10.0,1435 μmol g⁻¹ h⁻¹,1435.0,10.1002/chem.201501595,https://doi.org/10.1002/chem.201501595,zno/zns heterostructured nanorod arrays and their efficient photocatalytic hydrogen evolution,chemistry a european journal,2015.0,bao et al.,needs_review,catalyst loading calc: 2.0 g/l × 60.0 ml = 120.00 mg; glycerol std: (70.0/100×1261)/92.09 = 9.5852 m; doi resolved via crossref api,high,medium,high,high,medium,high,low,0.625,3911fb226264456a,2.42,4.2,8.9,3.0,4.82,5.65,-2.25,139.0,2.28,5.0,7.269616749608169
822,zno,,,100.0,,,,nanorod,,3.19,zno,precipitation,600.0,2.0,precipitation,600.0,2.0,visible,led,10.0,10 w,,0,0,1,0,1,1.5,52.5,1.5 g/l,35.0,5.0,0.6847,5 vol%,25.0,6.0,613.14 μmol g⁻¹ h⁻¹,613.14,10.1016/j.ijhydene.2020.02.065,https://doi.org/10.1016/j.ijhydene.2020.02.065,exploring the photocatalytic hydrogen production potential of titania doped with alumina derived from foil waste,international journal of hydrogen energy,2020.0,osman et al.,needs_review,catalyst loading calc: 1.5 g/l × 35.0 ml = 52.50 mg; glycerol std: (5.0/100×1261)/92.09 = 0.6847 m; co_catalyst set to 'none': bare semiconductor; doi resolved via crossref api,high,medium,high,high,low,high,high,0.625,a362d75585ad0d0c,3.37,4.35,8.5,3.0,5.61,0.0,0.0,0.0,0.0,0.0,6.420222915185438
69,tio2,,,100.0,,au,3.0,nanoparticle,anatase,3.05,3wt%au/tio2,,,0.0,precipitation,400.0,2.0,uv,hg lamp,125.0,125 w,,0,1,0,1,0,1.0,85.0,1 g/l,85.0,10.0,1.3693,10 vol%,25.0,6.8,23280 μmol g⁻¹ h⁻¹,23280.0,needs_verification (10.1016/j.cattod.2017.mm.xxx),,"a comparative study of hydrogen photocatalytic production from glycerol and propan-2-ol on m/tio2 systems (m=au, pt, pd)",catalysis today,2017.0,lópez-tenllado et al.,needs_review,catalyst loading calc: 1.0 g/l × 85.0 ml = 85.00 mg; glycerol std: (10.0/100×1261)/92.09 = 1.3693 m,high,medium,high,high,low,high,high,0.625,a85f046916b4808a,3.2,4.21,86.0,1.0,3.89,5.1,-3.56,144.0,2.54,5.0,10.05539285624928
68,tio2,,,100.0,,au,1.5,nanoparticle,anatase,3.05,1.5wt%au/tio2,,,0.0,precipitation,400.0,2.0,uv,hg lamp,125.0,125 w,,0,1,0,1,0,1.0,85.0,1 g/l,85.0,10.0,1.3693,10 vol%,25.0,6.8,19381 μmol g⁻¹ h⁻¹,19381.0,needs_verification (10.1016/j.cattod.2017.mm.xxx),,"a comparative study of hydrogen photocatalytic production from glycerol and propan-2-ol on m/tio2 systems (m=au, pt, pd)",catalysis today,2017.0,lópez-tenllado et al.,needs_review,catalyst loading calc: 1.0 g/l × 85.0 ml = 85.00 mg; glycerol std: (10.0/100×1261)/92.09 = 1.3693 m,high,medium,high,high,low,high,high,0.625,ad93374861f4a211,3.2,4.21,86.0,1.0,3.89,5.1,-3.56,144.0,2.54,5.0,9.872100079294496
67,tio2,,,100.0,,au,0.5,nanoparticle,anatase,3.02,0.5wt%au/tio2,,,0.0,precipitation,400.0,2.0,uv,hg lamp,125.0,125 w,,0,1,0,1,0,1.0,85.0,1 g/l,85.0,10.0,1.3693,10 vol%,25.0,6.8,16170 μmol g⁻¹ h⁻¹,16170.0,needs_verification (10.1016/j.cattod.2017.mm.xxx),,"a comparative study of hydrogen photocatalytic production from glycerol and propan-2-ol on m/tio2 systems (m=au, pt, pd)",catalysis today,2017.0,lópez-tenllado et al.,needs_review,catalyst loading calc: 1.0 g/l × 85.0 ml = 85.00 mg; glycerol std: (10.0/100×1261)/92.09 = 1.3693 m,high,medium,high,high,low,high,high,0.625,7a40fef31c78e317,3.2,4.21,86.0,1.0,3.89,5.1,-3.56,144.0,2.54,5.0,9.690974793577944
454,tio2,rgo,,97.0,,pt,3.8,nanoparticle,anatase-rutile,2.52,3.8wt%pt/tio2/rgo,hydrothermal,,0.0,photodeposition,,0.0,uv,hg lamp,450.0,450 w,,0,1,0,1,0,0.5,150.0,0.5 g/l,300.0,20.0,2.7386,20 vol%,30.0,11.0,49009 μmol g⁻¹ h⁻¹,49009.0,10.1166/jnn.2018.14653,https://doi.org/10.1166/jnn.2018.14653,effects of different sacrificial agents and hydrogen production from wastewater by pt-graphene/tio2,journal of nanoscience and nanotechnology,2018.0,nguyen et al.,needs_review,catalyst loading calc: 0.5 g/l × 300.0 ml = 150.00 mg; glycerol std: (20.0/100×1261)/92.09 = 2.7386 m; doi resolved via crossref api,high,medium,high,high,low,high,high,0.625,679a31f89f3b65dc,3.2,4.21,86.0,1.0,3.89,5.65,-2.25,139.0,2.28,5.0,10.799779637903594
451,tio2,rgo,,97.0,,pt,3.8,nanoparticle,anatase-rutile,2.52,3.8wt%pt/tio2/rgo,hydrothermal,,0.0,photodeposition,,0.0,uv,hg lamp,450.0,450 w,,0,1,0,1,0,0.5,150.0,0.5 g/l,300.0,5.0,0.6847,5 vol%,30.0,5.0,22162 μmol g⁻¹ h⁻¹,22162.0,10.1166/jnn.2018.14653,https://doi.org/10.1166/jnn.2018.14653,effects of different sacrificial agents and hydrogen production from wastewater by pt-graphene/tio2,journal of nanoscience and nanotechnology,2018.0,nguyen et al.,needs_review,catalyst loading calc: 0.5 g/l × 300.0 ml = 150.00 mg; glycerol std: (5.0/100×1261)/92.09 = 0.6847 m; doi resolved via crossref api,high,medium,high,high,low,high,high,0.625,5ef57335e0302da3,3.2,4.21,86.0,1.0,3.89,5.65,-2.25,139.0,2.28,5.0,10.006179510759674
450,tio2,rgo,,97.0,,pt,3.8,nanoparticle,anatase-rutile,2.52,3.8wt%pt/tio2/rgo,hydrothermal,,0.0,photodeposition,,0.0,uv,hg lamp,450.0,450 w,,0,1,0,1,0,0.5,150.0,0.5 g/l,300.0,80.0,10.9545,80 vol%,30.0,5.0,43784 μmol g⁻¹ h⁻¹,43784.0,10.1166/jnn.2018.14653,https://doi.org/10.1166/jnn.2018.14653,effects of different sacrificial agents and hydrogen production from wastewater by pt-graphene/tio2,journal of nanoscience and nanotechnology,2018.0,nguyen et al.,needs_review,catalyst loading calc: 0.5 g/l × 300.0 ml = 150.00 mg; glycerol std: (80.0/100×1261)/92.09 = 10.9545 m; doi resolved via crossref api,high,medium,high,high,low,high,high,0.625,4650123008e36971,3.2,4.21,86.0,1.0,3.89,5.65,-2.25,139.0,2.28,5.0,10.687046571956325
448,tio2,rgo,,97.0,,pt,3.8,nanoparticle,anatase-rutile,2.52,3.8wt%pt/tio2/rgo,hydrothermal,,0.0,photodeposition,,0.0,uv,hg lamp,450.0,450 w,,0,1,0,1,0,0.5,150.0,0.5 g/l,300.0,20.0,2.7386,20 vol%,30.0,5.0,45045 μmol g⁻¹ h⁻¹,45045.0,10.1166/jnn.2018.14653,https://doi.org/10.1166/jnn.2018.14653,effects of different sacrificial agents and hydrogen production from wastewater by pt-graphene/tio2,journal of nanoscience and nanotechnology,2018.0,nguyen et al.,needs_review,catalyst loading calc: 0.5 g/l × 300.0 ml = 150.00 mg; glycerol std: (20.0/100×1261)/92.09 = 2.7386 m; doi resolved via crossref api,high,medium,high,high,low,high,high,0.625,1a92d088d7984c80,3.2,4.21,86.0,1.0,3.89,5.65,-2.25,139.0,2.28,5.0,10.715439468861323
486,cds,,,100.0,,pt,,nanoparticle,,,xwt%pt/cds,heat treating,,0.0,photodeposition,,0.0,visible,hg-xe lamp,500.0,500 w,418.0,1,1,0,0,1,2.0,120.0,2 g/l,60.0,30.0,4.1079,30 vol%,25.0,4.0,657.86 μmol g⁻¹ h⁻¹,657.86,10.1002/chem.201501595,https://doi.org/10.1002/chem.201501595,zno/zns heterostructured nanorod arrays and their efficient photocatalytic hydrogen evolution,chemistry a european journal,2015.0,bao et al.,needs_review,catalyst loading calc: 2.0 g/l × 60.0 ml = 120.00 mg; glycerol std: (30.0/100×1261)/92.09 = 4.1079 m; doi resolved via crossref api,high,medium,high,high,medium,high,low,0.625,6a70f02dcb7f5215,2.42,4.2,8.9,3.0,4.82,5.65,-2.25,139.0,2.28,5.0,6.490511068837677
485,cds,,,100.0,,pt,,nanoparticle,,,xwt%pt/cds,heat treating,,0.0,photodeposition,,0.0,visible,hg-xe lamp,500.0,500 w,418.0,1,1,0,0,1,2.0,120.0,2 g/l,60.0,30.0,4.1079,30 vol%,25.0,4.0,940 μmol g⁻¹ h⁻¹,940.0,10.1002/chem.201501595,https://doi.org/10.1002/chem.201501595,zno/zns heterostructured nanorod arrays and their efficient photocatalytic hydrogen evolution,chemistry a european journal,2015.0,bao et al.,needs_review,catalyst loading calc: 2.0 g/l × 60.0 ml = 120.00 mg; glycerol std: (30.0/100×1261)/92.09 = 4.1079 m; doi resolved via crossref api,high,medium,high,high,medium,high,low,0.625,728776597faaa580,2.42,4.2,8.9,3.0,4.82,5.65,-2.25,139.0,2.28,5.0,6.846943139585379
484,cds,,,100.0,,pt,,nanoparticle,,,xwt%pt/cds,heat treating,,0.0,photodeposition,,0.0,visible,hg-xe lamp,500.0,500 w,418.0,1,1,0,0,1,1.0,60.0,1 g/l,60.0,30.0,4.1079,30 vol%,25.0,4.0,415.71 μmol g⁻¹ h⁻¹,415.71,10.1002/chem.201501595,https://doi.org/10.1002/chem.201501595,zno/zns heterostructured nanorod arrays and their efficient photocatalytic hydrogen evolution,chemistry a european journal,2015.0,bao et al.,needs_review,catalyst loading calc: 1.0 g/l × 60.0 ml = 60.00 mg; glycerol std: (30.0/100×1261)/92.09 = 4.1079 m; doi resolved via crossref api,high,medium,high,high,medium,high,low,0.625,efcd6238d8854097,2.42,4.2,8.9,3.0,4.82,5.65,-2.25,139.0,2.28,5.0,6.032390536220612
483,cds,,,100.0,,pt,,nanoparticle,,,xwt%pt/cds,heat treating,,0.0,photodeposition,,0.0,visible,hg-xe lamp,500.0,500 w,418.0,1,1,0,0,1,1.0,60.0,1 g/l,60.0,30.0,4.1079,30 vol%,25.0,4.0,3950 μmol g⁻¹ h⁻¹,3950.0,10.1002/chem.201501595,https://doi.org/10.1002/chem.201501595,zno/zns heterostructured nanorod arrays and their efficient photocatalytic hydrogen evolution,chemistry a european journal,2015.0,bao et al.,needs_review,catalyst loading calc: 1.0 g/l × 60.0 ml = 60.00 mg; glycerol std: (30.0/100×1261)/92.09 = 4.1079 m; doi resolved via crossref api,high,medium,high,high,medium,high,low,0.625,b70418ea08e32c31,2.42,4.2,8.9,3.0,4.82,5.65,-2.25,139.0,2.28,5.0,8.281723990411392
464,tio2,rgo,,97.0,,pt,1.5,nanoparticle,anatase-rutile,2.52,1.5wt%pt/tio2/rgo,hydrothermal,,0.0,photodeposition,,0.0,uv,hg lamp,450.0,450 w,,0,1,0,1,0,0.25,75.0,0.25 g/l,300.0,20.0,2.7386,20 vol%,30.0,7.0,45405 μmol g⁻¹ h⁻¹,45405.0,10.1166/jnn.2018.14653,https://doi.org/10.1166/jnn.2018.14653,effects of different sacrificial agents and hydrogen production from wastewater by pt-graphene/tio2,journal of nanoscience and nanotechnology,2018.0,nguyen et al.,needs_review,catalyst loading calc: 0.25 g/l × 300.0 ml = 75.00 mg; glycerol std: (20.0/100×1261)/92.09 = 2.7386 m; doi resolved via crossref api,high,medium,high,high,low,high,high,0.625,803312257b5bf01b,3.2,4.21,86.0,1.0,3.89,5.65,-2.25,139.0,2.28,5.0,10.723399533887571
463,tio2,rgo,,95.0,,pt,3.8,nanoparticle,anatase-rutile,2.98,3.8wt%pt/tio2/rgo,hydrothermal,,0.0,photodeposition,,0.0,uv,hg lamp,450.0,450 w,,0,1,0,1,0,0.25,75.0,0.25 g/l,300.0,20.0,2.7386,20 vol%,30.0,7.0,46486 μmol g⁻¹ h⁻¹,46486.0,10.1166/jnn.2018.14653,https://doi.org/10.1166/jnn.2018.14653,effects of different sacrificial agents and hydrogen production from wastewater by pt-graphene/tio2,journal of nanoscience and nanotechnology,2018.0,nguyen et al.,needs_review,catalyst loading calc: 0.25 g/l × 300.0 ml = 75.00 mg; glycerol std: (20.0/100×1261)/92.09 = 2.7386 m; doi resolved via crossref api,high,medium,high,high,low,high,high,0.625,494c3212e048e581,3.2,4.21,86.0,1.0,3.89,5.65,-2.25,139.0,2.28,5.0,10.746927982596027
461,tio2,rgo,,98.0,,pt,3.8,nanoparticle,anatase-rutile,2.89,3.8wt%pt/tio2/rgo,hydrothermal,,0.0,photodeposition,,0.0,uv,hg lamp,450.0,450 w,,0,1,0,1,0,0.25,75.0,0.25 g/l,300.0,20.0,2.7386,20 vol%,30.0,7.0,64505 μmol g⁻¹ h⁻¹,64505.0,10.1166/jnn.2018.14653,https://doi.org/10.1166/jnn.2018.14653,effects of different sacrificial agents and hydrogen production from wastewater by pt-graphene/tio2,journal of nanoscience and nanotechnology,2018.0,nguyen et al.,needs_review,catalyst loading calc: 0.25 g/l × 300.0 ml = 75.00 mg; glycerol std: (20.0/100×1261)/92.09 = 2.7386 m; doi resolved via crossref api,high,medium,high,high,low,high,high,0.625,ff5e551b49eff77c,3.2,4.21,86.0,1.0,3.89,5.65,-2.25,139.0,2.28,5.0,11.074513521713284
460,tio2,rgo,,99.0,,pt,3.8,nanoparticle,anatase-rutile,2.98,3.8wt%pt/tio2/rgo,hydrothermal,,0.0,photodeposition,,0.0,uv,hg lamp,450.0,450 w,,0,1,0,1,0,0.25,75.0,0.25 g/l,300.0,20.0,2.7386,20 vol%,30.0,7.0,41622 μmol g⁻¹ h⁻¹,41622.0,10.1166/jnn.2018.14653,https://doi.org/10.1166/jnn.2018.14653,effects of different sacrificial agents and hydrogen production from wastewater by pt-graphene/tio2,journal of nanoscience and nanotechnology,2018.0,nguyen et al.,needs_review,catalyst loading calc: 0.25 g/l × 300.0 ml = 75.00 mg; glycerol std: (20.0/100×1261)/92.09 = 2.7386 m; doi resolved via crossref api,high,medium,high,high,low,high,high,0.625,60edbb84fb6c12d4,3.2,4.21,86.0,1.0,3.89,5.65,-2.25,139.0,2.28,5.0,10.636408178080352
459,tio2,rgo,,97.0,,pt,3.8,nanoparticle,anatase-rutile,2.52,3.8wt%pt/tio2/rgo,hydrothermal,,0.0,photodeposition,,0.0,uv,hg lamp,450.0,450 w,,0,1,0,1,0,1.0,300.0,1 g/l,300.0,20.0,2.7386,20 vol%,30.0,7.0,46306 μmol g⁻¹ h⁻¹,46306.0,10.1166/jnn.2018.14653,https://doi.org/10.1166/jnn.2018.14653,effects of different sacrificial agents and hydrogen production from wastewater by pt-graphene/tio2,journal of nanoscience and nanotechnology,2018.0,nguyen et al.,needs_review,catalyst loading calc: 1.0 g/l × 300.0 ml = 300.00 mg; glycerol std: (20.0/100×1261)/92.09 = 2.7386 m; doi resolved via crossref api,high,medium,high,high,low,high,high,0.625,9527b04c090124b5,3.2,4.21,86.0,1.0,3.89,5.65,-2.25,139.0,2.28,5.0,10.743048416551554
458,tio2,rgo,,97.0,,pt,3.8,nanoparticle,anatase-rutile,2.52,3.8wt%pt/tio2/rgo,hydrothermal,,0.0,photodeposition,,0.0,uv,hg lamp,450.0,450 w,,0,1,0,1,0,0.75,225.0,0.75 g/l,300.0,20.0,2.7386,20 vol%,30.0,7.0,48288 μmol g⁻¹ h⁻¹,48288.0,10.1166/jnn.2018.14653,https://doi.org/10.1166/jnn.2018.14653,effects of different sacrificial agents and hydrogen production from wastewater by pt-graphene/tio2,journal of nanoscience and nanotechnology,2018.0,nguyen et al.,needs_review,catalyst loading calc: 0.75 g/l × 300.0 ml = 225.00 mg; glycerol std: (20.0/100×1261)/92.09 = 2.7386 m; doi resolved via crossref api,high,medium,high,high,low,high,high,0.625,d1ab042191563ecc,3.2,4.21,86.0,1.0,3.89,5.65,-2.25,139.0,2.28,5.0,10.784959070432006
455,tio2,rgo,,97.0,,pt,3.8,nanoparticle,anatase-rutile,2.52,3.8wt%pt/tio2/rgo,hydrothermal,,0.0,photodeposition,,0.0,uv,hg lamp,450.0,450 w,,0,1,0,1,0,0.1,30.0,0.1 g/l,300.0,20.0,2.7386,20 vol%,30.0,7.0,63964 μmol g⁻¹ h⁻¹,63964.0,10.1166/jnn.2018.14653,https://doi.org/10.1166/jnn.2018.14653,effects of different sacrificial agents and hydrogen production from wastewater by pt-graphene/tio2,journal of nanoscience and nanotechnology,2018.0,nguyen et al.,needs_review,catalyst loading calc: 0.1 g/l × 300.0 ml = 30.00 mg; glycerol std: (20.0/100×1261)/92.09 = 2.7386 m; doi resolved via crossref api,high,medium,high,high,low,high,high,0.625,3a9afa4e9f7f3b42,3.2,4.21,86.0,1.0,3.89,5.65,-2.25,139.0,2.28,5.0,11.066091337751136
415,tio2,,,100.0,,pt,0.5,nanoparticle,anatase,2.95,0.5wt%pt/tio2,,,0.0,impregnation,400.0,2.0,uv,hg lamp,125.0,125 w,,0,1,0,1,0,1.0,85.0,1 g/l,85.0,10.0,1.3693,10 vol%,25.0,6.8,10550 μmol g⁻¹ h⁻¹,10550.0,needs_verification (10.1016/j.cattod.2017.mm.xxx),,"a comparative study of hydrogen photocatalytic production from glycerol and propan-2-ol on m/tio2 systems (m=au, pt, pd)",catalysis today,2017.0,lópez-tenllado et al.,needs_review,catalyst loading calc: 1.0 g/l × 85.0 ml = 85.00 mg; glycerol std: (10.0/100×1261)/92.09 = 1.3693 m,high,medium,high,high,low,high,high,0.625,be8cbbc962457c0f,3.2,4.21,86.0,1.0,3.89,5.65,-2.25,139.0,2.28,5.0,9.263975921142093
414,tio2,,,100.0,,pt,0.5,nanoparticle,anatase,3.08,0.5wt%pt/tio2,,,0.0,photodeposition,400.0,2.0,uv,hg lamp,125.0,125 w,,0,1,0,1,0,1.0,85.0,1 g/l,85.0,10.0,1.3693,10 vol%,25.0,6.8,9289 μmol g⁻¹ h⁻¹,9289.0,needs_verification (10.1016/j.cattod.2017.mm.xxx),,"a comparative study of hydrogen photocatalytic production from glycerol and propan-2-ol on m/tio2 systems (m=au, pt, pd)",catalysis today,2017.0,lópez-tenllado et al.,needs_review,catalyst loading calc: 1.0 g/l × 85.0 ml = 85.00 mg; glycerol std: (10.0/100×1261)/92.09 = 1.3693 m,high,medium,high,high,low,high,high,0.625,db11b1313a137a3c,3.2,4.21,86.0,1.0,3.89,5.65,-2.25,139.0,2.28,5.0,9.136693831807884
413,tio2,,,100.0,,pt,3.0,nanoparticle,anatase,2.91,3wt%pt/tio2,,,0.0,precipitation,400.0,2.0,uv,hg lamp,125.0,125 w,,0,1,0,1,0,1.0,85.0,1 g/l,85.0,10.0,1.3693,10 vol%,25.0,6.8,16972 μmol g⁻¹ h⁻¹,16972.0,needs_verification (10.1016/j.cattod.2017.mm.xxx),,"a comparative study of hydrogen photocatalytic production from glycerol and propan-2-ol on m/tio2 systems (m=au, pt, pd)",catalysis today,2017.0,lópez-tenllado et al.,needs_review,catalyst loading calc: 1.0 g/l × 85.0 ml = 85.00 mg; glycerol std: (10.0/100×1261)/92.09 = 1.3693 m,high,medium,high,high,low,high,high,0.625,5321fe3f52d80ee1,3.2,4.21,86.0,1.0,3.89,5.65,-2.25,139.0,2.28,5.0,9.739379125161532
412,tio2,,,100.0,,pt,1.5,nanoparticle,anatase,3.01,1.5wt%pt/tio2,,,0.0,precipitation,400.0,2.0,uv,hg lamp,125.0,125 w,,0,1,0,1,0,1.0,85.0,1 g/l,85.0,10.0,1.3693,10 vol%,25.0,6.8,15138 μmol g⁻¹ h⁻¹,15138.0,needs_verification (10.1016/j.cattod.2017.mm.xxx),,"a comparative study of hydrogen photocatalytic production from glycerol and propan-2-ol on m/tio2 systems (m=au, pt, pd)",catalysis today,2017.0,lópez-tenllado et al.,needs_review,catalyst loading calc: 1.0 g/l × 85.0 ml = 85.00 mg; glycerol std: (10.0/100×1261)/92.09 = 1.3693 m,high,medium,high,high,low,high,high,0.625,b68fb5a0e481b687,3.2,4.21,86.0,1.0,3.89,5.65,-2.25,139.0,2.28,5.0,9.625029474611878
411,tio2,,,100.0,,pt,0.5,nanoparticle,anatase,3.04,0.5wt%pt/tio2,,,0.0,precipitation,400.0,2.0,uv,hg lamp,125.0,125 w,,0,1,0,1,0,1.0,85.0,1 g/l,85.0,10.0,1.3693,10 vol%,25.0,6.8,12615 μmol g⁻¹ h⁻¹,12615.0,needs_verification (10.1016/j.cattod.2017.mm.xxx),,"a comparative study of hydrogen photocatalytic production from glycerol and propan-2-ol on m/tio2 systems (m=au, pt, pd)",catalysis today,2017.0,lópez-tenllado et al.,needs_review,catalyst loading calc: 1.0 g/l × 85.0 ml = 85.00 mg; glycerol std: (10.0/100×1261)/92.09 = 1.3693 m,high,medium,high,high,low,high,high,0.625,f561864980908abe,3.2,4.21,86.0,1.0,3.89,5.65,-2.25,139.0,2.28,5.0,9.442721128642875
387,tio2,,,100.0,,pt,2.51,nanoparticle,anatase-rutile,,2.51wt%pt/tio2,,,0.0,photodeposition,,0.0,uv,hg lamp,20.0,20 w,,0,1,0,1,0,5.0,25.0,5 g/l,5.0,50.0,6.8466,50 vol%,25.0,7.0,2630 μmol g⁻¹ h⁻¹,2630.0,10.1016/j.apcatb.2017.03.016,https://doi.org/10.1016/j.apcatb.2017.03.016,photocatalytic valorization of glycerol to hydrogen: optimization of operating parameters by artificial neural network,applied catalysis b: environmental,2017.0,estahbanati et al.,needs_review,catalyst loading calc: 5.0 g/l × 5.0 ml = 25.00 mg; glycerol std: (50.0/100×1261)/92.09 = 6.8466 m; doi resolved via crossref api,high,medium,high,high,low,high,low,0.625,76c39437c0ac9b08,3.2,4.21,86.0,1.0,3.89,5.65,-2.25,139.0,2.28,5.0,7.875119281040293
386,tio2,,,100.0,,pt,2.51,nanoparticle,anatase-rutile,,2.51wt%pt/tio2,,,0.0,photodeposition,,0.0,uv,hg lamp,20.0,20 w,,0,1,0,1,0,0.05,0.25,0.05 g/l,5.0,50.0,6.8466,50 vol%,25.0,7.0,44000 μmol g⁻¹ h⁻¹,44000.0,10.1016/j.apcatb.2017.03.016,https://doi.org/10.1016/j.apcatb.2017.03.016,photocatalytic valorization of glycerol to hydrogen: optimization of operating parameters by artificial neural network,applied catalysis b: environmental,2017.0,estahbanati et al.,needs_review,catalyst loading calc: 0.05 g/l × 5.0 ml = 0.25 mg; glycerol std: (50.0/100×1261)/92.09 = 6.8466 m; doi resolved via crossref api,high,medium,high,high,low,high,low,0.625,47e9d996dda01a55,3.2,4.21,86.0,1.0,3.89,5.65,-2.25,139.0,2.28,5.0,10.691967639914864
385,tio2,,,100.0,,pt,0.02,nanoparticle,anatase-rutile,,0.02wt%pt/tio2,,,0.0,photodeposition,,0.0,uv,hg lamp,20.0,20 w,,0,1,0,1,0,2.53,12.65,2.53 g/l,5.0,50.0,6.8466,50 vol%,25.0,7.0,2396 μmol g⁻¹ h⁻¹,2396.0,10.1016/j.apcatb.2017.03.016,https://doi.org/10.1016/j.apcatb.2017.03.016,photocatalytic valorization of glycerol to hydrogen: optimization of operating parameters by artificial neural network,applied catalysis b: environmental,2017.0,estahbanati et al.,needs_review,catalyst loading calc: 2.53 g/l × 5.0 ml = 12.65 mg; glycerol std: (50.0/100×1261)/92.09 = 6.8466 m; doi resolved via crossref api,high,medium,high,high,low,high,low,0.625,620ad0255365f967,3.2,4.21,86.0,1.0,3.89,5.65,-2.25,139.0,2.28,5.0,7.781973234434385
384,tio2,,,100.0,,pt,2.51,nanoparticle,anatase-rutile,,2.51wt%pt/tio2,,,0.0,photodeposition,,0.0,uv,hg lamp,20.0,20 w,,0,1,0,1,0,2.53,12.65,2.53 g/l,5.0,50.0,6.8466,50 vol%,25.0,2.0,5050 μmol g⁻¹ h⁻¹,5050.0,10.1016/j.apcatb.2017.03.016,https://doi.org/10.1016/j.apcatb.2017.03.016,photocatalytic valorization of glycerol to hydrogen: optimization of operating parameters by artificial neural network,applied catalysis b: environmental,2017.0,estahbanati et al.,needs_review,catalyst loading calc: 2.53 g/l × 5.0 ml = 12.65 mg; glycerol std: (50.0/100×1261)/92.09 = 6.8466 m; doi resolved via crossref api,high,medium,high,high,low,high,low,0.625,cbc35ffca85247c2,3.2,4.21,86.0,1.0,3.89,5.65,-2.25,139.0,2.28,5.0,8.527341522468053
383,tio2,,,100.0,,pt,5.0,nanoparticle,anatase-rutile,,5wt%pt/tio2,,,0.0,photodeposition,,0.0,uv,hg lamp,20.0,20 w,,0,1,0,1,0,2.53,12.65,2.53 g/l,5.0,25.25,3.4575,25.25 vol%,25.0,12.0,2416 μmol g⁻¹ h⁻¹,2416.0,10.1016/j.apcatb.2017.03.016,https://doi.org/10.1016/j.apcatb.2017.03.016,photocatalytic valorization of glycerol to hydrogen: optimization of operating parameters by artificial neural network,applied catalysis b: environmental,2017.0,estahbanati et al.,needs_review,catalyst loading calc: 2.53 g/l × 5.0 ml = 12.65 mg; glycerol std: (25.25/100×1261)/92.09 = 3.4575 m; doi resolved via crossref api,high,medium,high,high,low,high,low,0.625,55bbb7fc39b1e4f1,3.2,4.21,86.0,1.0,3.89,5.65,-2.25,139.0,2.28,5.0,7.790282380703483
382,tio2,,,100.0,,pt,2.51,nanoparticle,anatase-rutile,,2.51wt%pt/tio2,,,0.0,photodeposition,,0.0,uv,hg lamp,20.0,20 w,,0,1,0,1,0,5.0,25.0,5 g/l,5.0,25.25,3.4575,25.25 vol%,25.0,12.0,1320 μmol g⁻¹ h⁻¹,1320.0,10.1016/j.apcatb.2017.03.016,https://doi.org/10.1016/j.apcatb.2017.03.016,photocatalytic valorization of glycerol to hydrogen: optimization of operating parameters by artificial neural network,applied catalysis b: environmental,2017.0,estahbanati et al.,needs_review,catalyst loading calc: 5.0 g/l × 5.0 ml = 25.00 mg; glycerol std: (25.25/100×1261)/92.09 = 3.4575 m; doi resolved via crossref api,high,medium,high,high,low,high,low,0.625,f837cfbae05e1ba1,3.2,4.21,86.0,1.0,3.89,5.65,-2.25,139.0,2.28,5.0,7.186144304522325
381,tio2,,,100.0,,pt,2.51,nanoparticle,anatase-rutile,,2.51wt%pt/tio2,,,0.0,photodeposition,,0.0,uv,hg lamp,20.0,20 w,,0,1,0,1,0,0.05,0.25,0.05 g/l,5.0,25.25,3.4575,25.25 vol%,25.0,12.0,14000 μmol g⁻¹ h⁻¹,14000.0,10.1016/j.apcatb.2017.03.016,https://doi.org/10.1016/j.apcatb.2017.03.016,photocatalytic valorization of glycerol to hydrogen: optimization of operating parameters by artificial neural network,applied catalysis b: environmental,2017.0,estahbanati et al.,needs_review,catalyst loading calc: 0.05 g/l × 5.0 ml = 0.25 mg; glycerol std: (25.25/100×1261)/92.09 = 3.4575 m; doi resolved via crossref api,high,medium,high,high,low,high,low,0.625,080515f231c34d61,3.2,4.21,86.0,1.0,3.89,5.65,-2.25,139.0,2.28,5.0,9.546884034617925
380,tio2,,,100.0,,pt,0.02,nanoparticle,anatase-rutile,,0.02wt%pt/tio2,,,0.0,photodeposition,,0.0,uv,hg lamp,20.0,20 w,,0,1,0,1,0,2.53,12.65,2.53 g/l,5.0,25.25,3.4575,25.25 vol%,25.0,12.0,1485 μmol g⁻¹ h⁻¹,1485.0,10.1016/j.apcatb.2017.03.016,https://doi.org/10.1016/j.apcatb.2017.03.016,photocatalytic valorization of glycerol to hydrogen: optimization of operating parameters by artificial neural network,applied catalysis b: environmental,2017.0,estahbanati et al.,needs_review,catalyst loading calc: 2.53 g/l × 5.0 ml = 12.65 mg; glycerol std: (25.25/100×1261)/92.09 = 3.4575 m; doi resolved via crossref api,high,medium,high,high,low,high,low,0.625,c97e57309ea52ddf,3.2,4.21,86.0,1.0,3.89,5.65,-2.25,139.0,2.28,5.0,7.303843225277705
379,tio2,,,100.0,,pt,5.0,nanoparticle,anatase-rutile,,5wt%pt/tio2,,,0.0,photodeposition,,0.0,uv,hg lamp,20.0,20 w,,0,1,0,1,0,5.0,25.0,5 g/l,5.0,25.25,3.4575,25.25 vol%,25.0,7.0,2430 μmol g⁻¹ h⁻¹,2430.0,10.1016/j.apcatb.2017.03.016,https://doi.org/10.1016/j.apcatb.2017.03.016,photocatalytic valorization of glycerol to hydrogen: optimization of operating parameters by artificial neural network,applied catalysis b: environmental,2017.0,estahbanati et al.,needs_review,catalyst loading calc: 5.0 g/l × 5.0 ml = 25.00 mg; glycerol std: (25.25/100×1261)/92.09 = 3.4575 m; doi resolved via crossref api,high,medium,high,high,low,high,low,0.625,9f07a474662e6fea,3.2,4.21,86.0,1.0,3.89,5.65,-2.25,139.0,2.28,5.0,7.796057974316123
371,tio2,,,100.0,,pt,0.02,nanoparticle,anatase-rutile,,0.02wt%pt/tio2,,,0.0,photodeposition,,0.0,uv,hg lamp,20.0,20 w,,0,1,0,1,0,0.05,0.25,0.05 g/l,5.0,25.25,3.4575,25.25 vol%,25.0,7.0,28000 μmol g⁻¹ h⁻¹,28000.0,10.1016/j.apcatb.2017.03.016,https://doi.org/10.1016/j.apcatb.2017.03.016,photocatalytic valorization of glycerol to hydrogen: optimization of operating parameters by artificial neural network,applied catalysis b: environmental,2017.0,estahbanati et al.,needs_review,catalyst loading calc: 0.05 g/l × 5.0 ml = 0.25 mg; glycerol std: (25.25/100×1261)/92.09 = 3.4575 m; doi resolved via crossref api,high,medium,high,high,low,high,low,0.625,5be0ee5b1db23b02,3.2,4.21,86.0,1.0,3.89,5.65,-2.25,139.0,2.28,5.0,10.239995502805316
370,tio2,,,100.0,,pt,5.0,nanoparticle,anatase-rutile,,5wt%pt/tio2,,,0.0,photodeposition,,0.0,uv,hg lamp,20.0,20 w,,0,1,0,1,0,2.53,12.65,2.53 g/l,5.0,25.25,3.4575,25.25 vol%,25.0,2.0,4554 μmol g⁻¹ h⁻¹,4554.0,10.1016/j.apcatb.2017.03.016,https://doi.org/10.1016/j.apcatb.2017.03.016,photocatalytic valorization of glycerol to hydrogen: optimization of operating parameters by artificial neural network,applied catalysis b: environmental,2017.0,estahbanati et al.,needs_review,catalyst loading calc: 2.53 g/l × 5.0 ml = 12.65 mg; glycerol std: (25.25/100×1261)/92.09 = 3.4575 m; doi resolved via crossref api,high,medium,high,high,low,high,low,0.625,0818ea68312a1616,3.2,4.21,86.0,1.0,3.89,5.65,-2.25,139.0,2.28,5.0,8.423980809694058
369,tio2,,,100.0,,pt,2.51,nanoparticle,anatase-rutile,,2.51wt%pt/tio2,,,0.0,photodeposition,,0.0,uv,hg lamp,20.0,20 w,,0,1,0,1,0,5.0,25.0,5 g/l,5.0,25.25,3.4575,25.25 vol%,25.0,2.0,2690 μmol g⁻¹ h⁻¹,2690.0,10.1016/j.apcatb.2017.03.016,https://doi.org/10.1016/j.apcatb.2017.03.016,photocatalytic valorization of glycerol to hydrogen: optimization of operating parameters by artificial neural network,applied catalysis b: environmental,2017.0,estahbanati et al.,needs_review,catalyst loading calc: 5.0 g/l × 5.0 ml = 25.00 mg; glycerol std: (25.25/100×1261)/92.09 = 3.4575 m; doi resolved via crossref api,high,medium,high,high,low,high,low,0.625,a470a6eebff8c3c9,3.2,4.21,86.0,1.0,3.89,5.65,-2.25,139.0,2.28,5.0,7.897668150726906
368,tio2,,,100.0,,pt,2.51,nanoparticle,anatase-rutile,,2.51wt%pt/tio2,,,0.0,photodeposition,,0.0,uv,hg lamp,20.0,20 w,,0,1,0,1,0,0.05,0.25,0.05 g/l,5.0,25.25,3.4575,25.25 vol%,25.0,2.0,25000 μmol g⁻¹ h⁻¹,25000.0,10.1016/j.apcatb.2017.03.016,https://doi.org/10.1016/j.apcatb.2017.03.016,photocatalytic valorization of glycerol to hydrogen: optimization of operating parameters by artificial neural network,applied catalysis b: environmental,2017.0,estahbanati et al.,needs_review,catalyst loading calc: 0.05 g/l × 5.0 ml = 0.25 mg; glycerol std: (25.25/100×1261)/92.09 = 3.4575 m; doi resolved via crossref api,high,medium,high,high,low,high,low,0.625,3f3c468cded1e5e0,3.2,4.21,86.0,1.0,3.89,5.65,-2.25,139.0,2.28,5.0,10.12667110305036
367,tio2,,,100.0,,pt,0.02,nanoparticle,anatase-rutile,,0.02wt%pt/tio2,,,0.0,photodeposition,,0.0,uv,hg lamp,20.0,20 w,,0,1,0,1,0,2.53,12.65,2.53 g/l,5.0,25.25,3.4575,25.25 vol%,25.0,2.0,2040 μmol g⁻¹ h⁻¹,2040.0,10.1039/c4ta06052k,https://doi.org/10.1039/c4ta06052k,photocatalytic reforming of glycerol for h2 evolution on pt/tio2: fundamental understanding the effect of co-catalyst pt and the pt deposition route,journal of materials chemistry a,2015.0,jiang et al.,needs_review,catalyst loading calc: 2.53 g/l × 5.0 ml = 12.65 mg; glycerol std: (25.25/100×1261)/92.09 = 3.4575 m; doi resolved via crossref api,high,medium,high,high,low,high,low,0.625,934085d6c63483fe,3.2,4.21,86.0,1.0,3.89,5.65,-2.25,139.0,2.28,5.0,7.621195162809845
366,tio2,,,100.0,,pt,2.51,nanoparticle,anatase-rutile,,2.51wt%pt/tio2,,,0.0,photodeposition,,0.0,uv,hg lamp,20.0,20 w,,0,1,0,1,0,2.53,12.65,2.53 g/l,5.0,0.5,0.0685,0.5 vol%,25.0,12.0,1129 μmol g⁻¹ h⁻¹,1129.0,10.1016/j.apcatb.2017.03.016,https://doi.org/10.1016/j.apcatb.2017.03.016,photocatalytic valorization of glycerol to hydrogen: optimization of operating parameters by artificial neural network,applied catalysis b: environmental,2017.0,estahbanati et al.,needs_review,catalyst loading calc: 2.53 g/l × 5.0 ml = 12.65 mg; glycerol std: (0.5/100×1261)/92.09 = 0.0685 m; doi resolved via crossref api,high,medium,high,high,low,high,low,0.625,5c4ceda508c39af7,3.2,4.21,86.0,1.0,3.89,5.65,-2.25,139.0,2.28,5.0,7.029972911706386
365,tio2,,,100.0,,pt,5.0,nanoparticle,anatase-rutile,,5wt%pt/tio2,,,0.0,photodeposition,,0.0,uv,hg lamp,20.0,20 w,,0,1,0,1,0,2.53,12.65,2.53 g/l,5.0,0.5,0.0685,0.5 vol%,25.0,7.0,3604 μmol g⁻¹ h⁻¹,3604.0,10.1016/j.apcatb.2017.03.016,https://doi.org/10.1016/j.apcatb.2017.03.016,photocatalytic valorization of glycerol to hydrogen: optimization of operating parameters by artificial neural network,applied catalysis b: environmental,2017.0,estahbanati et al.,needs_review,catalyst loading calc: 2.53 g/l × 5.0 ml = 12.65 mg; glycerol std: (0.5/100×1261)/92.09 = 0.0685 m; doi resolved via crossref api,high,medium,high,high,low,high,low,0.625,e8daced1be988af5,3.2,4.21,86.0,1.0,3.89,5.65,-2.25,139.0,2.28,5.0,8.190077049719049
364,tio2,,,100.0,,pt,2.51,nanoparticle,anatase-rutile,,2.51wt%pt/tio2,,,0.0,photodeposition,,0.0,uv,hg lamp,20.0,20 w,,0,1,0,1,0,5.0,25.0,5 g/l,5.0,0.5,0.0685,0.5 vol%,25.0,7.0,2110 μmol g⁻¹ h⁻¹,2110.0,10.1016/j.apcatb.2017.03.016,https://doi.org/10.1016/j.apcatb.2017.03.016,photocatalytic valorization of glycerol to hydrogen: optimization of operating parameters by artificial neural network,applied catalysis b: environmental,2017.0,estahbanati et al.,needs_review,catalyst loading calc: 5.0 g/l × 5.0 ml = 25.00 mg; glycerol std: (0.5/100×1261)/92.09 = 0.0685 m; doi resolved via crossref api,high,medium,high,high,low,high,low,0.625,37affa74cc116a17,3.2,4.21,86.0,1.0,3.89,5.65,-2.25,139.0,2.28,5.0,7.65491704784832
363,tio2,,,100.0,,pt,2.51,nanoparticle,anatase-rutile,,2.51wt%pt/tio2,,,0.0,photodeposition,,0.0,uv,hg lamp,20.0,20 w,,0,1,0,1,0,0.05,0.25,0.05 g/l,5.0,0.5,0.0685,0.5 vol%,25.0,7.0,28000 μmol g⁻¹ h⁻¹,28000.0,10.1016/j.apcatb.2017.03.016,https://doi.org/10.1016/j.apcatb.2017.03.016,photocatalytic valorization of glycerol to hydrogen: optimization of operating parameters by artificial neural network,applied catalysis b: environmental,2017.0,estahbanati et al.,needs_review,catalyst loading calc: 0.05 g/l × 5.0 ml = 0.25 mg; glycerol std: (0.5/100×1261)/92.09 = 0.0685 m; doi resolved via crossref api,high,medium,high,high,low,high,low,0.625,7cea42cfa4a1e3f4,3.2,4.21,86.0,1.0,3.89,5.65,-2.25,139.0,2.28,5.0,10.239995502805316
389,tio2,,,100.0,,pt,2.51,nanoparticle,anatase-rutile,,2.51wt%pt/tio2,,,0.0,photodeposition,,0.0,uv,hg lamp,20.0,20 w,,0,1,0,1,0,2.53,12.65,2.53 g/l,5.0,50.0,6.8466,50 vol%,25.0,12.0,2079 μmol g⁻¹ h⁻¹,2079.0,10.1016/j.apcatb.2017.03.016,https://doi.org/10.1016/j.apcatb.2017.03.016,photocatalytic valorization of glycerol to hydrogen: optimization of operating parameters by artificial neural network,applied catalysis b: environmental,2017.0,estahbanati et al.,needs_review,catalyst loading calc: 2.53 g/l × 5.0 ml = 12.65 mg; glycerol std: (50.0/100×1261)/92.09 = 6.8466 m; doi resolved via crossref api,high,medium,high,high,low,high,low,0.625,03045323e9405a31,3.2,4.21,86.0,1.0,3.89,5.65,-2.25,139.0,2.28,5.0,7.640123172695364
388,tio2,,,100.0,,pt,5.0,nanoparticle,anatase-rutile,,5wt%pt/tio2,,,0.0,photodeposition,,0.0,uv,hg lamp,20.0,20 w,,0,1,0,1,0,2.53,12.65,2.53 g/l,5.0,50.0,6.8466,50 vol%,25.0,7.0,5386 μmol g⁻¹ h⁻¹,5386.0,10.1016/j.apcatb.2017.03.016,https://doi.org/10.1016/j.apcatb.2017.03.016,photocatalytic valorization of glycerol to hydrogen: optimization of operating parameters by artificial neural network,applied catalysis b: environmental,2017.0,estahbanati et al.,needs_review,catalyst loading calc: 2.53 g/l × 5.0 ml = 12.65 mg; glycerol std: (50.0/100×1261)/92.09 = 6.8466 m; doi resolved via crossref api,high,medium,high,high,low,high,low,0.625,115e91627711ac8b,3.2,4.21,86.0,1.0,3.89,5.65,-2.25,139.0,2.28,5.0,8.591743922680534
354,tio2,,,100.0,,pt,1.0,nanoparticle,anatase-rutile,,1wt%pt/tio2,,,0.0,photodeposition,,0.0,uv,hg lamp,20.0,20 w,,0,1,0,1,0,1.0,5.0,1 g/l,5.0,10.0,1.3693,10 vol%,25.0,9.0,5.4 μmol g⁻¹ h⁻¹,5.4,10.1016/j.ijhydene.2018.12.095,https://doi.org/10.1016/j.ijhydene.2018.12.095,la-modified tio2/carbon nanotubes assembly nanocomposite for efficient photocatalytic hydrogen evolution from glycerol-water mixture,international journal of hydrogen energy,2019.0,tahir,needs_review,catalyst loading calc: 1.0 g/l × 5.0 ml = 5.00 mg; glycerol std: (10.0/100×1261)/92.09 = 1.3693 m; doi resolved via crossref api,high,medium,high,high,low,high,low,0.625,f3e96dae5001a17b,3.2,4.21,86.0,1.0,3.89,5.65,-2.25,139.0,2.28,5.0,1.8562979903656263
353,tio2,,,100.0,,pt,1.0,nanoparticle,anatase-rutile,,1wt%pt/tio2,,,0.0,photodeposition,,0.0,uv,hg lamp,20.0,20 w,,0,1,0,1,0,1.0,5.0,1 g/l,5.0,10.0,1.3693,10 vol%,25.0,8.5,5.3 μmol g⁻¹ h⁻¹,5.3,10.1016/j.ijhydene.2018.12.095,https://doi.org/10.1016/j.ijhydene.2018.12.095,la-modified tio2/carbon nanotubes assembly nanocomposite for efficient photocatalytic hydrogen evolution from glycerol-water mixture,international journal of hydrogen energy,2019.0,tahir,needs_review,catalyst loading calc: 1.0 g/l × 5.0 ml = 5.00 mg; glycerol std: (10.0/100×1261)/92.09 = 1.3693 m; doi resolved via crossref api,high,medium,high,high,low,high,low,0.625,5be5874d133603d8,3.2,4.21,86.0,1.0,3.89,5.65,-2.25,139.0,2.28,5.0,1.840549633397487
351,tio2,,,100.0,,pt,1.0,nanoparticle,anatase-rutile,,1wt%pt/tio2,,,0.0,photodeposition,,0.0,uv,hg lamp,20.0,20 w,,0,1,0,1,0,1.0,5.0,1 g/l,5.0,10.0,1.3693,10 vol%,25.0,7.5,4.5 μmol g⁻¹ h⁻¹,4.5,10.1016/j.ijhydene.2018.12.095,https://doi.org/10.1016/j.ijhydene.2018.12.095,la-modified tio2/carbon nanotubes assembly nanocomposite for efficient photocatalytic hydrogen evolution from glycerol-water mixture,international journal of hydrogen energy,2019.0,tahir,needs_review,catalyst loading calc: 1.0 g/l × 5.0 ml = 5.00 mg; glycerol std: (10.0/100×1261)/92.09 = 1.3693 m; doi resolved via crossref api,high,medium,high,high,low,high,low,0.625,dda1d50aeec4d13b,3.2,4.21,86.0,1.0,3.89,5.65,-2.25,139.0,2.28,5.0,1.7047480922384253
345,tio2,,,100.0,,pt,1.0,nanoparticle,anatase-rutile,,1wt%pt/tio2,,,0.0,photodeposition,,0.0,uv,hg lamp,20.0,20 w,,0,1,0,1,0,1.0,5.0,1 g/l,5.0,10.0,1.3693,10 vol%,25.0,4.5,3.3 μmol g⁻¹ h⁻¹,3.3,10.1016/j.ijhydene.2018.12.095,https://doi.org/10.1016/j.ijhydene.2018.12.095,la-modified tio2/carbon nanotubes assembly nanocomposite for efficient photocatalytic hydrogen evolution from glycerol-water mixture,international journal of hydrogen energy,2019.0,tahir,needs_review,catalyst loading calc: 1.0 g/l × 5.0 ml = 5.00 mg; glycerol std: (10.0/100×1261)/92.09 = 1.3693 m; doi resolved via crossref api,high,medium,high,high,low,high,low,0.625,285e4dd79371b269,3.2,4.21,86.0,1.0,3.89,5.65,-2.25,139.0,2.28,5.0,1.4586150226995167
343,tio2,,,100.0,,pt,1.0,nanoparticle,anatase-rutile,,1wt%pt/tio2,,,0.0,photodeposition,,0.0,uv,hg lamp,20.0,20 w,,0,1,0,1,0,1.0,5.0,1 g/l,5.0,10.0,1.3693,10 vol%,25.0,3.5,3.6 μmol g⁻¹ h⁻¹,3.6,10.1016/j.ijhydene.2018.12.095,https://doi.org/10.1016/j.ijhydene.2018.12.095,la-modified tio2/carbon nanotubes assembly nanocomposite for efficient photocatalytic hydrogen evolution from glycerol-water mixture,international journal of hydrogen energy,2019.0,tahir,needs_review,catalyst loading calc: 1.0 g/l × 5.0 ml = 5.00 mg; glycerol std: (10.0/100×1261)/92.09 = 1.3693 m; doi resolved via crossref api,high,medium,high,high,low,high,low,0.625,eebdd16ed18639cf,3.2,4.21,86.0,1.0,3.89,5.65,-2.25,139.0,2.28,5.0,1.5260563034950492
339,tio2,,,100.0,,pt,1.0,nanoparticle,anatase-rutile,,1wt%pt/tio2,,,0.0,impregnation,,0.0,visible,xe lamp,300.0,300 w,420.0,1,0,0,0,1,0.6,93.0,0.6 g/l,155.0,3.2,0.4382,3.2 vol%,10.0,3.5,2930 μmol g⁻¹ h⁻¹,2930.0,10.1039/c4ta06052k,https://doi.org/10.1039/c4ta06052k,photocatalytic reforming of glycerol for h2 evolution on pt/tio2: fundamental understanding the effect of co-catalyst pt and the pt deposition route,journal of materials chemistry a,2015.0,jiang et al.,needs_review,"catalyst loading calc: 0.6 g/l × 155.0 ml = 93.00 mg; glycerol std: (3.2/100×1261)/92.09 = 0.4382 m; wavelength_cutoff_nm=420nm inferred (xe lamp, visible cutoff); doi resolved via crossref api",high,medium,high,high,medium,high,low,0.625,f5b5d481f9ec3e42,3.2,4.21,86.0,1.0,3.89,5.65,-2.25,139.0,2.28,5.0,7.983098940710892
338,tio2,,,100.0,,pt,1.0,nanoparticle,anatase-rutile,,1wt%pt/tio2,,,0.0,impregnation,,0.0,visible,xe lamp,300.0,300 w,420.0,1,0,0,0,1,0.6,93.0,0.6 g/l,155.0,3.2,0.4382,3.2 vol%,10.0,3.5,3300 μmol g⁻¹ h⁻¹,3300.0,10.1039/c4ta06052k,https://doi.org/10.1039/c4ta06052k,photocatalytic reforming of glycerol for h2 evolution on pt/tio2: fundamental understanding the effect of co-catalyst pt and the pt deposition route,journal of materials chemistry a,2015.0,jiang et al.,needs_review,"catalyst loading calc: 0.6 g/l × 155.0 ml = 93.00 mg; glycerol std: (3.2/100×1261)/92.09 = 0.4382 m; wavelength_cutoff_nm=420nm inferred (xe lamp, visible cutoff); doi resolved via crossref api",high,medium,high,high,medium,high,low,0.625,e0a77be97f734407,3.2,4.21,86.0,1.0,3.89,5.65,-2.25,139.0,2.28,5.0,8.101980731853192
337,tio2,,,100.0,,pt,1.0,nanoparticle,anatase-rutile,,1wt%pt/tio2,,,0.0,photodeposition,,0.0,visible,xe lamp,300.0,300 w,420.0,1,0,0,0,1,0.6,93.0,0.6 g/l,155.0,3.2,0.4382,3.2 vol%,10.0,3.5,2040 μmol g⁻¹ h⁻¹,2040.0,10.1039/c4ta06052k,https://doi.org/10.1039/c4ta06052k,photocatalytic reforming of glycerol for h2 evolution on pt/tio2: fundamental understanding the effect of co-catalyst pt and the pt deposition route,journal of materials chemistry a,2015.0,jiang et al.,needs_review,"catalyst loading calc: 0.6 g/l × 155.0 ml = 93.00 mg; glycerol std: (3.2/100×1261)/92.09 = 0.4382 m; wavelength_cutoff_nm=420nm inferred (xe lamp, visible cutoff); doi resolved via crossref api",high,medium,high,high,medium,high,low,0.625,b0b526f9203530db,3.2,4.21,86.0,1.0,3.89,5.65,-2.25,139.0,2.28,5.0,7.621195162809845
336,tio2,,,100.0,,pt,1.0,nanoparticle,anatase-rutile,,1wt%pt/tio2,,,0.0,photodeposition,,0.0,visible,xe lamp,300.0,300 w,420.0,1,0,0,0,1,0.6,93.0,0.6 g/l,155.0,3.2,0.4382,3.2 vol%,10.0,3.5,4280 μmol g⁻¹ h⁻¹,4280.0,10.1039/c4ta06052k,https://doi.org/10.1039/c4ta06052k,photocatalytic reforming of glycerol for h2 evolution on pt/tio2: fundamental understanding the effect of co-catalyst pt and the pt deposition route,journal of materials chemistry a,2015.0,jiang et al.,needs_review,"catalyst loading calc: 0.6 g/l × 155.0 ml = 93.00 mg; glycerol std: (3.2/100×1261)/92.09 = 0.4382 m; wavelength_cutoff_nm=420nm inferred (xe lamp, visible cutoff); doi resolved via crossref api",high,medium,high,high,medium,high,low,0.625,96745c3de77aff24,3.2,4.21,86.0,1.0,3.89,5.65,-2.25,139.0,2.28,5.0,8.361941906144946
378,tio2,,,100.0,,pt,5.0,nanoparticle,anatase-rutile,,5wt%pt/tio2,,,0.0,photodeposition,,0.0,uv,hg lamp,20.0,20 w,,0,1,0,1,0,0.05,0.25,0.05 g/l,5.0,25.25,3.4575,25.25 vol%,25.0,7.0,56000 μmol g⁻¹ h⁻¹,56000.0,10.1016/j.apcatb.2017.03.016,https://doi.org/10.1016/j.apcatb.2017.03.016,photocatalytic valorization of glycerol to hydrogen: optimization of operating parameters by artificial neural network,applied catalysis b: environmental,2017.0,estahbanati et al.,needs_review,catalyst loading calc: 0.05 g/l × 5.0 ml = 0.25 mg; glycerol std: (25.25/100×1261)/92.09 = 3.4575 m; doi resolved via crossref api,high,medium,high,high,low,high,low,0.625,0f29a4e887b5c416,3.2,4.21,86.0,1.0,3.89,5.65,-2.25,139.0,2.28,5.0,10.933124826700707
377,tio2,,,100.0,,pt,2.51,nanoparticle,anatase-rutile,,2.51wt%pt/tio2,,,0.0,photodeposition,,0.0,uv,hg lamp,20.0,20 w,,0,1,0,1,0,2.53,12.65,2.53 g/l,5.0,25.25,3.4575,25.25 vol%,25.0,7.0,4812 μmol g⁻¹ h⁻¹,4812.0,10.1016/j.apcatb.2017.03.016,https://doi.org/10.1016/j.apcatb.2017.03.016,photocatalytic valorization of glycerol to hydrogen: optimization of operating parameters by artificial neural network,applied catalysis b: environmental,2017.0,estahbanati et al.,needs_review,catalyst loading calc: 2.53 g/l × 5.0 ml = 12.65 mg; glycerol std: (25.25/100×1261)/92.09 = 3.4575 m; doi resolved via crossref api,high,medium,high,high,low,high,low,0.625,9bd0849775ffa2c4,3.2,4.21,86.0,1.0,3.89,5.65,-2.25,139.0,2.28,5.0,8.47907586930311
376,tio2,,,100.0,,pt,2.51,nanoparticle,anatase-rutile,,2.51wt%pt/tio2,,,0.0,photodeposition,,0.0,uv,hg lamp,20.0,20 w,,0,1,0,1,0,2.53,12.65,2.53 g/l,5.0,25.25,3.4575,25.25 vol%,25.0,7.0,4693 μmol g⁻¹ h⁻¹,4693.0,10.1016/j.apcatb.2017.03.016,https://doi.org/10.1016/j.apcatb.2017.03.016,photocatalytic valorization of glycerol to hydrogen: optimization of operating parameters by artificial neural network,applied catalysis b: environmental,2017.0,estahbanati et al.,needs_review,catalyst loading calc: 2.53 g/l × 5.0 ml = 12.65 mg; glycerol std: (25.25/100×1261)/92.09 = 3.4575 m; doi resolved via crossref api,high,medium,high,high,low,high,low,0.625,a9291aa454991113,3.2,4.21,86.0,1.0,3.89,5.65,-2.25,139.0,2.28,5.0,8.454040376410969
375,tio2,,,100.0,,pt,2.51,nanoparticle,anatase-rutile,,2.51wt%pt/tio2,,,0.0,photodeposition,,0.0,uv,hg lamp,20.0,20 w,,0,1,0,1,0,2.53,12.65,2.53 g/l,5.0,25.25,3.4575,25.25 vol%,25.0,7.0,5010 μmol g⁻¹ h⁻¹,5010.0,10.1016/j.apcatb.2017.03.016,https://doi.org/10.1016/j.apcatb.2017.03.016,photocatalytic valorization of glycerol to hydrogen: optimization of operating parameters by artificial neural network,applied catalysis b: environmental,2017.0,estahbanati et al.,needs_review,catalyst loading calc: 2.53 g/l × 5.0 ml = 12.65 mg; glycerol std: (25.25/100×1261)/92.09 = 3.4575 m; doi resolved via crossref api,high,medium,high,high,low,high,low,0.625,120162182432b72c,3.2,4.21,86.0,1.0,3.89,5.65,-2.25,139.0,2.28,5.0,8.519390774959724
374,tio2,,,100.0,,pt,2.51,nanoparticle,anatase-rutile,,2.51wt%pt/tio2,,,0.0,photodeposition,,0.0,uv,hg lamp,20.0,20 w,,0,1,0,1,0,2.53,12.65,2.53 g/l,5.0,25.25,3.4575,25.25 vol%,25.0,7.0,4891 μmol g⁻¹ h⁻¹,4891.0,10.1016/j.apcatb.2017.03.016,https://doi.org/10.1016/j.apcatb.2017.03.016,photocatalytic valorization of glycerol to hydrogen: optimization of operating parameters by artificial neural network,applied catalysis b: environmental,2017.0,estahbanati et al.,needs_review,catalyst loading calc: 2.53 g/l × 5.0 ml = 12.65 mg; glycerol std: (25.25/100×1261)/92.09 = 3.4575 m; doi resolved via crossref api,high,medium,high,high,low,high,low,0.625,f10e3d2f07b64112,3.2,4.21,86.0,1.0,3.89,5.65,-2.25,139.0,2.28,5.0,8.495356496807062
373,tio2,,,100.0,,pt,2.51,nanoparticle,anatase-rutile,,2.51wt%pt/tio2,,,0.0,photodeposition,,0.0,uv,hg lamp,20.0,20 w,,0,1,0,1,0,2.53,12.65,2.53 g/l,5.0,25.25,3.4575,25.25 vol%,25.0,7.0,5050 μmol g⁻¹ h⁻¹,5050.0,10.1016/j.apcatb.2017.03.016,https://doi.org/10.1016/j.apcatb.2017.03.016,photocatalytic valorization of glycerol to hydrogen: optimization of operating parameters by artificial neural network,applied catalysis b: environmental,2017.0,estahbanati et al.,needs_review,catalyst loading calc: 2.53 g/l × 5.0 ml = 12.65 mg; glycerol std: (25.25/100×1261)/92.09 = 3.4575 m; doi resolved via crossref api,high,medium,high,high,low,high,low,0.625,3465e210b974a26d,3.2,4.21,86.0,1.0,3.89,5.65,-2.25,139.0,2.28,5.0,8.527341522468053
372,tio2,,,100.0,,pt,0.02,nanoparticle,anatase-rutile,,0.02wt%pt/tio2,,,0.0,photodeposition,,0.0,uv,hg lamp,20.0,20 w,,0,1,0,1,0,5.0,25.0,5 g/l,5.0,25.25,3.4575,25.25 vol%,25.0,7.0,1450 μmol g⁻¹ h⁻¹,1450.0,10.1016/j.apcatb.2017.03.016,https://doi.org/10.1016/j.apcatb.2017.03.016,photocatalytic valorization of glycerol to hydrogen: optimization of operating parameters by artificial neural network,applied catalysis b: environmental,2017.0,estahbanati et al.,needs_review,catalyst loading calc: 5.0 g/l × 5.0 ml = 25.00 mg; glycerol std: (25.25/100×1261)/92.09 = 3.4575 m; doi resolved via crossref api,high,medium,high,high,low,high,low,0.625,71bf33296d60e870,3.2,4.21,86.0,1.0,3.89,5.65,-2.25,139.0,2.28,5.0,7.280008252884188
328,tio2,,,100.0,,pt,0.5,nanoparticle,anatase,,0.5wt%pt/tio2,,,0.0,photodeposition,,0.0,uv,hg lamp,250.0,250 w,,0,1,0,1,0,0.4,40.0,0.4 g/l,100.0,89.6,12.269,89.6 vol%,25.0,6.4,330.82 μmol g⁻¹ h⁻¹,330.82,10.1007/s11458-009-0019-6,https://doi.org/10.1007/s11458-009-0019-6,photocatalytic hydrogen generation using glycerol wastewater over pt/tio2,chemistry in china,2009.0,li et al.,needs_review,catalyst loading calc: 0.4 g/l × 100.0 ml = 40.00 mg; glycerol std: (89.6/100×1261)/92.09 = 12.2690 m; doi resolved via crossref api,high,medium,high,high,low,high,low,0.625,4db5084f21b40f9a,3.2,4.21,86.0,1.0,3.89,5.65,-2.25,139.0,2.28,5.0,5.8045926532152095
327,tio2,,,100.0,,pt,0.5,nanoparticle,anatase,,0.5wt%pt/tio2,,,0.0,photodeposition,,0.0,uv,hg lamp,250.0,250 w,,0,1,0,1,0,0.4,40.0,0.4 g/l,100.0,44.8,6.1345,44.8 vol%,25.0,6.4,330.82 μmol g⁻¹ h⁻¹,330.82,10.1007/s11458-009-0019-6,https://doi.org/10.1007/s11458-009-0019-6,photocatalytic hydrogen generation using glycerol wastewater over pt/tio2,chemistry in china,2009.0,li et al.,needs_review,catalyst loading calc: 0.4 g/l × 100.0 ml = 40.00 mg; glycerol std: (44.8/100×1261)/92.09 = 6.1345 m; doi resolved via crossref api,high,medium,high,high,low,high,low,0.625,9d7c8dbe0fc0d370,3.2,4.21,86.0,1.0,3.89,5.65,-2.25,139.0,2.28,5.0,5.8045926532152095
326,tio2,,,100.0,,pt,0.5,nanoparticle,anatase,,0.5wt%pt/tio2,,,0.0,photodeposition,,0.0,uv,hg lamp,250.0,250 w,,0,1,0,1,0,0.4,40.0,0.4 g/l,100.0,33.6,4.6009,33.6 vol%,25.0,6.4,327.19 μmol g⁻¹ h⁻¹,327.19,10.1007/s11458-009-0019-6,https://doi.org/10.1007/s11458-009-0019-6,photocatalytic hydrogen generation using glycerol wastewater over pt/tio2,chemistry in china,2009.0,li et al.,needs_review,catalyst loading calc: 0.4 g/l × 100.0 ml = 40.00 mg; glycerol std: (33.6/100×1261)/92.09 = 4.6009 m; doi resolved via crossref api,high,medium,high,high,low,high,low,0.625,74ae5451e980bc11,3.2,4.21,86.0,1.0,3.89,5.65,-2.25,139.0,2.28,5.0,5.793592708965712
325,tio2,,,100.0,,pt,0.5,nanoparticle,anatase,,0.5wt%pt/tio2,,,0.0,photodeposition,,0.0,uv,hg lamp,250.0,250 w,,0,1,0,1,0,0.4,40.0,0.4 g/l,100.0,22.4,3.0673,22.4 vol%,25.0,6.4,310.88 μmol g⁻¹ h⁻¹,310.88,10.1007/s11458-009-0019-6,https://doi.org/10.1007/s11458-009-0019-6,photocatalytic hydrogen generation using glycerol wastewater over pt/tio2,chemistry in china,2009.0,li et al.,needs_review,catalyst loading calc: 0.4 g/l × 100.0 ml = 40.00 mg; glycerol std: (22.4/100×1261)/92.09 = 3.0673 m; doi resolved via crossref api,high,medium,high,high,low,high,low,0.625,e37c8d52ae7b78ae,3.2,4.21,86.0,1.0,3.89,5.65,-2.25,139.0,2.28,5.0,5.7426184984413995
324,tio2,,,100.0,,pt,0.5,nanoparticle,anatase,,0.5wt%pt/tio2,,,0.0,photodeposition,,0.0,uv,hg lamp,250.0,250 w,,0,1,0,1,0,0.4,40.0,0.4 g/l,100.0,17.92,2.4538,17.92 vol%,25.0,6.4,299.09 μmol g⁻¹ h⁻¹,299.09,10.1007/s11458-009-0019-6,https://doi.org/10.1007/s11458-009-0019-6,photocatalytic hydrogen generation using glycerol wastewater over pt/tio2,chemistry in china,2009.0,li et al.,needs_review,catalyst loading calc: 0.4 g/l × 100.0 ml = 40.00 mg; glycerol std: (17.92/100×1261)/92.09 = 2.4538 m; doi resolved via crossref api,high,medium,high,high,low,high,low,0.625,88a8738f9d3c9969,3.2,4.21,86.0,1.0,3.89,5.65,-2.25,139.0,2.28,5.0,5.704082429665199
323,tio2,,,100.0,,pt,0.5,nanoparticle,anatase,,0.5wt%pt/tio2,,,0.0,photodeposition,,0.0,uv,hg lamp,250.0,250 w,,0,1,0,1,0,0.4,40.0,0.4 g/l,100.0,15.68,2.1471,15.68 vol%,25.0,6.4,280.06 μmol g⁻¹ h⁻¹,280.06,10.1007/s11458-009-0019-6,https://doi.org/10.1007/s11458-009-0019-6,photocatalytic hydrogen generation using glycerol wastewater over pt/tio2,chemistry in china,2009.0,li et al.,needs_review,catalyst loading calc: 0.4 g/l × 100.0 ml = 40.00 mg; glycerol std: (15.68/100×1261)/92.09 = 2.1471 m; doi resolved via crossref api,high,medium,high,high,low,high,low,0.625,9e9fd5123f41a201,3.2,4.21,86.0,1.0,3.89,5.65,-2.25,139.0,2.28,5.0,5.638568169672599
322,tio2,,,100.0,,pt,0.5,nanoparticle,anatase,,0.5wt%pt/tio2,,,0.0,photodeposition,,0.0,uv,hg lamp,250.0,250 w,,0,1,0,1,0,0.4,40.0,0.4 g/l,100.0,13.44,1.8404,13.44 vol%,25.0,6.4,251.06 μmol g⁻¹ h⁻¹,251.06,10.1007/s11458-009-0019-6,https://doi.org/10.1007/s11458-009-0019-6,photocatalytic hydrogen generation using glycerol wastewater over pt/tio2,chemistry in china,2009.0,li et al.,needs_review,catalyst loading calc: 0.4 g/l × 100.0 ml = 40.00 mg; glycerol std: (13.44/100×1261)/92.09 = 1.8404 m; doi resolved via crossref api,high,medium,high,high,low,high,low,0.625,2ca1a49a76bae866,3.2,4.21,86.0,1.0,3.89,5.65,-2.25,139.0,2.28,5.0,5.529667154409346
321,tio2,,,100.0,,pt,0.5,nanoparticle,anatase,,0.5wt%pt/tio2,,,0.0,photodeposition,,0.0,uv,hg lamp,250.0,250 w,,0,1,0,1,0,0.4,40.0,0.4 g/l,100.0,11.2,1.5336,11.2 vol%,25.0,6.4,154.08 μmol g⁻¹ h⁻¹,154.08,10.1007/s11458-009-0019-6,https://doi.org/10.1007/s11458-009-0019-6,photocatalytic hydrogen generation using glycerol wastewater over pt/tio2,chemistry in china,2009.0,li et al.,needs_review,catalyst loading calc: 0.4 g/l × 100.0 ml = 40.00 mg; glycerol std: (11.2/100×1261)/92.09 = 1.5336 m; doi resolved via crossref api,high,medium,high,high,low,high,low,0.625,44a8c85b21817685,3.2,4.21,86.0,1.0,3.89,5.65,-2.25,139.0,2.28,5.0,5.043941112802728
320,tio2,,,100.0,,pt,0.5,nanoparticle,anatase,,0.5wt%pt/tio2,,,0.0,photodeposition,,0.0,uv,hg lamp,250.0,250 w,,0,1,0,1,0,0.4,40.0,0.4 g/l,100.0,6.72,0.9202,6.72 vol%,25.0,6.4,74.32 μmol g⁻¹ h⁻¹,74.32,10.1007/s11458-009-0019-6,https://doi.org/10.1007/s11458-009-0019-6,photocatalytic hydrogen generation using glycerol wastewater over pt/tio2,chemistry in china,2009.0,li et al.,needs_review,catalyst loading calc: 0.4 g/l × 100.0 ml = 40.00 mg; glycerol std: (6.72/100×1261)/92.09 = 0.9202 m; doi resolved via crossref api,high,medium,high,high,low,high,low,0.625,e49738b6bc881a3e,3.2,4.21,86.0,1.0,3.89,5.65,-2.25,139.0,2.28,5.0,4.3217457037889515
362,tio2,,,100.0,,pt,0.02,nanoparticle,anatase-rutile,,0.02wt%pt/tio2,,,0.0,photodeposition,,0.0,uv,hg lamp,20.0,20 w,,0,1,0,1,0,2.53,12.65,2.53 g/l,5.0,0.5,0.0685,0.5 vol%,25.0,7.0,2455 μmol g⁻¹ h⁻¹,2455.0,10.1016/j.apcatb.2017.03.016,https://doi.org/10.1016/j.apcatb.2017.03.016,photocatalytic valorization of glycerol to hydrogen: optimization of operating parameters by artificial neural network,applied catalysis b: environmental,2017.0,estahbanati et al.,needs_review,catalyst loading calc: 2.53 g/l × 5.0 ml = 12.65 mg; glycerol std: (0.5/100×1261)/92.09 = 0.0685 m; doi resolved via crossref api,high,medium,high,high,low,high,low,0.625,2677bbcef6bb7f49,3.2,4.21,86.0,1.0,3.89,5.65,-2.25,139.0,2.28,5.0,7.806289289267033
361,tio2,,,100.0,,pt,2.51,nanoparticle,anatase-rutile,,2.51wt%pt/tio2,,,0.0,photodeposition,,0.0,uv,hg lamp,20.0,20 w,,0,1,0,1,0,2.53,12.65,2.53 g/l,5.0,0.5,0.0685,0.5 vol%,25.0,2.0,2851 μmol g⁻¹ h⁻¹,2851.0,10.1016/j.apcatb.2017.03.016,https://doi.org/10.1016/j.apcatb.2017.03.016,photocatalytic valorization of glycerol to hydrogen: optimization of operating parameters by artificial neural network,applied catalysis b: environmental,2017.0,estahbanati et al.,needs_review,catalyst loading calc: 2.53 g/l × 5.0 ml = 12.65 mg; glycerol std: (0.5/100×1261)/92.09 = 0.0685 m; doi resolved via crossref api,high,medium,high,high,low,high,low,0.625,c93e6f7891307358,3.2,4.21,86.0,1.0,3.89,5.65,-2.25,139.0,2.28,5.0,7.955775781534187
360,tio2,,,100.0,,pt,1.0,nanoparticle,anatase-rutile,,1wt%pt/tio2,,,0.0,photodeposition,,0.0,uv,hg lamp,20.0,20 w,,0,1,0,1,0,1.0,5.0,1 g/l,5.0,10.0,1.3693,10 vol%,25.0,12.0,2.5 μmol g⁻¹ h⁻¹,2.5,10.1016/j.ijhydene.2018.12.095,https://doi.org/10.1016/j.ijhydene.2018.12.095,la-modified tio2/carbon nanotubes assembly nanocomposite for efficient photocatalytic hydrogen evolution from glycerol-water mixture,international journal of hydrogen energy,2019.0,tahir,needs_review,catalyst loading calc: 1.0 g/l × 5.0 ml = 5.00 mg; glycerol std: (10.0/100×1261)/92.09 = 1.3693 m; doi resolved via crossref api,high,medium,high,high,low,high,low,0.625,3c131979e212dc36,3.2,4.21,86.0,1.0,3.89,5.65,-2.25,139.0,2.28,5.0,1.252762968495368
359,tio2,,,100.0,,pt,1.0,nanoparticle,anatase-rutile,,1wt%pt/tio2,,,0.0,photodeposition,,0.0,uv,hg lamp,20.0,20 w,,0,1,0,1,0,1.0,5.0,1 g/l,5.0,10.0,1.3693,10 vol%,25.0,11.5,2.8 μmol g⁻¹ h⁻¹,2.8,10.1016/j.ijhydene.2018.12.095,https://doi.org/10.1016/j.ijhydene.2018.12.095,la-modified tio2/carbon nanotubes assembly nanocomposite for efficient photocatalytic hydrogen evolution from glycerol-water mixture,international journal of hydrogen energy,2019.0,tahir,needs_review,catalyst loading calc: 1.0 g/l × 5.0 ml = 5.00 mg; glycerol std: (10.0/100×1261)/92.09 = 1.3693 m; doi resolved via crossref api,high,medium,high,high,low,high,low,0.625,1c7a551a4cae461b,3.2,4.21,86.0,1.0,3.89,5.65,-2.25,139.0,2.28,5.0,1.33500106673234
358,tio2,,,100.0,,pt,1.0,nanoparticle,anatase-rutile,,1wt%pt/tio2,,,0.0,photodeposition,,0.0,uv,hg lamp,20.0,20 w,,0,1,0,1,0,1.0,5.0,1 g/l,5.0,10.0,1.3693,10 vol%,25.0,11.0,3 μmol g⁻¹ h⁻¹,3.0,10.1016/j.ijhydene.2018.12.095,https://doi.org/10.1016/j.ijhydene.2018.12.095,la-modified tio2/carbon nanotubes assembly nanocomposite for efficient photocatalytic hydrogen evolution from glycerol-water mixture,international journal of hydrogen energy,2019.0,tahir,needs_review,catalyst loading calc: 1.0 g/l × 5.0 ml = 5.00 mg; glycerol std: (10.0/100×1261)/92.09 = 1.3693 m; doi resolved via crossref api,high,medium,high,high,low,high,low,0.625,f374b25db0a0842f,3.2,4.21,86.0,1.0,3.89,5.65,-2.25,139.0,2.28,5.0,1.3862943611198906
357,tio2,,,100.0,,pt,1.0,nanoparticle,anatase-rutile,,1wt%pt/tio2,,,0.0,photodeposition,,0.0,uv,hg lamp,20.0,20 w,,0,1,0,1,0,1.0,5.0,1 g/l,5.0,10.0,1.3693,10 vol%,25.0,10.5,4 μmol g⁻¹ h⁻¹,4.0,10.1016/j.ijhydene.2018.12.095,https://doi.org/10.1016/j.ijhydene.2018.12.095,la-modified tio2/carbon nanotubes assembly nanocomposite for efficient photocatalytic hydrogen evolution from glycerol-water mixture,international journal of hydrogen energy,2019.0,tahir,needs_review,catalyst loading calc: 1.0 g/l × 5.0 ml = 5.00 mg; glycerol std: (10.0/100×1261)/92.09 = 1.3693 m; doi resolved via crossref api,high,medium,high,high,low,high,low,0.625,36985e3c881a6084,3.2,4.21,86.0,1.0,3.89,5.65,-2.25,139.0,2.28,5.0,1.6094379124341003
356,tio2,,,100.0,,pt,1.0,nanoparticle,anatase-rutile,,1wt%pt/tio2,,,0.0,photodeposition,,0.0,uv,hg lamp,20.0,20 w,,0,1,0,1,0,1.0,5.0,1 g/l,5.0,10.0,1.3693,10 vol%,25.0,10.0,5 μmol g⁻¹ h⁻¹,5.0,10.1016/j.ijhydene.2018.12.095,https://doi.org/10.1016/j.ijhydene.2018.12.095,la-modified tio2/carbon nanotubes assembly nanocomposite for efficient photocatalytic hydrogen evolution from glycerol-water mixture,international journal of hydrogen energy,2019.0,tahir,needs_review,catalyst loading calc: 1.0 g/l × 5.0 ml = 5.00 mg; glycerol std: (10.0/100×1261)/92.09 = 1.3693 m; doi resolved via crossref api,high,medium,high,high,low,high,low,0.625,e09ce50f7a4b5000,3.2,4.21,86.0,1.0,3.89,5.65,-2.25,139.0,2.28,5.0,1.791759469228055
560,biwo6,,,100.0,,pt,1.0,nanoparticle,,,1wt%pt/biwo6,hydrothermal,,0.0,hydrothermal,,0.0,visible,xe lamp,300.0,300 w,420.0,1,0,0,0,1,0.5,25.0,0.5 g/l,50.0,5.0,0.6847,5 vol%,25.0,0.0,72 μmol g⁻¹ h⁻¹,72.0,10.3390/jcs7090361,https://doi.org/10.3390/jcs7090361,needs_verification,journal of composites science,2023.0,"suhag m, h. et al.",ok,"catalyst loading calc: 0.5 g/l × 50.0 ml = 25.00 mg; glycerol std: (5.0/100×1261)/92.09 = 0.6847 m; wavelength_cutoff_nm=420nm inferred (xe lamp, visible cutoff)",high,medium,high,high,medium,high,low,0.625,cbc76ebdd9573319,3.0,4.2,20.0,1.0,5.0,5.65,-2.25,139.0,2.28,5.0,4.290459441148391
332,tio2,,,100.0,,pt,1.0,nanoparticle,anatase,3.2,1wt%pt/tio2,sol-gel,300.0,3.0,impregnation,,0.0,uv,hg lamp,125.0,125 w,,0,1,0,1,0,0.25,50.0,0.25 g/l,200.0,0.02,0.0027,0.02 vol%,30.0,4.0,300 μmol g⁻¹ h⁻¹,300.0,10.1016/j.apcatb.2011.05.046,https://doi.org/10.1016/j.apcatb.2011.05.046,photocatalytic reforming of c3-polyols for h2 production: part (i). role of their oh groups,applied catalysis b: environmental,2011.0,fu et al.,needs_review,catalyst loading calc: 0.25 g/l × 200.0 ml = 50.00 mg; glycerol std: (0.02/100×1261)/92.09 = 0.0027 m; doi resolved via crossref api,high,medium,high,high,low,high,high,0.625,a5768653d96bd34c,3.2,4.21,86.0,1.0,3.89,5.65,-2.25,139.0,2.28,5.0,5.707110264748875
331,tio2,,,100.0,,pt,0.5,nanoparticle,anatase-rutile,,0.5wt%pt/tio2,,,0.0,impregnation,,0.0,visible,xe lamp,450.0,450 w,420.0,1,0,0,0,1,1.3,78.0,1.3 g/l,60.0,3.05,0.4176,3.05 vol%,40.0,0.0,68.7 μmol g⁻¹ h⁻¹,68.7,10.1016/j.cej.2010.11.093,https://doi.org/10.1016/j.cej.2010.11.093,production of peroxide species in pt/tio2 suspensions under conditions of photocatalytic water splitting and glycerol photoreforming,chemical engineering journal,2011.0,daskalaki et al.,needs_review,"catalyst loading calc: 1.3 g/l × 60.0 ml = 78.00 mg; glycerol std: (3.05/100×1261)/92.09 = 0.4176 m; wavelength_cutoff_nm=420nm inferred (xe lamp, visible cutoff); doi resolved via crossref api",high,medium,high,high,medium,high,low,0.625,6c93ec382b5cb185,3.2,4.21,86.0,1.0,3.89,5.65,-2.25,139.0,2.28,5.0,4.244200317766478
330,tio2,,,100.0,,pt,0.5,nanoparticle,anatase-rutile,,0.5wt%pt/tio2,,,0.0,impregnation,,0.0,visible,xe lamp,450.0,450 w,420.0,1,0,0,0,1,1.3,78.0,1.3 g/l,60.0,1.72,0.2355,1.72 vol%,40.0,0.0,38.58 μmol g⁻¹ h⁻¹,38.58,10.1016/j.cej.2010.11.093,https://doi.org/10.1016/j.cej.2010.11.093,production of peroxide species in pt/tio2 suspensions under conditions of photocatalytic water splitting and glycerol photoreforming,chemical engineering journal,2011.0,daskalaki et al.,needs_review,"catalyst loading calc: 1.3 g/l × 60.0 ml = 78.00 mg; glycerol std: (1.72/100×1261)/92.09 = 0.2355 m; wavelength_cutoff_nm=420nm inferred (xe lamp, visible cutoff); doi resolved via crossref api",high,medium,high,high,medium,high,low,0.625,96e148b322cdf75c,3.2,4.21,86.0,1.0,3.89,5.65,-2.25,139.0,2.28,5.0,3.6783239401744194
329,tio2,,,100.0,,pt,0.5,nanoparticle,anatase-rutile,,0.5wt%pt/tio2,,,0.0,impregnation,,0.0,visible,xe lamp,450.0,450 w,420.0,1,0,0,0,1,1.3,78.0,1.3 g/l,60.0,0.83,0.1137,0.83 vol%,40.0,0.0,40.92 μmol g⁻¹ h⁻¹,40.92,10.1016/j.cej.2010.11.093,https://doi.org/10.1016/j.cej.2010.11.093,production of peroxide species in pt/tio2 suspensions under conditions of photocatalytic water splitting and glycerol photoreforming,chemical engineering journal,2011.0,daskalaki et al.,needs_review,"catalyst loading calc: 1.3 g/l × 60.0 ml = 78.00 mg; glycerol std: (0.83/100×1261)/92.09 = 0.1137 m; wavelength_cutoff_nm=420nm inferred (xe lamp, visible cutoff); doi resolved via crossref api",high,medium,high,high,medium,high,low,0.625,f5e72932a841418d,3.2,4.21,86.0,1.0,3.89,5.65,-2.25,139.0,2.28,5.0,3.735763040012787
290,tio2,,,100.0,,pd,0.5,nanoparticle,anatase,3.03,0.5wt%pd/tio2,,,0.0,precipitation,400.0,2.0,uv,hg lamp,125.0,125 w,,0,1,0,1,0,1.0,85.0,1 g/l,85.0,10.0,1.3693,10 vol%,25.0,6.8,6307 μmol g⁻¹ h⁻¹,6307.0,needs_verification (10.1016/j.cattod.2017.mm.xxx),,"a comparative study of hydrogen photocatalytic production from glycerol and propan-2-ol on m/tio2 systems (m=au, pt, pd)",catalysis today,2017.0,lópez-tenllado et al.,needs_review,catalyst loading calc: 1.0 g/l × 85.0 ml = 85.00 mg; glycerol std: (10.0/100×1261)/92.09 = 1.3693 m,high,medium,high,high,low,high,high,0.625,a1f76c0905107e53,3.2,4.21,86.0,1.0,3.89,5.22,-1.83,137.0,2.2,5.0,8.74957394808293
319,tio2,,,100.0,,pt,0.5,nanoparticle,anatase,,0.5wt%pt/tio2,,,0.0,photodeposition,,0.0,uv,hg lamp,250.0,250 w,,0,1,0,1,0,0.4,40.0,0.4 g/l,100.0,2.24,0.3067,2.24 vol%,25.0,6.4,37.16 μmol g⁻¹ h⁻¹,37.16,10.1007/s11458-009-0019-6,https://doi.org/10.1007/s11458-009-0019-6,photocatalytic hydrogen generation using glycerol wastewater over pt/tio2,chemistry in china,2009.0,li et al.,needs_review,catalyst loading calc: 0.4 g/l × 100.0 ml = 40.00 mg; glycerol std: (2.24/100×1261)/92.09 = 0.3067 m; doi resolved via crossref api,high,medium,high,high,low,high,low,0.625,1af11d2ebf58c0d8,3.2,4.21,86.0,1.0,3.89,5.65,-2.25,139.0,2.28,5.0,3.6417878465800855
318,tio2,,,100.0,,pt,1.0,nanoparticle,anatase-rutile,,1wt%pt/tio2,,,0.0,photodeposition,,0.0,visible,halogen lamp,300.0,300 w,420.0,0,0,0,0,1,0.63,50.4,0.63 g/l,80.0,10.0,1.3693,10 vol%,25.0,7.0,423.21 μmol g⁻¹ h⁻¹,423.21,10.1016/j.apsusc.2008.11.056,https://doi.org/10.1016/j.apsusc.2008.11.056,photo-catalytic h2 evolution over a series of keggin-structure heteropoly blue sensitized pt/tio2 under visible light irradiation,applied surface science,2009.0,fu,needs_review,catalyst loading calc: 0.63 g/l × 80.0 ml = 50.40 mg; glycerol std: (10.0/100×1261)/92.09 = 1.3693 m; doi resolved via crossref api,high,medium,high,high,medium,high,low,0.625,95ec3fddefabf720,3.2,4.21,86.0,1.0,3.89,5.65,-2.25,139.0,2.28,5.0,6.050228615638675
268,cds,,,100.0,,ni,3.25,nanocrystal,,2.69,3.25wt%ni/cds,,,0.0,precipitation,,0.0,visible,hg lamp,500.0,500 w,400.0,0,1,0,0,1,0.04,0.4,0.04 g/l,10.0,24.0,3.2864,24 vol%,25.0,6.0,74600 μmol g⁻¹ h⁻¹,74600.0,10.1016/j.ijhydene.2011.09.129,https://doi.org/10.1016/j.ijhydene.2011.09.129,enhanced photocatalytic h2 production from glycerol solution over zno/zns core/shell nanorods prepared by a low temperature route,international journal of hydrogen energy,2012.0,sang et al.,needs_review,catalyst loading calc: 0.04 g/l × 10.0 ml = 0.40 mg; glycerol std: (24.0/100×1261)/92.09 = 3.2864 m; doi resolved via crossref api,high,medium,high,high,medium,high,high,0.625,76035fb8717ba74d,2.42,4.2,8.9,3.0,4.82,5.15,-1.29,124.0,1.91,2.0,11.219909190927746
603,tio2,g-c3n4,montmorillonite,50.0,10.0,,,nanocomposite,anatase,,tio2/g-c3n4,hydrothermal,,0.0,sol-gel,400.0,3.0,visible,xe lamp,35.0,35 w,420.0,1,0,0,0,1,1.15,149.5,1.15 g/l,130.0,5.0,0.6847,5 vol%,25.0,11.0,198.5 μmol g⁻¹ h⁻¹,198.5,10.1016/j.renene.2020.04.020,https://doi.org/10.1016/j.renene.2020.04.020,solar photocatalytic hydrogen production from glycerol reforming using ternary cu/ths/graphene,conference of the south african advanced materials initiative (proceedings),2020.0,seadira et al.,needs_review,"catalyst loading calc: 1.15 g/l × 130.0 ml = 149.50 mg; glycerol std: (5.0/100×1261)/92.09 = 0.6847 m; co_catalyst set to 'none': bare semiconductor; warning: conference proceedings, not journal article. cannot cite with doi.; wavelength_cutoff_nm=420nm inferred (xe lamp, visible cutoff); doi resolved via crossref api",high,medium,high,high,medium,high,low,0.625,fbc63553640a34b8,3.2,4.21,86.0,1.0,3.89,0.0,0.0,0.0,0.0,0.0,5.295814236329918
602,tio2,g-c3n4,montmorillonite,50.0,10.0,,,nanocomposite,anatase,,tio2/g-c3n4,hydrothermal,,0.0,sol-gel,400.0,3.0,visible,xe lamp,35.0,35 w,420.0,1,0,0,0,1,1.15,149.5,1.15 g/l,130.0,5.0,0.6847,5 vol%,25.0,8.0,661.7 μmol g⁻¹ h⁻¹,661.7,10.1016/j.renene.2020.04.020,https://doi.org/10.1016/j.renene.2020.04.020,solar photocatalytic hydrogen production from glycerol reforming using ternary cu/ths/graphene,conference of the south african advanced materials initiative (proceedings),2020.0,seadira et al.,needs_review,"catalyst loading calc: 1.15 g/l × 130.0 ml = 149.50 mg; glycerol std: (5.0/100×1261)/92.09 = 0.6847 m; co_catalyst set to 'none': bare semiconductor; warning: conference proceedings, not journal article. cannot cite with doi.; wavelength_cutoff_nm=420nm inferred (xe lamp, visible cutoff); doi resolved via crossref api",high,medium,high,high,medium,high,low,0.625,96a53fb6fc9085fd,3.2,4.21,86.0,1.0,3.89,0.0,0.0,0.0,0.0,0.0,6.496322399094181
601,tio2,g-c3n4,montmorillonite,50.0,10.0,,,nanocomposite,anatase,,tio2/g-c3n4,hydrothermal,,0.0,sol-gel,400.0,3.0,visible,xe lamp,35.0,35 w,420.0,1,0,0,0,1,1.15,149.5,1.15 g/l,130.0,5.0,0.6847,5 vol%,25.0,7.0,2205.9 μmol g⁻¹ h⁻¹,2205.9,10.1016/j.renene.2020.04.020,https://doi.org/10.1016/j.renene.2020.04.020,solar photocatalytic hydrogen production from glycerol reforming using ternary cu/ths/graphene,conference of the south african advanced materials initiative (proceedings),2020.0,seadira et al.,needs_review,"catalyst loading calc: 1.15 g/l × 130.0 ml = 149.50 mg; glycerol std: (5.0/100×1261)/92.09 = 0.6847 m; co_catalyst set to 'none': bare semiconductor; warning: conference proceedings, not journal article. cannot cite with doi.; wavelength_cutoff_nm=420nm inferred (xe lamp, visible cutoff); doi resolved via crossref api",high,medium,high,high,medium,high,low,0.625,6c5686d2b99fc82e,3.2,4.21,86.0,1.0,3.89,0.0,0.0,0.0,0.0,0.0,7.699344094854114
600,tio2,g-c3n4,montmorillonite,50.0,10.0,,,nanocomposite,anatase,,tio2/g-c3n4,hydrothermal,,0.0,sol-gel,400.0,3.0,visible,xe lamp,35.0,35 w,420.0,1,0,0,0,1,1.15,149.5,1.15 g/l,130.0,5.0,0.6847,5 vol%,25.0,4.0,558.4 μmol g⁻¹ h⁻¹,558.4,10.1016/j.renene.2020.04.020,https://doi.org/10.1016/j.renene.2020.04.020,solar photocatalytic hydrogen production from glycerol reforming using ternary cu/ths/graphene,conference of the south african advanced materials initiative (proceedings),2020.0,seadira et al.,needs_review,"catalyst loading calc: 1.15 g/l × 130.0 ml = 149.50 mg; glycerol std: (5.0/100×1261)/92.09 = 0.6847 m; co_catalyst set to 'none': bare semiconductor; warning: conference proceedings, not journal article. cannot cite with doi.; wavelength_cutoff_nm=420nm inferred (xe lamp, visible cutoff); doi resolved via crossref api",high,medium,high,high,medium,high,low,0.625,5dc0a00a1eed4911,3.2,4.21,86.0,1.0,3.89,0.0,0.0,0.0,0.0,0.0,6.32686478076786
599,tio2,g-c3n4,montmorillonite,50.0,10.0,,,nanocomposite,anatase,,tio2/g-c3n4,hydrothermal,,0.0,sol-gel,400.0,3.0,visible,xe lamp,35.0,35 w,420.0,1,0,0,0,1,1.15,149.5,1.15 g/l,130.0,5.0,0.6847,5 vol%,25.0,2.0,255 μmol g⁻¹ h⁻¹,255.0,10.1016/j.renene.2020.04.020,https://doi.org/10.1016/j.renene.2020.04.020,solar photocatalytic hydrogen production from glycerol reforming using ternary cu/ths/graphene,conference of the south african advanced materials initiative (proceedings),2020.0,seadira et al.,needs_review,"catalyst loading calc: 1.15 g/l × 130.0 ml = 149.50 mg; glycerol std: (5.0/100×1261)/92.09 = 0.6847 m; co_catalyst set to 'none': bare semiconductor; warning: conference proceedings, not journal article. cannot cite with doi.; wavelength_cutoff_nm=420nm inferred (xe lamp, visible cutoff); doi resolved via crossref api",high,medium,high,high,medium,high,low,0.625,d5f18e620383c32e,3.2,4.21,86.0,1.0,3.89,0.0,0.0,0.0,0.0,0.0,5.545177444479562
168,tio2,,,100.0,,cu,,nanoparticle,anatase,2.9,xwt%cu/tio2,sol-gel,,0.0,hydrothermal,,0.0,visible,halogen lamp,500.0,500 w,400.0,0,0,0,0,1,1.0,100.0,1 g/l,100.0,10.0,1.3693,10 vol%,24.0,11.0,593.02 μmol g⁻¹ h⁻¹,593.02,10.1016/j.ijhydene.2015.03.019,https://doi.org/10.1016/j.ijhydene.2015.03.019,hydrogen production from water photosplitting using cu/tio2 nanoparticles: effect of hydrolysis rate and reaction medium,international journal of hydrogen energy,2015.0,bashiri et al.,needs_review,catalyst loading calc: 1.0 g/l × 100.0 ml = 100.00 mg; glycerol std: (10.0/100×1261)/92.09 = 1.3693 m; doi resolved via crossref api,high,medium,high,high,medium,high,high,0.625,0c7d489706a03038,3.2,4.21,86.0,1.0,3.89,4.65,-2.67,128.0,1.9,2.0,6.386912988829492
629,tio2,in0.5wo3,rgo,97.0,2.0,,,nanocomposite,anatase-brookite,,tio2/in0.5wo3,,,0.0,impregnation,450.0,2.0,visible,xe lamp,300.0,300 w,400.0,1,0,0,0,1,0.1,5.0,0.1 g/l,50.0,5.0,0.6847,5 vol%,25.0,7.0,223.6 μmol g⁻¹ h⁻¹,223.6,10.1016/j.ceramint.2021.09.233,https://doi.org/10.1016/j.ceramint.2021.09.233,hydrogen evolution over sol-gel prepared visible-light-responsive ag2o/sral2o4/cnt ternary photocatalyst,ceramics international,2022.0,mkhalid and i. a,needs_review,catalyst loading calc: 0.1 g/l × 50.0 ml = 5.00 mg; glycerol std: (5.0/100×1261)/92.09 = 0.6847 m; co_catalyst set to 'none': bare semiconductor; doi resolved via crossref api,high,medium,high,high,medium,high,low,0.625,d6f809e68d201298,3.2,4.21,86.0,1.0,3.89,0.0,0.0,0.0,0.0,0.0,5.414321042304342
628,tio2,in0.5wo3,rgo,97.5,2.0,,,nanocomposite,anatase-brookite,3.02,tio2/in0.5wo3,,,0.0,impregnation,450.0,2.0,visible,xe lamp,300.0,300 w,400.0,1,0,0,0,1,0.1,5.0,0.1 g/l,50.0,5.0,0.6847,5 vol%,25.0,7.0,304.98 μmol g⁻¹ h⁻¹,304.98,10.1016/j.ceramint.2021.09.233,https://doi.org/10.1016/j.ceramint.2021.09.233,hydrogen evolution over sol-gel prepared visible-light-responsive ag2o/sral2o4/cnt ternary photocatalyst,ceramics international,2022.0,mkhalid and i. a,needs_review,catalyst loading calc: 0.1 g/l × 50.0 ml = 5.00 mg; glycerol std: (5.0/100×1261)/92.09 = 0.6847 m; co_catalyst set to 'none': bare semiconductor; doi resolved via crossref api,high,medium,high,high,medium,high,high,0.625,368b75f3efd0c156,3.2,4.21,86.0,1.0,3.89,0.0,0.0,0.0,0.0,0.0,5.723519740339233
674,tio2,bi2o3,,99.9,,,,nanocomposite,anatase-rutile,3.1,tio2/bi2o3,,,0.0,impregnation,450.0,3.0,uv,led,3.0,3 w,365.0,0,0,1,1,0,0.63,50.4,0.63 g/l,80.0,0.3,0.0411,0.3 vol%,25.0,7.0,565 μmol g⁻¹ h⁻¹,565.0,10.1016/j.apsusc.2016.12.171,https://doi.org/10.1016/j.apsusc.2016.12.171,bi2o3 cocatalyst improving photocatalytic hydrogen evolution performance of tio2,applied surface science,2017.0,xu et al.,needs_review,catalyst loading calc: 0.63 g/l × 80.0 ml = 50.40 mg; glycerol std: (0.3/100×1261)/92.09 = 0.0411 m; co_catalyst set to 'none': bare semiconductor; doi resolved via crossref api,high,medium,high,high,medium,high,high,0.625,f5170c4d65024aa9,3.2,4.21,86.0,1.0,3.89,0.0,0.0,0.0,0.0,0.0,6.338594078203183
673,tio2,bi2o3,,99.95,,,,nanocomposite,anatase-rutile,3.1,tio2/bi2o3,,,0.0,impregnation,450.0,3.0,uv,led,3.0,3 w,365.0,0,0,1,1,0,0.63,50.4,0.63 g/l,80.0,0.3,0.0411,0.3 vol%,25.0,7.0,920 μmol g⁻¹ h⁻¹,920.0,10.1016/j.apsusc.2016.12.171,https://doi.org/10.1016/j.apsusc.2016.12.171,bi2o3 cocatalyst improving photocatalytic hydrogen evolution performance of tio2,applied surface science,2017.0,xu et al.,needs_review,catalyst loading calc: 0.63 g/l × 80.0 ml = 50.40 mg; glycerol std: (0.3/100×1261)/92.09 = 0.0411 m; co_catalyst set to 'none': bare semiconductor; doi resolved via crossref api,high,medium,high,high,medium,high,high,0.625,0cc0ad0aecc11221,3.2,4.21,86.0,1.0,3.89,0.0,0.0,0.0,0.0,0.0,6.825460036255307
672,tio2,bi2o3,,99.98,,,,nanocomposite,anatase-rutile,3.1,tio2/bi2o3,,,0.0,impregnation,450.0,3.0,uv,led,3.0,3 w,365.0,0,0,1,1,0,0.63,50.4,0.63 g/l,80.0,0.3,0.0411,0.3 vol%,25.0,7.0,736 μmol g⁻¹ h⁻¹,736.0,10.1016/j.apsusc.2016.12.171,https://doi.org/10.1016/j.apsusc.2016.12.171,bi2o3 cocatalyst improving photocatalytic hydrogen evolution performance of tio2,applied surface science,2017.0,xu et al.,needs_review,catalyst loading calc: 0.63 g/l × 80.0 ml = 50.40 mg; glycerol std: (0.3/100×1261)/92.09 = 0.0411 m; co_catalyst set to 'none': bare semiconductor; doi resolved via crossref api,high,medium,high,high,medium,high,high,0.625,f853d75040774917,3.2,4.21,86.0,1.0,3.89,0.0,0.0,0.0,0.0,0.0,6.602587892189336
671,tio2,bi2o3,,99.99,,,,nanocomposite,anatase-rutile,3.1,tio2/bi2o3,,,0.0,impregnation,450.0,3.0,uv,led,3.0,3 w,365.0,0,0,1,1,0,0.63,50.4,0.63 g/l,80.0,0.3,0.0411,0.3 vol%,25.0,7.0,449 μmol g⁻¹ h⁻¹,449.0,10.1016/j.apsusc.2016.12.171,https://doi.org/10.1016/j.apsusc.2016.12.171,bi2o3 cocatalyst improving photocatalytic hydrogen evolution performance of tio2,applied surface science,2017.0,xu et al.,needs_review,catalyst loading calc: 0.63 g/l × 80.0 ml = 50.40 mg; glycerol std: (0.3/100×1261)/92.09 = 0.0411 m; co_catalyst set to 'none': bare semiconductor; doi resolved via crossref api,high,medium,high,high,medium,high,high,0.625,da1c347f9a43d01a,3.2,4.21,86.0,1.0,3.89,0.0,0.0,0.0,0.0,0.0,6.1092475827643655
670,tio2,,,100.0,,,,nanocomposite,anatase-rutile,3.1,tio2,,,0.0,impregnation,450.0,3.0,uv,led,3.0,3 w,365.0,0,0,1,1,0,0.63,50.4,0.63 g/l,80.0,0.3,0.0411,0.3 vol%,25.0,7.0,12.6 μmol g⁻¹ h⁻¹,12.6,10.1016/j.apsusc.2016.12.171,https://doi.org/10.1016/j.apsusc.2016.12.171,bi2o3 cocatalyst improving photocatalytic hydrogen evolution performance of tio2,applied surface science,2017.0,xu et al.,needs_review,catalyst loading calc: 0.63 g/l × 80.0 ml = 50.40 mg; glycerol std: (0.3/100×1261)/92.09 = 0.0411 m; co_catalyst set to 'none': bare semiconductor; doi resolved via crossref api,high,medium,high,high,medium,high,high,0.625,1dac1728eb8d0ac0,3.2,4.21,86.0,1.0,3.89,0.0,0.0,0.0,0.0,0.0,2.6100697927420065
631,tio2,in0.5wo3,rgo,95.0,2.0,,,nanocomposite,anatase-brookite,,tio2/in0.5wo3,,,0.0,impregnation,450.0,2.0,visible,xe lamp,300.0,300 w,400.0,1,0,0,0,1,0.1,5.0,0.1 g/l,50.0,5.0,0.6847,5 vol%,25.0,7.0,159.7 μmol g⁻¹ h⁻¹,159.7,10.1016/j.ceramint.2021.09.233,https://doi.org/10.1016/j.ceramint.2021.09.233,hydrogen evolution over sol-gel prepared visible-light-responsive ag2o/sral2o4/cnt ternary photocatalyst,ceramics international,2022.0,mkhalid and i. a,needs_review,catalyst loading calc: 0.1 g/l × 50.0 ml = 5.00 mg; glycerol std: (5.0/100×1261)/92.09 = 0.6847 m; co_catalyst set to 'none': bare semiconductor; doi resolved via crossref api,high,medium,high,high,medium,high,low,0.625,29f52e0e56540d13,3.2,4.21,86.0,1.0,3.89,0.0,0.0,0.0,0.0,0.0,5.0795392727434665
630,tio2,in0.5wo3,rgo,96.0,2.0,,,nanocomposite,anatase-brookite,,tio2/in0.5wo3,,,0.0,impregnation,450.0,2.0,visible,xe lamp,300.0,300 w,400.0,1,0,0,0,1,0.1,5.0,0.1 g/l,50.0,5.0,0.6847,5 vol%,25.0,7.0,190.3 μmol g⁻¹ h⁻¹,190.3,10.1016/j.ceramint.2021.09.233,https://doi.org/10.1016/j.ceramint.2021.09.233,hydrogen evolution over sol-gel prepared visible-light-responsive ag2o/sral2o4/cnt ternary photocatalyst,ceramics international,2022.0,mkhalid and i. a,needs_review,catalyst loading calc: 0.1 g/l × 50.0 ml = 5.00 mg; glycerol std: (5.0/100×1261)/92.09 = 0.6847 m; co_catalyst set to 'none': bare semiconductor; doi resolved via crossref api,high,medium,high,high,medium,high,low,0.625,145f266005bd6fc6,3.2,4.21,86.0,1.0,3.89,0.0,0.0,0.0,0.0,0.0,5.253842876446207
675,tio2,bi2o3,,99.2,,,,nanocomposite,anatase-rutile,3.1,tio2/bi2o3,,,0.0,impregnation,450.0,3.0,uv,led,3.0,3 w,365.0,0,0,1,1,0,0.63,50.4,0.63 g/l,80.0,0.3,0.0411,0.3 vol%,25.0,7.0,29.4 μmol g⁻¹ h⁻¹,29.4,10.1016/j.apsusc.2016.12.171,https://doi.org/10.1016/j.apsusc.2016.12.171,bi2o3 cocatalyst improving photocatalytic hydrogen evolution performance of tio2,applied surface science,2017.0,xu et al.,needs_review,catalyst loading calc: 0.63 g/l × 80.0 ml = 50.40 mg; glycerol std: (0.3/100×1261)/92.09 = 0.0411 m; co_catalyst set to 'none': bare semiconductor; doi resolved via crossref api,high,medium,high,high,medium,high,high,0.625,e949164176a8fa89,3.2,4.21,86.0,1.0,3.89,0.0,0.0,0.0,0.0,0.0,3.414442608412176
188,tio2,,,100.0,,cu,2.0,nanosheets,anatase,,2wt%cu/tio2,hydrothermal,350.0,2.0,photodeposition,450.0,3.0,visible,xe lamp,300.0,300 w,420.0,1,0,0,0,1,0.5,50.0,0.5 g/l,100.0,5.0,0.6847,5 vol%,25.0,7.0,61.2 μmol g⁻¹ h⁻¹,61.2,10.1021/acs.jpcc.6b01030,https://doi.org/10.1021/acs.jpcc.6b01030,high h2 evolution from quantum cu (ii) nanodot-doped two-dimensional ultrathin tio2 nanosheets with dominant exposed {001} facets for reforming glycerol with multiple electron transport pathways,the journal of physical chemistry c,2016.0,zhang et al.,needs_review,"catalyst loading calc: 0.5 g/l × 100.0 ml = 50.00 mg; glycerol std: (5.0/100×1261)/92.09 = 0.6847 m; wavelength_cutoff_nm=420nm inferred (xe lamp, visible cutoff); doi resolved via crossref api",high,medium,high,high,medium,high,low,0.625,e44c01c226991158,3.2,4.21,86.0,1.0,3.89,4.65,-2.67,128.0,1.9,2.0,4.130354999745133
187,tio2,,,100.0,,cu,1.5,nanosheets,anatase,,1.5wt%cu/tio2,hydrothermal,350.0,2.0,photodeposition,450.0,3.0,visible,xe lamp,300.0,300 w,420.0,1,0,0,0,1,0.5,50.0,0.5 g/l,100.0,5.0,0.6847,5 vol%,25.0,7.0,165.12 μmol g⁻¹ h⁻¹,165.12,10.1021/acs.jpcc.6b01030,https://doi.org/10.1021/acs.jpcc.6b01030,high h2 evolution from quantum cu (ii) nanodot-doped two-dimensional ultrathin tio2 nanosheets with dominant exposed {001} facets for reforming glycerol with multiple electron transport pathways,the journal of physical chemistry c,2016.0,zhang et al.,needs_review,"catalyst loading calc: 0.5 g/l × 100.0 ml = 50.00 mg; glycerol std: (5.0/100×1261)/92.09 = 0.6847 m; wavelength_cutoff_nm=420nm inferred (xe lamp, visible cutoff); doi resolved via crossref api",high,medium,high,high,medium,high,low,0.625,21ffb0cafafce7a6,3.2,4.21,86.0,1.0,3.89,4.65,-2.67,128.0,1.9,2.0,5.1127104187625525
186,tio2,,,100.0,,cu,0.5,nanosheets,anatase,,0.5wt%cu/tio2,hydrothermal,350.0,2.0,photodeposition,450.0,3.0,visible,xe lamp,300.0,300 w,420.0,1,0,0,0,1,0.5,50.0,0.5 g/l,100.0,5.0,0.6847,5 vol%,25.0,7.0,110.6 μmol g⁻¹ h⁻¹,110.6,10.1021/acs.jpcc.6b01030,https://doi.org/10.1021/acs.jpcc.6b01030,high h2 evolution from quantum cu (ii) nanodot-doped two-dimensional ultrathin tio2 nanosheets with dominant exposed {001} facets for reforming glycerol with multiple electron transport pathways,the journal of physical chemistry c,2016.0,zhang et al.,needs_review,"catalyst loading calc: 0.5 g/l × 100.0 ml = 50.00 mg; glycerol std: (5.0/100×1261)/92.09 = 0.6847 m; wavelength_cutoff_nm=420nm inferred (xe lamp, visible cutoff); doi resolved via crossref api",high,medium,high,high,medium,high,low,0.625,7c8f746b78f765b4,3.2,4.21,86.0,1.0,3.89,4.65,-2.67,128.0,1.9,2.0,4.71492104994721
185,tio2,,,100.0,,cu,0.1,nanosheets,anatase,,0.1wt%cu/tio2,hydrothermal,350.0,2.0,photodeposition,450.0,3.0,visible,xe lamp,300.0,300 w,420.0,1,0,0,0,1,0.5,50.0,0.5 g/l,100.0,5.0,0.6847,5 vol%,25.0,7.0,23.7 μmol g⁻¹ h⁻¹,23.7,10.1021/acs.jpcc.6b01030,https://doi.org/10.1021/acs.jpcc.6b01030,high h2 evolution from quantum cu (ii) nanodot-doped two-dimensional ultrathin tio2 nanosheets with dominant exposed {001} facets for reforming glycerol with multiple electron transport pathways,the journal of physical chemistry c,2016.0,zhang et al.,needs_review,"catalyst loading calc: 0.5 g/l × 100.0 ml = 50.00 mg; glycerol std: (5.0/100×1261)/92.09 = 0.6847 m; wavelength_cutoff_nm=420nm inferred (xe lamp, visible cutoff); doi resolved via crossref api",high,medium,high,high,medium,high,low,0.625,bf63dca5931bc640,3.2,4.21,86.0,1.0,3.89,4.65,-2.67,128.0,1.9,2.0,3.2068032436339315
167,tio2,,,100.0,,cu,6.0,nanoparticle,anatase,2.96,6wt%cu/tio2,sol-gel,,0.0,hydrothermal,,0.0,visible,halogen lamp,500.0,500 w,400.0,0,0,0,0,1,1.0,100.0,1 g/l,100.0,10.0,1.3693,10 vol%,24.0,11.0,216.84 μmol g⁻¹ h⁻¹,216.84,10.1016/j.ijhydene.2015.03.019,https://doi.org/10.1016/j.ijhydene.2015.03.019,hydrogen production from water photosplitting using cu/tio2 nanoparticles: effect of hydrolysis rate and reaction medium,international journal of hydrogen energy,2015.0,bashiri et al.,needs_review,catalyst loading calc: 1.0 g/l × 100.0 ml = 100.00 mg; glycerol std: (10.0/100×1261)/92.09 = 1.3693 m; doi resolved via crossref api,high,medium,high,high,medium,high,high,0.625,f0a9074947ddad6c,3.2,4.21,86.0,1.0,3.89,4.65,-2.67,128.0,1.9,2.0,5.383760848365505
184,tio2,,,100.0,,cu,0.0,nanosheets,anatase,,0wt%cu/tio2,hydrothermal,350.0,2.0,photodeposition,450.0,3.0,visible,xe lamp,300.0,300 w,420.0,1,0,0,0,1,0.5,50.0,0.5 g/l,100.0,5.0,0.6847,5 vol%,25.0,7.0,9.26 μmol g⁻¹ h⁻¹,9.26,10.1021/acs.jpcc.6b01030,https://doi.org/10.1021/acs.jpcc.6b01030,high h2 evolution from quantum cu (ii) nanodot-doped two-dimensional ultrathin tio2 nanosheets with dominant exposed {001} facets for reforming glycerol with multiple electron transport pathways,the journal of physical chemistry c,2016.0,zhang et al.,needs_review,"catalyst loading calc: 0.5 g/l × 100.0 ml = 50.00 mg; glycerol std: (5.0/100×1261)/92.09 = 0.6847 m; wavelength_cutoff_nm=420nm inferred (xe lamp, visible cutoff); doi resolved via crossref api",high,medium,high,high,medium,high,low,0.625,4704f905be7c5f2b,3.2,4.21,86.0,1.0,3.89,4.65,-2.67,128.0,1.9,2.0,2.3282528397426234
183,tio2,,,100.0,,cu,1.0,nanosheets,anatase,,1wt%cu/tio2,hydrothermal,350.0,2.0,photodeposition,450.0,3.0,visible,xe lamp,300.0,300 w,420.0,1,0,0,0,1,0.5,50.0,0.5 g/l,100.0,5.0,0.6847,5 vol%,25.0,7.0,220 μmol g⁻¹ h⁻¹,220.0,10.1021/acs.jpcc.6b01030,https://doi.org/10.1021/acs.jpcc.6b01030,high h2 evolution from quantum cu (ii) nanodot-doped two-dimensional ultrathin tio2 nanosheets with dominant exposed {001} facets for reforming glycerol with multiple electron transport pathways,the journal of physical chemistry c,2016.0,zhang et al.,needs_review,"catalyst loading calc: 0.5 g/l × 100.0 ml = 50.00 mg; glycerol std: (5.0/100×1261)/92.09 = 0.6847 m; wavelength_cutoff_nm=420nm inferred (xe lamp, visible cutoff); doi resolved via crossref api",high,medium,high,high,medium,high,low,0.625,800c5cbd2d6aa7ad,3.2,4.21,86.0,1.0,3.89,4.65,-2.67,128.0,1.9,2.0,5.3981627015177525
182,tio2,,,100.0,,cu,1.0,nanosheets,anatase,,1wt%cu/tio2,hydrothermal,350.0,2.0,photodeposition,350.0,3.0,visible,xe lamp,300.0,300 w,420.0,1,0,0,0,1,0.5,50.0,0.5 g/l,100.0,5.0,0.6847,5 vol%,25.0,7.0,80.94 μmol g⁻¹ h⁻¹,80.94,10.1021/acs.jpcc.6b01030,https://doi.org/10.1021/acs.jpcc.6b01030,high h2 evolution from quantum cu (ii) nanodot-doped two-dimensional ultrathin tio2 nanosheets with dominant exposed {001} facets for reforming glycerol with multiple electron transport pathways,the journal of physical chemistry c,2016.0,zhang et al.,needs_review,"catalyst loading calc: 0.5 g/l × 100.0 ml = 50.00 mg; glycerol std: (5.0/100×1261)/92.09 = 0.6847 m; wavelength_cutoff_nm=420nm inferred (xe lamp, visible cutoff); doi resolved via crossref api",high,medium,high,high,medium,high,low,0.625,ba345305699b6394,3.2,4.21,86.0,1.0,3.89,4.65,-2.67,128.0,1.9,2.0,4.405987272118725
181,tio2,,,100.0,,cu,1.0,nanosheets,anatase,,1wt%cu/tio2,hydrothermal,350.0,2.0,photodeposition,200.0,3.0,visible,xe lamp,300.0,300 w,420.0,1,0,0,0,1,0.5,50.0,0.5 g/l,100.0,5.0,0.6847,5 vol%,25.0,7.0,57.55 μmol g⁻¹ h⁻¹,57.55,10.1021/acs.jpcc.6b01030,https://doi.org/10.1021/acs.jpcc.6b01030,high h2 evolution from quantum cu (ii) nanodot-doped two-dimensional ultrathin tio2 nanosheets with dominant exposed {001} facets for reforming glycerol with multiple electron transport pathways,the journal of physical chemistry c,2016.0,zhang et al.,needs_review,"catalyst loading calc: 0.5 g/l × 100.0 ml = 50.00 mg; glycerol std: (5.0/100×1261)/92.09 = 0.6847 m; wavelength_cutoff_nm=420nm inferred (xe lamp, visible cutoff); doi resolved via crossref api",high,medium,high,high,medium,high,low,0.625,d7cc9cd241094e29,3.2,4.21,86.0,1.0,3.89,4.65,-2.67,128.0,1.9,2.0,4.069881090043726
170,tio2,,,100.0,,cu,,nanoparticle,anatase,2.83,xwt%cu/tio2,sol-gel,,0.0,hydrothermal,,0.0,visible,halogen lamp,500.0,500 w,400.0,0,0,0,0,1,1.0,100.0,1 g/l,100.0,10.0,1.3693,10 vol%,24.0,11.0,455.37 μmol g⁻¹ h⁻¹,455.37,10.1016/j.ijhydene.2015.03.019,https://doi.org/10.1016/j.ijhydene.2015.03.019,hydrogen production from water photosplitting using cu/tio2 nanoparticles: effect of hydrolysis rate and reaction medium,international journal of hydrogen energy,2015.0,bashiri et al.,needs_review,catalyst loading calc: 1.0 g/l × 100.0 ml = 100.00 mg; glycerol std: (10.0/100×1261)/92.09 = 1.3693 m; doi resolved via crossref api,high,medium,high,high,medium,high,high,0.625,b09b4f6aa974681c,3.2,4.21,86.0,1.0,3.89,4.65,-2.67,128.0,1.9,2.0,6.123303884013292
169,tio2,,,100.0,,cu,,nanoparticle,anatase,2.72,xwt%cu/tio2,sol-gel,,0.0,hydrothermal,,0.0,visible,halogen lamp,500.0,500 w,400.0,0,0,0,0,1,1.0,100.0,1 g/l,100.0,10.0,1.3693,10 vol%,24.0,11.0,1207.7 μmol g⁻¹ h⁻¹,1207.7,10.1016/j.ijhydene.2015.03.019,https://doi.org/10.1016/j.ijhydene.2015.03.019,hydrogen production from water photosplitting using cu/tio2 nanoparticles: effect of hydrolysis rate and reaction medium,international journal of hydrogen energy,2015.0,bashiri et al.,needs_review,catalyst loading calc: 1.0 g/l × 100.0 ml = 100.00 mg; glycerol std: (10.0/100×1261)/92.09 = 1.3693 m; doi resolved via crossref api,high,medium,high,high,medium,high,high,0.625,b86a32de67eec7f5,3.2,4.21,86.0,1.0,3.89,4.65,-2.67,128.0,1.9,2.0,7.097300680865411
4,tio2,g-c3n4,,50.0,10.0,ag,3.0,nanocomposite,anatase,,3wt%ag/tio2/g-c3n4,hydrothermal,,0.0,sol-gel,400.0,3.0,visible,xe lamp,35.0,35 w,420.0,1,0,0,0,1,1.15,149.5,1.15 g/l,130.0,5.0,0.6847,5 vol%,25.0,2.0,115 μmol g⁻¹ h⁻¹,115.0,10.1016/j.renene.2020.04.020,https://doi.org/10.1016/j.renene.2020.04.020,solar photocatalytic hydrogen production from glycerol reforming using ternary cu/ths/graphene,conference of the south african advanced materials initiative (proceedings),2020.0,seadira et al.,needs_review,"catalyst loading calc: 1.15 g/l × 130.0 ml = 149.50 mg; glycerol std: (5.0/100×1261)/92.09 = 0.6847 m; warning: conference proceedings, not journal article. cannot cite with doi.; wavelength_cutoff_nm=420nm inferred (xe lamp, visible cutoff); doi resolved via crossref api",high,medium,high,high,medium,high,low,0.625,a43530f4273f67ea,3.2,4.21,86.0,1.0,3.89,4.26,-4.3,144.0,1.93,4.0,4.7535901911063645
846,tio2,in0.5wo3,,95.0,,,,nanocomposite,anatase-brookite,,tio2/in0.5wo3,,,0.0,hydrothermal,450.0,1.0,visible,xe lamp,300.0,300 w,400.0,1,0,0,0,1,0.1,5.0,0.1 g/l,50.0,5.0,0.6847,5 vol%,25.0,7.0,23.64 μmol g⁻¹ h⁻¹,23.64,10.1016/j.ceramint.2021.09.233,https://doi.org/10.1016/j.ceramint.2021.09.233,hydrogen evolution over sol-gel prepared visible-light-responsive ag2o/sral2o4/cnt ternary photocatalyst,ceramics international,2022.0,mkhalid and i. a,needs_review,catalyst loading calc: 0.1 g/l × 50.0 ml = 5.00 mg; glycerol std: (5.0/100×1261)/92.09 = 0.6847 m; co_catalyst set to 'none': bare semiconductor; doi resolved via crossref api,high,medium,high,high,medium,high,low,0.625,d98c4ca946a30519,3.2,4.21,86.0,1.0,3.89,0.0,0.0,0.0,0.0,0.0,3.204371138665319
845,tio2,in0.5wo3,,96.0,,,,nanocomposite,anatase-brookite,,tio2/in0.5wo3,,,0.0,hydrothermal,450.0,1.0,visible,xe lamp,300.0,300 w,400.0,1,0,0,0,1,0.1,5.0,0.1 g/l,50.0,5.0,0.6847,5 vol%,25.0,7.0,45.3 μmol g⁻¹ h⁻¹,45.3,10.1016/j.ceramint.2021.09.233,https://doi.org/10.1016/j.ceramint.2021.09.233,hydrogen evolution over sol-gel prepared visible-light-responsive ag2o/sral2o4/cnt ternary photocatalyst,ceramics international,2022.0,mkhalid and i. a,needs_review,catalyst loading calc: 0.1 g/l × 50.0 ml = 5.00 mg; glycerol std: (5.0/100×1261)/92.09 = 0.6847 m; co_catalyst set to 'none': bare semiconductor; doi resolved via crossref api,high,medium,high,high,medium,high,low,0.625,2aa6dcdce916a013,3.2,4.21,86.0,1.0,3.89,0.0,0.0,0.0,0.0,0.0,3.835141961092188
844,tio2,in0.5wo3,,97.0,,,,nanocomposite,anatase-brookite,,tio2/in0.5wo3,,,0.0,hydrothermal,450.0,1.0,visible,xe lamp,300.0,300 w,400.0,1,0,0,0,1,0.1,5.0,0.1 g/l,50.0,5.0,0.6847,5 vol%,25.0,7.0,68.34 μmol g⁻¹ h⁻¹,68.34,10.1016/j.ceramint.2021.09.233,https://doi.org/10.1016/j.ceramint.2021.09.233,hydrogen evolution over sol-gel prepared visible-light-responsive ag2o/sral2o4/cnt ternary photocatalyst,ceramics international,2022.0,mkhalid and i. a,needs_review,catalyst loading calc: 0.1 g/l × 50.0 ml = 5.00 mg; glycerol std: (5.0/100×1261)/92.09 = 0.6847 m; co_catalyst set to 'none': bare semiconductor; doi resolved via crossref api,high,medium,high,high,medium,high,low,0.625,beba2a76979e7b0f,3.2,4.21,86.0,1.0,3.89,0.0,0.0,0.0,0.0,0.0,4.239021940256878
843,tio2,in0.5wo3,,98.0,,,,nanocomposite,anatase-brookite,3.1,tio2/in0.5wo3,,,0.0,hydrothermal,450.0,1.0,visible,xe lamp,300.0,300 w,400.0,1,0,0,0,1,0.1,5.0,0.1 g/l,50.0,5.0,0.6847,5 vol%,25.0,7.0,132.6 μmol g⁻¹ h⁻¹,132.6,10.1016/j.ceramint.2021.09.233,https://doi.org/10.1016/j.ceramint.2021.09.233,hydrogen evolution over sol-gel prepared visible-light-responsive ag2o/sral2o4/cnt ternary photocatalyst,ceramics international,2022.0,mkhalid and i. a,needs_review,catalyst loading calc: 0.1 g/l × 50.0 ml = 5.00 mg; glycerol std: (5.0/100×1261)/92.09 = 0.6847 m; co_catalyst set to 'none': bare semiconductor; doi resolved via crossref api,high,medium,high,high,medium,high,high,0.625,ed80827fd059d3d5,3.2,4.21,86.0,1.0,3.89,0.0,0.0,0.0,0.0,0.0,4.894850261102546
842,tio2,in0.5wo3,,99.0,,,,nanocomposite,anatase-brookite,,tio2/in0.5wo3,,,0.0,hydrothermal,450.0,1.0,visible,xe lamp,300.0,300 w,400.0,1,0,0,0,1,0.1,5.0,0.1 g/l,50.0,5.0,0.6847,5 vol%,25.0,7.0,39.76 μmol g⁻¹ h⁻¹,39.76,10.1016/j.ceramint.2021.09.233,https://doi.org/10.1016/j.ceramint.2021.09.233,hydrogen evolution over sol-gel prepared visible-light-responsive ag2o/sral2o4/cnt ternary photocatalyst,ceramics international,2022.0,mkhalid and i. a,needs_review,catalyst loading calc: 0.1 g/l × 50.0 ml = 5.00 mg; glycerol std: (5.0/100×1261)/92.09 = 0.6847 m; co_catalyst set to 'none': bare semiconductor; doi resolved via crossref api,high,medium,high,high,medium,high,low,0.625,6190ddb61f68ee59,3.2,4.21,86.0,1.0,3.89,0.0,0.0,0.0,0.0,0.0,3.707701208354524
841,tio2,,,100.0,,,,nanoparticle,anatase-brookite,3.22,tio2,,,0.0,,,0.0,visible,xe lamp,300.0,300 w,400.0,1,0,0,0,1,0.1,5.0,0.1 g/l,50.0,5.0,0.6847,5 vol%,25.0,7.0,24.15 μmol g⁻¹ h⁻¹,24.15,10.1016/j.ceramint.2021.09.233,https://doi.org/10.1016/j.ceramint.2021.09.233,hydrogen evolution over sol-gel prepared visible-light-responsive ag2o/sral2o4/cnt ternary photocatalyst,ceramics international,2022.0,mkhalid and i. a,needs_review,catalyst loading calc: 0.1 g/l × 50.0 ml = 5.00 mg; glycerol std: (5.0/100×1261)/92.09 = 0.6847 m; co_catalyst set to 'none': bare semiconductor; doi resolved via crossref api,high,medium,high,high,medium,high,high,0.625,4a5a6dd037bf16cb,3.2,4.21,86.0,1.0,3.89,0.0,0.0,0.0,0.0,0.0,3.224857896545748
545,tio2,,,100.0,,pt,5.0,nanoparticle,anatase,3.0,5wt%pt/tio2,hydrothermal,,0.0,photodeposition,,0.0,uv,,8.0,8 w,365.0,0,0,0,1,0,3.0,240.0,3 g/l,80.0,4.2,0.5751,4.2 vol%,25.0,7.0,598 μmol g⁻¹ h⁻¹,598.0,10.1016/j.mssp.2020.105098,https://doi.org/10.1016/j.mssp.2020.105098,carbon-nanotube/ tio2 materials synthesized by a one-pot oxidation/hydrothermal route for the photocatalytic production of hydrogen from biomass derivatives,materials,2020.0,naffati et al.,needs_review,catalyst loading calc: 3.0 g/l × 80.0 ml = 240.00 mg; glycerol std: (4.2/100×1261)/92.09 = 0.5751 m; doi resolved via crossref api,high,medium,high,low,medium,high,high,0.625,1c74336c669931a2,3.2,4.21,86.0,1.0,3.89,5.65,-2.25,139.0,2.28,5.0,6.395261598115449
544,tio2,,,100.0,,pt,5.0,nanoparticle,anatase,3.0,5wt%pt/tio2,hydrothermal,,0.0,photodeposition,,0.0,uv,,8.0,8 w,365.0,0,0,0,1,0,1.5,120.0,1.5 g/l,80.0,4.2,0.5751,4.2 vol%,25.0,7.0,846 μmol g⁻¹ h⁻¹,846.0,10.1016/j.mssp.2020.105098,https://doi.org/10.1016/j.mssp.2020.105098,carbon-nanotube/ tio2 materials synthesized by a one-pot oxidation/hydrothermal route for the photocatalytic production of hydrogen from biomass derivatives,materials,2020.0,naffati et al.,needs_review,catalyst loading calc: 1.5 g/l × 80.0 ml = 120.00 mg; glycerol std: (4.2/100×1261)/92.09 = 0.5751 m; doi resolved via crossref api,high,medium,high,low,medium,high,high,0.625,64bd3a3090202236,3.2,4.21,86.0,1.0,3.89,5.65,-2.25,139.0,2.28,5.0,6.741700694652055
543,tio2,,,100.0,,pt,5.0,nanoparticle,anatase,3.0,5wt%pt/tio2,hydrothermal,,0.0,photodeposition,,0.0,uv,,8.0,8 w,365.0,0,0,0,1,0,0.75,60.0,0.75 g/l,80.0,4.2,0.5751,4.2 vol%,25.0,7.0,642 μmol g⁻¹ h⁻¹,642.0,10.1016/j.mssp.2020.105098,https://doi.org/10.1016/j.mssp.2020.105098,carbon-nanotube/ tio2 materials synthesized by a one-pot oxidation/hydrothermal route for the photocatalytic production of hydrogen from biomass derivatives,materials,2020.0,naffati et al.,needs_review,catalyst loading calc: 0.75 g/l × 80.0 ml = 60.00 mg; glycerol std: (4.2/100×1261)/92.09 = 0.5751 m; doi resolved via crossref api,high,medium,high,low,medium,high,high,0.625,eb498d1849c56a44,3.2,4.21,86.0,1.0,3.89,5.65,-2.25,139.0,2.28,5.0,6.466144724237619
542,tio2,,,100.0,,pt,5.0,nanoparticle,anatase,3.0,5wt%pt/tio2,hydrothermal,,0.0,photodeposition,,0.0,uv,,8.0,8 w,365.0,0,0,0,1,0,0.38,30.4,0.38 g/l,80.0,4.2,0.5751,4.2 vol%,25.0,7.0,320 μmol g⁻¹ h⁻¹,320.0,10.1016/j.mssp.2020.105098,https://doi.org/10.1016/j.mssp.2020.105098,carbon-nanotube/ tio2 materials synthesized by a one-pot oxidation/hydrothermal route for the photocatalytic production of hydrogen from biomass derivatives,materials,2020.0,naffati et al.,needs_review,catalyst loading calc: 0.38 g/l × 80.0 ml = 30.40 mg; glycerol std: (4.2/100×1261)/92.09 = 0.5751 m; doi resolved via crossref api,high,medium,high,low,medium,high,high,0.625,98b0620a3c0d7421,3.2,4.21,86.0,1.0,3.89,5.65,-2.25,139.0,2.28,5.0,5.771441123130016
5,tio2,g-c3n4,,50.0,10.0,ag,3.0,nanocomposite,anatase,,3wt%ag/tio2/g-c3n4,hydrothermal,,0.0,sol-gel,400.0,3.0,visible,xe lamp,35.0,35 w,420.0,1,0,0,0,1,1.15,149.5,1.15 g/l,130.0,5.0,0.6847,5 vol%,25.0,4.0,3605.2 μmol g⁻¹ h⁻¹,3605.2,10.1016/j.renene.2020.04.020,https://doi.org/10.1016/j.renene.2020.04.020,solar photocatalytic hydrogen production from glycerol reforming using ternary cu/ths/graphene,conference of the south african advanced materials initiative (proceedings),2020.0,seadira et al.,needs_review,"catalyst loading calc: 1.15 g/l × 130.0 ml = 149.50 mg; glycerol std: (5.0/100×1261)/92.09 = 0.6847 m; warning: conference proceedings, not journal article. cannot cite with doi.; wavelength_cutoff_nm=420nm inferred (xe lamp, visible cutoff); doi resolved via crossref api",high,medium,high,high,medium,high,low,0.625,0a9f18d97c6e4e2a,3.2,4.21,86.0,1.0,3.89,4.26,-4.3,144.0,1.93,4.0,8.190409865342268
881,tio2,,,100.0,,,,nanoparticle,anatase-rutile,,tio2,,,0.0,,,0.0,visible,xe lamp,300.0,300 w,420.0,1,0,0,0,1,0.5,1.0,0.5 g/l,2.0,10.0,1.3693,10 vol%,34.0,,141 μmol g⁻¹ h⁻¹,141.0,10.1016/j.ultsonch.2018.10.027,https://doi.org/10.1016/j.ultsonch.2018.10.027,effects of sonication on photocatalytic reforming of aqueous glycerol solutio,,2019.0,mizukoshi,needs_review,"catalyst loading calc: 0.5 g/l × 2.0 ml = 1.00 mg; glycerol std: (10.0/100×1261)/92.09 = 1.3693 m; co_catalyst set to 'none': bare semiconductor; wavelength_cutoff_nm=420nm inferred (xe lamp, visible cutoff); doi resolved via crossref api",high,medium,high,high,medium,low,low,0.5,578578a68801819e,3.2,4.21,86.0,1.0,3.89,0.0,0.0,0.0,0.0,0.0,4.955827057601261
882,tio2,,,100.0,,,,nanoparticle,anatase-rutile,,tio2,,,0.0,,,0.0,visible,xe lamp,300.0,300 w,420.0,1,0,0,0,1,0.5,1.0,0.5 g/l,2.0,10.0,1.3693,10 vol%,25.0,,95 μmol g⁻¹ h⁻¹,95.0,10.1016/j,https://doi.org/10.1016/j,needs_verification,energy conversion and management,2023.0,"zhang, j. et al.",needs_review,"catalyst loading calc: 0.5 g/l × 2.0 ml = 1.00 mg; glycerol std: (10.0/100×1261)/92.09 = 1.3693 m; co_catalyst set to 'none': bare semiconductor; wavelength_cutoff_nm=420nm inferred (xe lamp, visible cutoff)",high,medium,high,high,medium,low,low,0.5,a5b194ec7d50f108,3.2,4.21,86.0,1.0,3.89,0.0,0.0,0.0,0.0,0.0,4.564348191467836
535,la0.2na0.98tao3,,,100.0,,pt,1.0,nanoparticle,,3.97,1wt%pt/la0.2na0.98tao3,sol-gel,450.0,4.0,impregnation,400.0,3.0,uv,xe lamp,500.0,500 w,,1,0,0,1,0,0.25,50.0,0.25 g/l,200.0,10.0,1.3693,10 vol%,25.0,,86.16 μmol g⁻¹ h⁻¹,86.16,10.1016/j.ijhydene.2017.04.239,https://doi.org/10.1016/j.ijhydene.2017.04.239,photocatalytic h2 production from glycerol–water mixtures over ni/γ-al2o3 and tio2 composite systems,international journal of hydrogen energy,2017.0,gullapelli and s. m. s. scurrell and d. k. valluri,needs_review,catalyst loading calc: 0.25 g/l × 200.0 ml = 50.00 mg; glycerol std: (10.0/100×1261)/92.09 = 1.3693 m; doi resolved via crossref api,high,medium,high,high,low,low,high,0.5,587099a004079c4d,4.0,3.5,45.0,7.0,7.8,5.65,-2.25,139.0,2.28,5.0,4.467745510076419
546,tio2,,,100.0,,pt,1.0,nanoparticle,anatase,3.18,1wt%pt/tio2,oxidation & hydrothermal,,0.0,impregnation,,0.0,uv,led,,,384.0,0,0,1,1,0,0.5,50.0,0.5 g/l,100.0,2.5,0.3423,2.5 vol%,25.0,6.0,206.77 μmol g⁻¹ h⁻¹,206.77,10.1016/j.envres.2021.111323,https://doi.org/10.1016/j.envres.2021.111323,gram-scale synthesis of zns/nio core-shell hierarchical nanostructures and their enhanced h2 production in crude glycerol and sulphide wastewater,,2021.0,rao,needs_review,catalyst loading calc: 0.5 g/l × 100.0 ml = 50.00 mg; glycerol std: (2.5/100×1261)/92.09 = 0.3423 m; doi resolved via crossref api,high,medium,high,high,medium,high,high,0.5,440a3e54ad10d62e,3.2,4.21,86.0,1.0,3.89,5.65,-2.25,139.0,2.28,5.0,5.336431698656694
547,tio2,cnt,,99.0,,pt,1.0,nanocomposite,anatase,3.13,1wt%pt/tio2/cnt,oxidation & hydrothermal,,0.0,impregnation,,0.0,uv,led,,,384.0,0,0,1,1,0,0.5,50.0,0.5 g/l,100.0,2.5,0.3423,2.5 vol%,25.0,6.0,1045.5 μmol g⁻¹ h⁻¹,1045.5,10.1016/j.envres.2021.111323,https://doi.org/10.1016/j.envres.2021.111323,gram-scale synthesis of zns/nio core-shell hierarchical nanostructures and their enhanced h2 production in crude glycerol and sulphide wastewater,,2021.0,rao,needs_review,catalyst loading calc: 0.5 g/l × 100.0 ml = 50.00 mg; glycerol std: (2.5/100×1261)/92.09 = 0.3423 m; doi resolved via crossref api,high,medium,high,high,medium,high,high,0.5,78c90707227cac99,3.2,4.21,86.0,1.0,3.89,5.65,-2.25,139.0,2.28,5.0,6.953206541886054
548,tio2,cnt,,95.0,,pt,1.0,nanocomposite,anatase,3.08,1wt%pt/tio2/cnt,oxidation & hydrothermal,,0.0,impregnation,,0.0,uv,led,,,384.0,0,0,1,1,0,0.5,50.0,0.5 g/l,100.0,2.5,0.3423,2.5 vol%,25.0,6.0,300.75 μmol g⁻¹ h⁻¹,300.75,10.1016/j.envres.2021.111323,https://doi.org/10.1016/j.envres.2021.111323,gram-scale synthesis of zns/nio core-shell hierarchical nanostructures and their enhanced h2 production in crude glycerol and sulphide wastewater,,2021.0,rao,needs_review,catalyst loading calc: 0.5 g/l × 100.0 ml = 50.00 mg; glycerol std: (2.5/100×1261)/92.09 = 0.3423 m; doi resolved via crossref api,high,medium,high,high,medium,high,high,0.5,5df3e7253dee60f3,3.2,4.21,86.0,1.0,3.89,5.65,-2.25,139.0,2.28,5.0,5.709598859977641
549,tio2,cnt,,90.0,,pt,1.0,nanocomposite,anatase,3.05,1wt%pt/tio2/cnt,oxidation & hydrothermal,,0.0,impregnation,,0.0,uv,led,,,384.0,0,0,1,1,0,0.5,50.0,0.5 g/l,100.0,2.5,0.3423,2.5 vol%,25.0,6.0,316.42 μmol g⁻¹ h⁻¹,316.42,10.1016/j.envres.2021.111323,https://doi.org/10.1016/j.envres.2021.111323,gram-scale synthesis of zns/nio core-shell hierarchical nanostructures and their enhanced h2 production in crude glycerol and sulphide wastewater,,2021.0,rao,needs_review,catalyst loading calc: 0.5 g/l × 100.0 ml = 50.00 mg; glycerol std: (2.5/100×1261)/92.09 = 0.3423 m; doi resolved via crossref api,high,medium,high,high,medium,high,high,0.5,dd2cf1d336ae615d,3.2,4.21,86.0,1.0,3.89,5.65,-2.25,139.0,2.28,5.0,5.760225818079412
550,tio2,cnt,,80.0,,pt,1.0,nanocomposite,anatase,3.02,1wt%pt/tio2/cnt,oxidation & hydrothermal,,0.0,impregnation,,0.0,uv,led,,,384.0,0,0,1,1,0,0.5,50.0,0.5 g/l,100.0,2.5,0.3423,2.5 vol%,25.0,6.0,128.45 μmol g⁻¹ h⁻¹,128.45,10.1016/j.envres.2021.111323,https://doi.org/10.1016/j.envres.2021.111323,gram-scale synthesis of zns/nio core-shell hierarchical nanostructures and their enhanced h2 production in crude glycerol and sulphide wastewater,,2021.0,rao,needs_review,catalyst loading calc: 0.5 g/l × 100.0 ml = 50.00 mg; glycerol std: (2.5/100×1261)/92.09 = 0.3423 m; doi resolved via crossref api,high,medium,high,high,medium,high,high,0.5,67ecd60b35cb18c2,3.2,4.21,86.0,1.0,3.89,5.65,-2.25,139.0,2.28,5.0,4.8632947061975464
551,tio2,,,100.0,,pt,1.0,nanoparticle,anatase-brookite,,1wt%pt/tio2,,,0.0,photodeposition,,0.0,visible,xe lamp,100.0,100 w,420.0,1,0,0,0,1,0.08,96.0,0.08 g/l,1200.0,4.5,0.6162,4.5 vol%,30.0,,147520 μmol g⁻¹ h⁻¹,147520.0,10.1016/j,https://doi.org/10.1016/j,needs_verification,catalysis today,2024.0,"herrera-beurnio m, c. et al.",ok,"catalyst loading calc: 0.08 g/l × 1200.0 ml = 96.00 mg; glycerol std: (4.5/100×1261)/92.09 = 0.6162 m; wavelength_cutoff_nm=420nm inferred (xe lamp, visible cutoff)",high,medium,high,high,medium,low,low,0.5,2305c43285a5cb26,3.2,4.21,86.0,1.0,3.89,5.65,-2.25,139.0,2.28,5.0,11.90172581750931
31,tio2,,,100.0,,ag,0.5,nanotube,anatase-rutile,2.31,0.5wt%ag/tio2,,,0.0,impregnation,450.0,5.0,visible,,300.0,300 w,,0,0,0,0,1,0.1,5.0,0.1 g/l,50.0,5.0,0.6847,5 vol%,25.0,,16578 μmol g⁻¹ h⁻¹,16578.0,10.1002/cphc.201301140,https://doi.org/10.1002/cphc.201301140,production of hydrogen by glycerol photoreforming using binary nitrogen–metal-promoted n-m-tio2 photocatalysts,chemphyschem,2014.0,taylor and m. mehta and a. samokhvalov,needs_review,light source='artificial' too vague; set to null; catalyst loading calc: 0.1 g/l × 50.0 ml = 5.00 mg; glycerol std: (5.0/100×1261)/92.09 = 0.6847 m; doi resolved via crossref api,high,medium,high,low,low,low,high,0.5,7b0e8e98dd5450fc,3.2,4.21,86.0,1.0,3.89,4.26,-4.3,144.0,1.93,4.0,9.715892113239466
30,tio2,,,100.0,,ag,1.0,nanotube,anatase-rutile,2.28,1wt%ag/tio2,,,0.0,impregnation,450.0,5.0,visible,,300.0,300 w,,0,0,0,0,1,0.1,5.0,0.1 g/l,50.0,10.0,1.3693,10 vol%,25.0,,9832.9 μmol g⁻¹ h⁻¹,9832.9,10.1002/cphc.201301140,https://doi.org/10.1002/cphc.201301140,production of hydrogen by glycerol photoreforming using binary nitrogen–metal-promoted n-m-tio2 photocatalysts,chemphyschem,2014.0,taylor and m. mehta and a. samokhvalov,needs_review,light source='artificial' too vague; set to null; catalyst loading calc: 0.1 g/l × 50.0 ml = 5.00 mg; glycerol std: (10.0/100×1261)/92.09 = 1.3693 m; doi resolved via crossref api,high,medium,high,low,low,low,high,0.5,71b43fb7f2f4be4e,3.2,4.21,86.0,1.0,3.89,4.26,-4.3,144.0,1.93,4.0,9.193590879118068
29,tio2,,,100.0,,ag,1.0,nanotube,anatase-rutile,2.28,1wt%ag/tio2,,,0.0,impregnation,450.0,5.0,visible,,300.0,300 w,,0,0,0,0,1,0.1,5.0,0.1 g/l,50.0,7.5,1.027,7.5 vol%,25.0,,16134 μmol g⁻¹ h⁻¹,16134.0,10.1002/cphc.201301140,https://doi.org/10.1002/cphc.201301140,production of hydrogen by glycerol photoreforming using binary nitrogen–metal-promoted n-m-tio2 photocatalysts,chemphyschem,2014.0,taylor and m. mehta and a. samokhvalov,needs_review,light source='artificial' too vague; set to null; catalyst loading calc: 0.1 g/l × 50.0 ml = 5.00 mg; glycerol std: (7.5/100×1261)/92.09 = 1.0270 m; doi resolved via crossref api,high,medium,high,low,low,low,high,0.5,d1e0ed4bd3ba3fa6,3.2,4.21,86.0,1.0,3.89,4.26,-4.3,144.0,1.93,4.0,9.688746104486063
28,tio2,,,100.0,,ag,1.0,nanotube,anatase-rutile,2.28,1wt%ag/tio2,,,0.0,impregnation,450.0,5.0,visible,,300.0,300 w,,0,0,0,0,1,0.1,5.0,0.1 g/l,50.0,2.5,0.3423,2.5 vol%,25.0,,11026 μmol g⁻¹ h⁻¹,11026.0,10.1002/cphc.201301140,https://doi.org/10.1002/cphc.201301140,production of hydrogen by glycerol photoreforming using binary nitrogen–metal-promoted n-m-tio2 photocatalysts,chemphyschem,2014.0,taylor and m. mehta and a. samokhvalov,needs_review,light source='artificial' too vague; set to null; catalyst loading calc: 0.1 g/l × 50.0 ml = 5.00 mg; glycerol std: (2.5/100×1261)/92.09 = 0.3423 m; doi resolved via crossref api,high,medium,high,low,low,low,high,0.5,55a55678e2d3ec58,3.2,4.21,86.0,1.0,3.89,4.26,-4.3,144.0,1.93,4.0,9.308102089758679
27,tio2,,,100.0,,ag,1.0,nanotube,anatase-rutile,2.28,1wt%ag/tio2,,,0.0,impregnation,450.0,5.0,visible,,300.0,300 w,,0,0,0,0,1,0.1,5.0,0.1 g/l,50.0,10.0,1.3693,10 vol%,25.0,,10406 μmol g⁻¹ h⁻¹,10406.0,10.1002/cphc.201301140,https://doi.org/10.1002/cphc.201301140,production of hydrogen by glycerol photoreforming using binary nitrogen–metal-promoted n-m-tio2 photocatalysts,chemphyschem,2014.0,taylor and m. mehta and a. samokhvalov,needs_review,catalyst loading calc: 0.1 g/l × 50.0 ml = 5.00 mg; glycerol std: (10.0/100×1261)/92.09 = 1.3693 m; doi resolved via crossref api,high,medium,high,low,low,low,high,0.5,0d33f47acc87e976,3.2,4.21,86.0,1.0,3.89,4.26,-4.3,144.0,1.93,4.0,9.25023393563786
26,tio2,,,100.0,,ag,1.0,nanotube,anatase-rutile,2.28,1wt%ag/tio2,,,0.0,impregnation,450.0,5.0,visible,,300.0,300 w,,0,0,0,0,1,0.1,5.0,0.1 g/l,50.0,7.5,1.027,7.5 vol%,25.0,,16659 μmol g⁻¹ h⁻¹,16659.0,10.1002/cphc.201301140,https://doi.org/10.1002/cphc.201301140,production of hydrogen by glycerol photoreforming using binary nitrogen–metal-promoted n-m-tio2 photocatalysts,chemphyschem,2014.0,taylor and m. mehta and a. samokhvalov,needs_review,catalyst loading calc: 0.1 g/l × 50.0 ml = 5.00 mg; glycerol std: (7.5/100×1261)/92.09 = 1.0270 m; doi resolved via crossref api,high,medium,high,low,low,low,high,0.5,8cde2a2edea8c791,3.2,4.21,86.0,1.0,3.89,4.26,-4.3,144.0,1.93,4.0,9.720765915720834
25,tio2,,,100.0,,ag,1.0,nanotube,anatase-rutile,2.28,1wt%ag/tio2,,,0.0,impregnation,450.0,5.0,visible,,300.0,300 w,,0,0,0,0,1,0.1,5.0,0.1 g/l,50.0,2.5,0.3423,2.5 vol%,25.0,,11504 μmol g⁻¹ h⁻¹,11504.0,10.1002/cphc.201301140,https://doi.org/10.1002/cphc.201301140,production of hydrogen by glycerol photoreforming using binary nitrogen–metal-promoted n-m-tio2 photocatalysts,chemphyschem,2014.0,taylor and m. mehta and a. samokhvalov,needs_review,catalyst loading calc: 0.1 g/l × 50.0 ml = 5.00 mg; glycerol std: (2.5/100×1261)/92.09 = 0.3423 m; doi resolved via crossref api,high,medium,high,low,low,low,high,0.5,4b08d3404c85f311,3.2,4.21,86.0,1.0,3.89,4.26,-4.3,144.0,1.93,4.0,9.350537002469466
24,tio2,,,100.0,,ag,1.0,nanotube,anatase-rutile,2.28,1wt%ag/tio2,,,0.0,impregnation,450.0,5.0,visible,,300.0,300 w,,0,0,0,0,1,0.2,10.0,0.2 g/l,50.0,5.0,0.6847,5 vol%,25.0,,12457 μmol g⁻¹ h⁻¹,12457.0,10.1002/cphc.201301140,https://doi.org/10.1002/cphc.201301140,production of hydrogen by glycerol photoreforming using binary nitrogen–metal-promoted n-m-tio2 photocatalysts,chemphyschem,2014.0,taylor and m. mehta and a. samokhvalov,needs_review,light source='artificial' too vague; set to null; catalyst loading calc: 0.2 g/l × 50.0 ml = 10.00 mg; glycerol std: (5.0/100×1261)/92.09 = 0.6847 m; doi resolved via crossref api,high,medium,high,low,low,low,high,0.5,45e9e557a4fb3158,3.2,4.21,86.0,1.0,3.89,4.26,-4.3,144.0,1.93,4.0,9.430118265814091
23,tio2,,,100.0,,ag,1.0,nanotube,anatase-rutile,2.28,1wt%ag/tio2,,,0.0,impregnation,450.0,5.0,visible,,300.0,300 w,,0,0,0,0,1,0.15,7.5,0.15 g/l,50.0,5.0,0.6847,5 vol%,25.0,,16508 μmol g⁻¹ h⁻¹,16508.0,10.1002/cphc.201301140,https://doi.org/10.1002/cphc.201301140,production of hydrogen by glycerol photoreforming using binary nitrogen–metal-promoted n-m-tio2 photocatalysts,chemphyschem,2014.0,taylor and m. mehta and a. samokhvalov,needs_review,light source='artificial' too vague; set to null; catalyst loading calc: 0.15 g/l × 50.0 ml = 7.50 mg; glycerol std: (5.0/100×1261)/92.09 = 0.6847 m; doi resolved via crossref api,high,medium,high,low,low,low,high,0.5,7fb08a2c7335933d,3.2,4.21,86.0,1.0,3.89,4.26,-4.3,144.0,1.93,4.0,9.711660965727868
509,pbtio3,,,100.0,,pt,0.6,nanosheets,,2.42,0.6wt%pt/pbtio3,sol-gel,450.0,4.0,photodeposition,,0.0,visible,xe lamp,500.0,500 w,420.0,1,0,0,0,1,2.0,400.0,2 g/l,200.0,10.0,1.3693,10 vol%,25.0,,4199.6 μmol g⁻¹ h⁻¹,4199.6,10.1016/j.ceramint.2020.06.271,https://doi.org/10.1016/j.ceramint.2020.06.271,bi2o3/g-c3n4 nanocomposites as proficient photocatalysts for hydrogen generation from aqueous glycerol solutions beneath visible light,ceramics international,2020.0,alhaddad et al.,needs_review,catalyst loading calc: 2.0 g/l × 200.0 ml = 400.00 mg; glycerol std: (10.0/100×1261)/92.09 = 1.3693 m; doi resolved via crossref api,high,medium,high,high,medium,low,high,0.5,cac5363a7a954a3c,3.4,3.5,150.0,7.0,7.99,5.65,-2.25,139.0,2.28,5.0,8.342982651211207
508,pbtio3,,,100.0,,pt,0.6,nanosheets,,2.42,0.6wt%pt/pbtio3,sol-gel,450.0,4.0,photodeposition,,0.0,visible,xe lamp,500.0,500 w,420.0,1,0,0,0,1,1.5,300.0,1.5 g/l,200.0,10.0,1.3693,10 vol%,25.0,,3576.8 μmol g⁻¹ h⁻¹,3576.8,10.1016/j.ceramint.2020.06.271,https://doi.org/10.1016/j.ceramint.2020.06.271,bi2o3/g-c3n4 nanocomposites as proficient photocatalysts for hydrogen generation from aqueous glycerol solutions beneath visible light,ceramics international,2020.0,alhaddad et al.,needs_review,catalyst loading calc: 1.5 g/l × 200.0 ml = 300.00 mg; glycerol std: (10.0/100×1261)/92.09 = 1.3693 m; doi resolved via crossref api,high,medium,high,high,medium,low,high,0.5,188fc47f44810cb1,3.4,3.5,150.0,7.0,7.99,5.65,-2.25,139.0,2.28,5.0,8.182503365357116
507,pbtio3,,,100.0,,pt,0.6,nanosheets,,2.42,0.6wt%pt/pbtio3,sol-gel,450.0,4.0,photodeposition,,0.0,visible,xe lamp,500.0,500 w,420.0,1,0,0,0,1,1.0,200.0,1 g/l,200.0,10.0,1.3693,10 vol%,25.0,,2706.6 μmol g⁻¹ h⁻¹,2706.6,10.1016/j.ceramint.2020.06.271,https://doi.org/10.1016/j.ceramint.2020.06.271,bi2o3/g-c3n4 nanocomposites as proficient photocatalysts for hydrogen generation from aqueous glycerol solutions beneath visible light,ceramics international,2020.0,alhaddad et al.,needs_review,catalyst loading calc: 1.0 g/l × 200.0 ml = 200.00 mg; glycerol std: (10.0/100×1261)/92.09 = 1.3693 m; doi resolved via crossref api,high,medium,high,high,medium,low,high,0.5,68cf68507f393abd,3.4,3.5,150.0,7.0,7.99,5.65,-2.25,139.0,2.28,5.0,7.9038179126344525
506,pbtio3,,,100.0,,pt,0.6,nanosheets,,2.42,0.6wt%pt/pbtio3,sol-gel,450.0,4.0,photodeposition,,0.0,visible,xe lamp,500.0,500 w,420.0,1,0,0,0,1,0.5,100.0,0.5 g/l,200.0,10.0,1.3693,10 vol%,25.0,,1341.3 μmol g⁻¹ h⁻¹,1341.3,10.1016/j.ceramint.2020.06.271,https://doi.org/10.1016/j.ceramint.2020.06.271,bi2o3/g-c3n4 nanocomposites as proficient photocatalysts for hydrogen generation from aqueous glycerol solutions beneath visible light,ceramics international,2020.0,alhaddad et al.,needs_review,catalyst loading calc: 0.5 g/l × 200.0 ml = 100.00 mg; glycerol std: (10.0/100×1261)/92.09 = 1.3693 m; doi resolved via crossref api,high,medium,high,high,medium,low,high,0.5,7299b82a91c070a9,3.4,3.5,150.0,7.0,7.99,5.65,-2.25,139.0,2.28,5.0,7.20213983949359
557,tio2,,,100.0,,pt,1.0,nanoparticle,anatase-brookite,,1wt%pt/tio2,,,0.0,photodeposition,,0.0,visible,xe lamp,100.0,100 w,420.0,1,0,0,0,1,0.97,1164.0,0.97 g/l,1200.0,4.5,0.6162,4.5 vol%,30.0,,18960 μmol g⁻¹ h⁻¹,18960.0,10.1016/j,https://doi.org/10.1016/j,needs_verification,catalysis today,2024.0,"herrera-beurnio m, c. et al.",ok,"catalyst loading calc: 0.97 g/l × 1200.0 ml = 1164.00 mg; glycerol std: (4.5/100×1261)/92.09 = 0.6162 m; wavelength_cutoff_nm=420nm inferred (xe lamp, visible cutoff)",high,medium,high,high,medium,low,low,0.5,76184561e1940cdb,3.2,4.21,86.0,1.0,3.89,5.65,-2.25,139.0,2.28,5.0,9.850139517034204
556,tio2,,,100.0,,pt,1.0,nanoparticle,anatase-brookite,,1wt%pt/tio2,,,0.0,sol-gel,400.0,2.0,visible,xe lamp,100.0,100 w,420.0,1,0,0,0,1,0.08,96.0,0.08 g/l,1200.0,4.5,0.6162,4.5 vol%,30.0,,19212 μmol g⁻¹ h⁻¹,19212.0,10.1016/j,https://doi.org/10.1016/j,needs_verification,catalysis today,2024.0,"herrera-beurnio m, c. et al.",ok,"catalyst loading calc: 0.08 g/l × 1200.0 ml = 96.00 mg; glycerol std: (4.5/100×1261)/92.09 = 0.6162 m; wavelength_cutoff_nm=420nm inferred (xe lamp, visible cutoff)",high,medium,high,high,medium,low,low,0.5,c34ea4d249ee0708,3.2,4.21,86.0,1.0,3.89,5.65,-2.25,139.0,2.28,5.0,9.8633424122317
555,tio2,,,100.0,,pt,0.5,nanoparticle,anatase-brookite,,0.5wt%pt/tio2,,,0.0,sol-gel,400.0,2.0,visible,xe lamp,100.0,100 w,420.0,1,0,0,0,1,0.08,96.0,0.08 g/l,1200.0,4.5,0.6162,4.5 vol%,30.0,,41281 μmol g⁻¹ h⁻¹,41281.0,10.1016/j,https://doi.org/10.1016/j,needs_verification,catalysis today,2024.0,"herrera-beurnio m, c. et al.",ok,"catalyst loading calc: 0.08 g/l × 1200.0 ml = 96.00 mg; glycerol std: (4.5/100×1261)/92.09 = 0.6162 m; wavelength_cutoff_nm=420nm inferred (xe lamp, visible cutoff)",high,medium,high,high,medium,low,low,0.5,82e3d29386224bdd,3.2,4.21,86.0,1.0,3.89,5.65,-2.25,139.0,2.28,5.0,10.628181848594203
158,tio2,,,100.0,,cu,1.0,nanoparticle,anatase-rutile,2.75,1wt%cu/tio2,,,0.0,impregnation,450.0,5.0,visible,,400.0,400 w,,0,0,0,0,1,2.0,100.0,2 g/l,50.0,5.0,0.6847,5 vol%,25.0,,12700 μmol g⁻¹ h⁻¹,12700.0,10.1021/jp107405u,https://doi.org/10.1021/jp107405u,highly stabilized and finely dispersed cu2o/tio2: a promising visible sensitive photocatalyst for continuous production of hydrogen from glycerol: water mixtures,the journal of physical chemistry c,2010.0,lalitha et al.,needs_review,catalyst loading calc: 2.0 g/l × 50.0 ml = 100.00 mg; glycerol std: (5.0/100×1261)/92.09 = 0.6847 m; doi resolved via crossref api,high,medium,high,low,low,low,high,0.5,43509e06b564e155,3.2,4.21,86.0,1.0,3.89,4.65,-2.67,128.0,1.9,2.0,9.44943600950432
157,tio2,,,100.0,,cu,1.0,nanoparticle,anatase-rutile,2.74,1wt%cu/tio2,,,0.0,impregnation,350.0,5.0,visible,,400.0,400 w,,0,0,0,0,1,2.0,100.0,2 g/l,50.0,5.0,0.6847,5 vol%,25.0,,11900 μmol g⁻¹ h⁻¹,11900.0,10.1021/jp107405u,https://doi.org/10.1021/jp107405u,highly stabilized and finely dispersed cu2o/tio2: a promising visible sensitive photocatalyst for continuous production of hydrogen from glycerol: water mixtures,the journal of physical chemistry c,2010.0,lalitha et al.,needs_review,catalyst loading calc: 2.0 g/l × 50.0 ml = 100.00 mg; glycerol std: (5.0/100×1261)/92.09 = 0.6847 m; doi resolved via crossref api,high,medium,high,low,low,low,high,0.5,7ed5c5c825f1350c,3.2,4.21,86.0,1.0,3.89,4.65,-2.67,128.0,1.9,2.0,9.38437770918244
156,tio2,,,100.0,,cu,0.5,nanoparticle,anatase-rutile,2.62,0.5wt%cu/tio2,,,0.0,impregnation,450.0,5.0,uv,hg lamp,400.0,400 w,,0,1,0,1,0,2.0,100.0,2 g/l,50.0,5.0,0.6847,5 vol%,25.0,,41632 μmol g⁻¹ h⁻¹,41632.0,10.1021/jp107405u,https://doi.org/10.1021/jp107405u,highly stabilized and finely dispersed cu2o/tio2: a promising visible sensitive photocatalyst for continuous production of hydrogen from glycerol: water mixtures,the journal of physical chemistry c,2010.0,lalitha et al.,needs_review,catalyst loading calc: 2.0 g/l × 50.0 ml = 100.00 mg; glycerol std: (5.0/100×1261)/92.09 = 0.6847 m; doi resolved via crossref api,high,medium,high,high,low,low,high,0.5,697966e8b93b2a1e,3.2,4.21,86.0,1.0,3.89,4.65,-2.67,128.0,1.9,2.0,10.636648401008383
155,tio2,,,100.0,,cu,0.5,nanoparticle,anatase-rutile,2.51,0.5wt%cu/tio2,,,0.0,impregnation,350.0,5.0,uv,hg lamp,400.0,400 w,,0,1,0,1,0,2.0,100.0,2 g/l,50.0,5.0,0.6847,5 vol%,25.0,,43105 μmol g⁻¹ h⁻¹,43105.0,10.1021/jp107405u,https://doi.org/10.1021/jp107405u,highly stabilized and finely dispersed cu2o/tio2: a promising visible sensitive photocatalyst for continuous production of hydrogen from glycerol: water mixtures,the journal of physical chemistry c,2010.0,lalitha et al.,needs_review,catalyst loading calc: 2.0 g/l × 50.0 ml = 100.00 mg; glycerol std: (5.0/100×1261)/92.09 = 0.6847 m; doi resolved via crossref api,high,medium,high,high,low,low,high,0.5,d55588e97325dfe0,3.2,4.21,86.0,1.0,3.89,4.65,-2.67,128.0,1.9,2.0,10.671417477539759
154,tio2,,,100.0,,cu,0.5,nanoparticle,anatase-rutile,2.83,0.5wt%cu/tio2,,,0.0,impregnation,450.0,5.0,visible,,400.0,400 w,,0,0,0,0,1,2.0,100.0,2 g/l,50.0,5.0,0.6847,5 vol%,25.0,,20060 μmol g⁻¹ h⁻¹,20060.0,10.1021/jp107405u,https://doi.org/10.1021/jp107405u,highly stabilized and finely dispersed cu2o/tio2: a promising visible sensitive photocatalyst for continuous production of hydrogen from glycerol: water mixtures,the journal of physical chemistry c,2010.0,lalitha et al.,needs_review,catalyst loading calc: 2.0 g/l × 50.0 ml = 100.00 mg; glycerol std: (5.0/100×1261)/92.09 = 0.6847 m; doi resolved via crossref api,high,medium,high,low,low,low,high,0.5,14fee0a93d031f74,3.2,4.21,86.0,1.0,3.89,4.65,-2.67,128.0,1.9,2.0,9.906532910722088
153,tio2,,,100.0,,cu,0.5,nanoparticle,anatase-rutile,2.79,0.5wt%cu/tio2,,,0.0,impregnation,350.0,5.0,visible,,400.0,400 w,,0,0,0,0,1,2.0,100.0,2 g/l,50.0,5.0,0.6847,5 vol%,25.0,,16500 μmol g⁻¹ h⁻¹,16500.0,10.1021/jp107405u,https://doi.org/10.1021/jp107405u,highly stabilized and finely dispersed cu2o/tio2: a promising visible sensitive photocatalyst for continuous production of hydrogen from glycerol: water mixtures,the journal of physical chemistry c,2010.0,lalitha et al.,needs_review,catalyst loading calc: 2.0 g/l × 50.0 ml = 100.00 mg; glycerol std: (5.0/100×1261)/92.09 = 0.6847 m; doi resolved via crossref api,high,medium,high,low,low,low,high,0.5,3b78a79257201842,3.2,4.21,86.0,1.0,3.89,4.65,-2.67,128.0,1.9,2.0,9.711176264112805
734,zno,zns,,,,,,nanorod,,,zno/zns,sonication,,0.0,hydrothermal,,0.0,visible,xe lamp,350.0,350 w,420.0,1,0,0,0,1,1.0,50.0,1 g/l,50.0,10.0,1.3693,10 vol%,5.0,,208 μmol g⁻¹ h⁻¹,208.0,10.1016/j.apsusc.2018.05.004,https://doi.org/10.1016/j.apsusc.2018.05.004,photocatalytic hydrogen production from glycerol solution at room temperature by zno-zns/graphene photocatalysts,applied surface science,2018.0,chang et al.,needs_review,"catalyst loading calc: 1.0 g/l × 50.0 ml = 50.00 mg; glycerol std: (10.0/100×1261)/92.09 = 1.3693 m; co_catalyst set to 'none': bare semiconductor; wavelength_cutoff_nm=420nm inferred (xe lamp, visible cutoff); doi resolved via crossref api",high,medium,high,high,medium,low,low,0.5,5b7c87b2c7c6216c,3.37,4.35,8.5,3.0,5.61,0.0,0.0,0.0,0.0,0.0,5.342334251964811
733,zno,,,100.0,,,,nanorod,,,zno,sonication,,0.0,hydrothermal,,0.0,visible,xe lamp,350.0,350 w,420.0,1,0,0,0,1,1.0,50.0,1 g/l,50.0,10.0,1.3693,10 vol%,25.0,,38 μmol g⁻¹ h⁻¹,38.0,10.1016/j.apsusc.2018.05.004,https://doi.org/10.1016/j.apsusc.2018.05.004,photocatalytic hydrogen production from glycerol solution at room temperature by zno-zns/graphene photocatalysts,applied surface science,2018.0,chang et al.,needs_review,"catalyst loading calc: 1.0 g/l × 50.0 ml = 50.00 mg; glycerol std: (10.0/100×1261)/92.09 = 1.3693 m; co_catalyst set to 'none': bare semiconductor; wavelength_cutoff_nm=420nm inferred (xe lamp, visible cutoff); doi resolved via crossref api",high,medium,high,high,medium,low,low,0.5,a1680d5026d07591,3.37,4.35,8.5,3.0,5.61,0.0,0.0,0.0,0.0,0.0,3.6635616461296463
732,zno,,,100.0,,,,nanorod,,,zno,sonication,,0.0,hydrothermal,,0.0,visible,xe lamp,350.0,350 w,420.0,1,0,0,0,1,1.0,50.0,1 g/l,50.0,10.0,1.3693,10 vol%,15.0,,26 μmol g⁻¹ h⁻¹,26.0,10.1016/j.apsusc.2018.05.004,https://doi.org/10.1016/j.apsusc.2018.05.004,photocatalytic hydrogen production from glycerol solution at room temperature by zno-zns/graphene photocatalysts,applied surface science,2018.0,chang et al.,needs_review,"catalyst loading calc: 1.0 g/l × 50.0 ml = 50.00 mg; glycerol std: (10.0/100×1261)/92.09 = 1.3693 m; co_catalyst set to 'none': bare semiconductor; wavelength_cutoff_nm=420nm inferred (xe lamp, visible cutoff); doi resolved via crossref api",high,medium,high,high,medium,low,low,0.5,cc0f7055311ae919,3.37,4.35,8.5,3.0,5.61,0.0,0.0,0.0,0.0,0.0,3.295836866004329
731,zno,,,100.0,,,,nanorod,,,zno,sonication,,0.0,hydrothermal,,0.0,visible,xe lamp,350.0,350 w,420.0,1,0,0,0,1,1.0,50.0,1 g/l,50.0,10.0,1.3693,10 vol%,5.0,,12 μmol g⁻¹ h⁻¹,12.0,10.1016/j.apsusc.2018.05.004,https://doi.org/10.1016/j.apsusc.2018.05.004,photocatalytic hydrogen production from glycerol solution at room temperature by zno-zns/graphene photocatalysts,applied surface science,2018.0,chang et al.,needs_review,"catalyst loading calc: 1.0 g/l × 50.0 ml = 50.00 mg; glycerol std: (10.0/100×1261)/92.09 = 1.3693 m; co_catalyst set to 'none': bare semiconductor; wavelength_cutoff_nm=420nm inferred (xe lamp, visible cutoff); doi resolved via crossref api",high,medium,high,high,medium,low,low,0.5,c0d2c360dc832a29,3.37,4.35,8.5,3.0,5.61,0.0,0.0,0.0,0.0,0.0,2.5649493574615367
730,tio2,ag2o,,95.0,,,,nanocomposite,anatase-rutile,2.85,tio2/ag2o,hydrothermal,,0.0,impregnation,400.0,4.0,uv,hg lamp,400.0,400 w,,0,1,0,1,0,0.1,5.0,0.1 g/l,50.0,5.0,0.6847,5 vol%,25.0,,3298 μmol g⁻¹ h⁻¹,3298.0,10.1016/j.ijhydene.2014.07.073,https://doi.org/10.1016/j.ijhydene.2014.07.073,experimental design as a tool to study the reaction parameters in hydrogen production from photoinduced reforming of glycerol over cds photocatalyst,international journal of hydrogen energy,2014.0,bastos et al.,needs_review,catalyst loading calc: 0.1 g/l × 50.0 ml = 5.00 mg; glycerol std: (5.0/100×1261)/92.09 = 0.6847 m; co_catalyst set to 'none': bare semiconductor; doi resolved via crossref api,high,medium,high,high,low,low,high,0.5,208b0e2a95c59eb3,3.2,4.21,86.0,1.0,3.89,0.0,0.0,0.0,0.0,0.0,8.101374671228582
729,tio2,ag2o,,96.0,,,,nanocomposite,anatase-rutile,,tio2/ag2o,hydrothermal,,0.0,impregnation,400.0,4.0,uv,hg lamp,400.0,400 w,,0,1,0,1,0,0.1,5.0,0.1 g/l,50.0,5.0,0.6847,5 vol%,25.0,,5300 μmol g⁻¹ h⁻¹,5300.0,10.1016/j.ijhydene.2014.07.073,https://doi.org/10.1016/j.ijhydene.2014.07.073,experimental design as a tool to study the reaction parameters in hydrogen production from photoinduced reforming of glycerol over cds photocatalyst,international journal of hydrogen energy,2014.0,bastos et al.,needs_review,catalyst loading calc: 0.1 g/l × 50.0 ml = 5.00 mg; glycerol std: (5.0/100×1261)/92.09 = 0.6847 m; co_catalyst set to 'none': bare semiconductor; doi resolved via crossref api,high,medium,high,high,low,low,low,0.5,740b4ed37c66abf8,3.2,4.21,86.0,1.0,3.89,0.0,0.0,0.0,0.0,0.0,8.575650760987806
728,tio2,ag2o,,97.0,,,,nanocomposite,anatase-rutile,2.95,tio2/ag2o,hydrothermal,,0.0,impregnation,400.0,4.0,uv,hg lamp,400.0,400 w,,0,1,0,1,0,1.0,50.0,1 g/l,50.0,5.0,0.6847,5 vol%,25.0,,3229.6 μmol g⁻¹ h⁻¹,3229.6,10.1016/j.ijhydene.2014.07.073,https://doi.org/10.1016/j.ijhydene.2014.07.073,experimental design as a tool to study the reaction parameters in hydrogen production from photoinduced reforming of glycerol over cds photocatalyst,international journal of hydrogen energy,2014.0,bastos et al.,needs_review,catalyst loading calc: 1.0 g/l × 50.0 ml = 50.00 mg; glycerol std: (5.0/100×1261)/92.09 = 0.6847 m; co_catalyst set to 'none': bare semiconductor; doi resolved via crossref api,high,medium,high,high,low,low,high,0.5,1ab97fe2b882abd3,3.2,4.21,86.0,1.0,3.89,0.0,0.0,0.0,0.0,0.0,8.080423157479657
727,tio2,ag2o,,97.0,,,,nanocomposite,anatase-rutile,2.95,tio2/ag2o,hydrothermal,,0.0,impregnation,400.0,4.0,uv,hg lamp,400.0,400 w,,0,1,0,1,0,0.5,25.0,0.5 g/l,50.0,5.0,0.6847,5 vol%,25.0,,2298.3 μmol g⁻¹ h⁻¹,2298.3,10.1016/j.ijhydene.2014.07.073,https://doi.org/10.1016/j.ijhydene.2014.07.073,experimental design as a tool to study the reaction parameters in hydrogen production from photoinduced reforming of glycerol over cds photocatalyst,international journal of hydrogen energy,2014.0,bastos et al.,needs_review,catalyst loading calc: 0.5 g/l × 50.0 ml = 25.00 mg; glycerol std: (5.0/100×1261)/92.09 = 0.6847 m; co_catalyst set to 'none': bare semiconductor; doi resolved via crossref api,high,medium,high,high,low,low,high,0.5,1d3dab30d8a2991f,3.2,4.21,86.0,1.0,3.89,0.0,0.0,0.0,0.0,0.0,7.740360007767955
726,tio2,ag2o,,97.0,,,,nanocomposite,anatase-rutile,2.95,tio2/ag2o,hydrothermal,,0.0,impregnation,400.0,4.0,uv,hg lamp,400.0,400 w,,0,1,0,1,0,0.2,10.0,0.2 g/l,50.0,5.0,0.6847,5 vol%,25.0,,7270.4 μmol g⁻¹ h⁻¹,7270.4,10.1016/j.ijhydene.2014.07.073,https://doi.org/10.1016/j.ijhydene.2014.07.073,experimental design as a tool to study the reaction parameters in hydrogen production from photoinduced reforming of glycerol over cds photocatalyst,international journal of hydrogen energy,2014.0,bastos et al.,needs_review,catalyst loading calc: 0.2 g/l × 50.0 ml = 10.00 mg; glycerol std: (5.0/100×1261)/92.09 = 0.6847 m; co_catalyst set to 'none': bare semiconductor; doi resolved via crossref api,high,medium,high,high,low,low,high,0.5,a39c2dbdc1818ec2,3.2,4.21,86.0,1.0,3.89,0.0,0.0,0.0,0.0,0.0,8.891704124202496
725,tio2,ag2o,,97.0,,,,nanocomposite,anatase-rutile,2.95,tio2/ag2o,hydrothermal,,0.0,impregnation,400.0,4.0,uv,hg lamp,400.0,400 w,,0,1,0,1,0,0.1,5.0,0.1 g/l,50.0,5.0,0.6847,5 vol%,25.0,,7030 μmol g⁻¹ h⁻¹,7030.0,10.1016/j.ijhydene.2014.07.073,https://doi.org/10.1016/j.ijhydene.2014.07.073,experimental design as a tool to study the reaction parameters in hydrogen production from photoinduced reforming of glycerol over cds photocatalyst,international journal of hydrogen energy,2014.0,bastos et al.,needs_review,catalyst loading calc: 0.1 g/l × 50.0 ml = 5.00 mg; glycerol std: (5.0/100×1261)/92.09 = 0.6847 m; co_catalyst set to 'none': bare semiconductor; doi resolved via crossref api,high,medium,high,high,low,low,high,0.5,23b5597af33fe59f,3.2,4.21,86.0,1.0,3.89,0.0,0.0,0.0,0.0,0.0,8.858084222199162
719,tio2,,,100.0,,,,nanocomposite,anatase-rutile,3.22,tio2,,,0.0,hydrothermal,300.0,1.0,uv,hg lamp,400.0,400 w,,0,1,0,1,0,0.1,5.0,0.1 g/l,50.0,5.0,0.6847,5 vol%,25.0,,300 μmol g⁻¹ h⁻¹,300.0,10.1016/j.apcatb.2011.05.046,https://doi.org/10.1016/j.apcatb.2011.05.046,photocatalytic reforming of c3-polyols for h2 production: part (i). role of their oh groups,applied catalysis b: environmental,2011.0,fu et al.,needs_review,catalyst loading calc: 0.1 g/l × 50.0 ml = 5.00 mg; glycerol std: (5.0/100×1261)/92.09 = 0.6847 m; co_catalyst set to 'none': bare semiconductor; doi resolved via crossref api,high,medium,high,high,low,low,high,0.5,4f57709a0b854240,3.2,4.21,86.0,1.0,3.89,0.0,0.0,0.0,0.0,0.0,5.707110264748875
718,tio2,,,100.0,,,,nanocomposite,anatase-rutile,3.2,tio2,,,0.0,hydrothermal,,0.0,uv,hg lamp,400.0,400 w,,0,1,0,1,0,0.1,5.0,0.1 g/l,50.0,5.0,0.6847,5 vol%,25.0,,350 μmol g⁻¹ h⁻¹,350.0,10.1016/j,https://doi.org/10.1016/j,needs_verification,international journal of hydrogen energy,2022.0,"zhong, w. et al.",needs_review,catalyst loading calc: 0.1 g/l × 50.0 ml = 5.00 mg; glycerol std: (5.0/100×1261)/92.09 = 0.6847 m; co_catalyst set to 'none': bare semiconductor,high,medium,high,high,low,low,high,0.5,23ef2bf3bd18c523,3.2,4.21,86.0,1.0,3.89,0.0,0.0,0.0,0.0,0.0,5.860786223465865
714,tio2,cnt,,95.0,,,,nanoparticle,anatase,2.54,tio2/cnt,,,0.0,sol-gel,500.0,3.0,visible,xe lamp,35.0,35 w,420.0,1,0,0,0,1,0.83,99.6,0.83 g/l,120.0,10.0,1.3693,10 vol%,25.0,,9225 μmol g⁻¹ h⁻¹,9225.0,10.1016/j.ijhydene.2018.09.148,https://doi.org/10.1016/j.ijhydene.2018.09.148,challenges arising from the use of tio2/rgo/pt photocatalysts to produce hydrogen from crude glycerol compared to synthetic glycerol,international journal of hydrogen energy,2019.0,ribao et al.,needs_review,"catalyst loading calc: 0.83 g/l × 120.0 ml = 99.60 mg; glycerol std: (10.0/100×1261)/92.09 = 1.3693 m; co_catalyst set to 'none': bare semiconductor; wavelength_cutoff_nm=420nm inferred (xe lamp, visible cutoff); doi resolved via crossref api",high,medium,high,high,medium,low,high,0.5,c20eabf392594b7a,3.2,4.21,86.0,1.0,3.89,0.0,0.0,0.0,0.0,0.0,9.129780864117766
713,tio2,,,100.0,,,,nanoparticle,anatase,3.1,tio2,,,0.0,sol-gel,500.0,3.0,visible,xe lamp,35.0,35 w,420.0,1,0,0,0,1,0.83,99.6,0.83 g/l,120.0,10.0,1.3693,10 vol%,25.0,,4253 μmol g⁻¹ h⁻¹,4253.0,10.1016/j.ijhydene.2018.09.148,https://doi.org/10.1016/j.ijhydene.2018.09.148,challenges arising from the use of tio2/rgo/pt photocatalysts to produce hydrogen from crude glycerol compared to synthetic glycerol,international journal of hydrogen energy,2019.0,ribao et al.,needs_review,"catalyst loading calc: 0.83 g/l × 120.0 ml = 99.60 mg; glycerol std: (10.0/100×1261)/92.09 = 1.3693 m; co_catalyst set to 'none': bare semiconductor; wavelength_cutoff_nm=420nm inferred (xe lamp, visible cutoff); doi resolved via crossref api",high,medium,high,high,medium,low,high,0.5,f7a286098135de66,3.2,4.21,86.0,1.0,3.89,0.0,0.0,0.0,0.0,0.0,8.355614995760183
704,tio2,zno,,95.71,,,,nanocomposite,anatase,,tio2/zno,,,0.0,sol-gel,500.0,4.0,visible,xe lamp,350.0,350 w,420.0,1,0,0,0,1,0.2,20.0,0.2 g/l,100.0,10.0,1.3693,10 vol%,25.0,,90.3 μmol g⁻¹ h⁻¹,90.3,10.1016/j.cej.2017.02.033,https://doi.org/10.1016/j.cej.2017.02.033,improved hydrogen production from glycerol photoreforming over sol-gel derived tio2 coupled with metal oxides,chemical engineering journal,2017.0,wang et al.,needs_review,"catalyst loading calc: 0.2 g/l × 100.0 ml = 20.00 mg; glycerol std: (10.0/100×1261)/92.09 = 1.3693 m; co_catalyst set to 'none': bare semiconductor; wavelength_cutoff_nm=420nm inferred (xe lamp, visible cutoff); doi resolved via crossref api",high,medium,high,high,medium,low,low,0.5,670bc1d63b812f1d,3.2,4.21,86.0,1.0,3.89,0.0,0.0,0.0,0.0,0.0,4.514150787600923
703,tio2,bi2o3,,91.73,,,,nanocomposite,anatase,,tio2/bi2o3,,,0.0,sol-gel,500.0,4.0,visible,xe lamp,350.0,350 w,420.0,1,0,0,0,1,0.2,20.0,0.2 g/l,100.0,10.0,1.3693,10 vol%,25.0,,133 μmol g⁻¹ h⁻¹,133.0,10.1016/j.cej.2017.02.033,https://doi.org/10.1016/j.cej.2017.02.033,improved hydrogen production from glycerol photoreforming over sol-gel derived tio2 coupled with metal oxides,chemical engineering journal,2017.0,wang et al.,needs_review,"catalyst loading calc: 0.2 g/l × 100.0 ml = 20.00 mg; glycerol std: (10.0/100×1261)/92.09 = 1.3693 m; co_catalyst set to 'none': bare semiconductor; wavelength_cutoff_nm=420nm inferred (xe lamp, visible cutoff); doi resolved via crossref api",high,medium,high,high,medium,low,low,0.5,1be6a2cd645f022b,3.2,4.21,86.0,1.0,3.89,0.0,0.0,0.0,0.0,0.0,4.897839799950911
212,tio2,,,100.0,,cu-n,,nanotube,anatase-rutile,,xwt%cu-n/tio2,,,0.0,sol-gel,450.0,4.0,uv,hg lamp,450.0,450 w,,0,1,0,1,0,2.0,20.0,2 g/l,10.0,10.0,1.3693,10 vol%,30.0,,1615 μmol g⁻¹ h⁻¹,1615.0,10.1016/j.ceramint.2020.03.107,https://doi.org/10.1016/j.ceramint.2020.03.107,a facile synthesis of mesoporous α- fe2o3/tio2 nanocomposites for hydrogen evolution under visible light,ceramics international,2020.0,mohamed et al.,needs_review,catalyst loading calc: 2.0 g/l × 10.0 ml = 20.00 mg; glycerol std: (10.0/100×1261)/92.09 = 1.3693 m; doi resolved via crossref api,high,medium,high,high,low,low,low,0.5,01d59547b4ca7b1a,3.2,4.21,86.0,1.0,3.89,4.9,-2.0,130.0,2.0,3.0,7.38770923908104
211,zno,,,100.0,,cu,8.0,nanoparticle,,,8wt%cu/zno,,,0.0,photodeposition,,0.0,uv,,15.0,15 w,,0,0,0,1,0,1.25,50.0,1.25 g/l,40.0,7.0,0.9585,7 vol%,50.0,,72 μmol g⁻¹ h⁻¹,72.0,10.3390/jcs7090361,https://doi.org/10.3390/jcs7090361,needs_verification,journal of composites science,2023.0,"suhag m, h. et al.",ok,catalyst loading calc: 1.25 g/l × 40.0 ml = 50.00 mg; glycerol std: (7.0/100×1261)/92.09 = 0.9585 m,high,medium,high,low,low,low,low,0.5,e36d2c7fb208e7be,3.37,4.35,8.5,3.0,5.61,4.65,-2.67,128.0,1.9,2.0,4.290459441148391
702,tio2,ag2o,,96.95,,,,nanocomposite,anatase,,tio2/ag2o,,,0.0,sol-gel,500.0,4.0,visible,xe lamp,350.0,350 w,420.0,1,0,0,0,1,0.2,20.0,0.2 g/l,100.0,10.0,1.3693,10 vol%,25.0,,175 μmol g⁻¹ h⁻¹,175.0,10.1016/j.cej.2017.02.033,https://doi.org/10.1016/j.cej.2017.02.033,improved hydrogen production from glycerol photoreforming over sol-gel derived tio2 coupled with metal oxides,chemical engineering journal,2017.0,wang et al.,needs_review,"catalyst loading calc: 0.2 g/l × 100.0 ml = 20.00 mg; glycerol std: (10.0/100×1261)/92.09 = 1.3693 m; co_catalyst set to 'none': bare semiconductor; wavelength_cutoff_nm=420nm inferred (xe lamp, visible cutoff); doi resolved via crossref api",high,medium,high,high,medium,low,low,0.5,f5fc7ba5a1c487a0,3.2,4.21,86.0,1.0,3.89,0.0,0.0,0.0,0.0,0.0,5.170483995038151
701,tio2,,,100.0,,,,nanoparticle,anatase-rutile,3.2,tio2,,,0.0,,,0.0,visible,xe lamp,350.0,350 w,420.0,1,0,0,0,1,0.2,20.0,0.2 g/l,100.0,10.0,1.3693,10 vol%,25.0,,14.75 μmol g⁻¹ h⁻¹,14.75,10.1016/j.cej.2017.02.033,https://doi.org/10.1016/j.cej.2017.02.033,improved hydrogen production from glycerol photoreforming over sol-gel derived tio2 coupled with metal oxides,chemical engineering journal,2017.0,wang et al.,needs_review,"catalyst loading calc: 0.2 g/l × 100.0 ml = 20.00 mg; glycerol std: (10.0/100×1261)/92.09 = 1.3693 m; co_catalyst set to 'none': bare semiconductor; wavelength_cutoff_nm=420nm inferred (xe lamp, visible cutoff); doi resolved via crossref api",high,medium,high,high,medium,low,high,0.5,35093910e2a98eb2,3.2,4.21,86.0,1.0,3.89,0.0,0.0,0.0,0.0,0.0,2.7568403652716422
700,tio2,,,100.0,,,,nanoparticle,anatase-rutile,,tio2,,,0.0,precipitation,,0.0,visible,,,,,0,0,0,0,1,0.2,5.0,0.2 g/l,25.0,5.0,0.6847,5 vol%,25.0,6.5,530 μmol g⁻¹ h⁻¹,530.0,10.1016/j.ijhydene.2018.12.045,https://doi.org/10.1016/j.ijhydene.2018.12.045,a new insight for photocatalytic hydrogen production by a cu/ni based cyanide bridged polymer as a cocatalyst on titania support in glycerol water mixture,international journal of hydrogen energy,2019.0,ibrahim et al.,needs_review,catalyst loading calc: 0.2 g/l × 25.0 ml = 5.00 mg; glycerol std: (5.0/100×1261)/92.09 = 0.6847 m; co_catalyst set to 'none': bare semiconductor; doi resolved via crossref api,high,medium,high,low,low,high,low,0.5,f1cb666bac0d8de2,3.2,4.21,86.0,1.0,3.89,0.0,0.0,0.0,0.0,0.0,6.274762021241939
699,tio2,,,100.0,,,,nanoparticle,anatase-rutile,,tio2,,,0.0,precipitation,,0.0,uv,,,,,0,0,0,1,0,0.2,5.0,0.2 g/l,25.0,5.0,0.6847,5 vol%,25.0,6.5,1500 μmol g⁻¹ h⁻¹,1500.0,10.1016/j.ijhydene.2014.07.073,https://doi.org/10.1016/j.ijhydene.2014.07.073,experimental design as a tool to study the reaction parameters in hydrogen production from photoinduced reforming of glycerol over cds photocatalyst,international journal of hydrogen energy,2014.0,bastos et al.,needs_review,catalyst loading calc: 0.2 g/l × 25.0 ml = 5.00 mg; glycerol std: (5.0/100×1261)/92.09 = 0.6847 m; co_catalyst set to 'none': bare semiconductor; doi resolved via crossref api,high,medium,high,low,low,high,low,0.5,7a86bf068bc5d07e,3.2,4.21,86.0,1.0,3.89,0.0,0.0,0.0,0.0,0.0,7.313886831633462
162,tio2,,,100.0,,cu,5.0,nanoparticle,anatase-rutile,2.56,5wt%cu/tio2,,,0.0,impregnation,450.0,5.0,visible,,400.0,400 w,,0,0,0,0,1,2.0,100.0,2 g/l,50.0,5.0,0.6847,5 vol%,25.0,,4900 μmol g⁻¹ h⁻¹,4900.0,10.1021/jp107405u,https://doi.org/10.1021/jp107405u,highly stabilized and finely dispersed cu2o/tio2: a promising visible sensitive photocatalyst for continuous production of hydrogen from glycerol: water mixtures,the journal of physical chemistry c,2010.0,lalitha et al.,needs_review,catalyst loading calc: 2.0 g/l × 50.0 ml = 100.00 mg; glycerol std: (5.0/100×1261)/92.09 = 0.6847 m; doi resolved via crossref api,high,medium,high,low,low,low,high,0.5,3d8a4268ec44cdbc,3.2,4.21,86.0,1.0,3.89,4.65,-2.67,128.0,1.9,2.0,8.497194544909547
161,tio2,,,100.0,,cu,5.0,nanoparticle,anatase-rutile,2.56,5wt%cu/tio2,,,0.0,impregnation,450.0,5.0,visible,,400.0,400 w,,0,0,0,0,1,2.0,100.0,2 g/l,50.0,5.0,0.6847,5 vol%,25.0,,1100 μmol g⁻¹ h⁻¹,1100.0,10.1016/j,https://doi.org/10.1016/j,needs_verification,molecular catalysis,2023.0,"balsamo s, a. et al.",ok,catalyst loading calc: 2.0 g/l × 50.0 ml = 100.00 mg; glycerol std: (5.0/100×1261)/92.09 = 0.6847 m,high,medium,high,low,low,low,high,0.5,170cce5d3d5bb14a,3.2,4.21,86.0,1.0,3.89,4.65,-2.67,128.0,1.9,2.0,7.00397413672268
160,tio2,,,100.0,,cu,2.0,nanoparticle,anatase-rutile,2.56,2wt%cu/tio2,,,0.0,impregnation,450.0,5.0,visible,,400.0,400 w,,0,0,0,0,1,2.0,100.0,2 g/l,50.0,5.0,0.6847,5 vol%,25.0,,8200 μmol g⁻¹ h⁻¹,8200.0,10.1021/jp107405u,https://doi.org/10.1021/jp107405u,highly stabilized and finely dispersed cu2o/tio2: a promising visible sensitive photocatalyst for continuous production of hydrogen from glycerol: water mixtures,the journal of physical chemistry c,2010.0,lalitha et al.,needs_review,catalyst loading calc: 2.0 g/l × 50.0 ml = 100.00 mg; glycerol std: (5.0/100×1261)/92.09 = 0.6847 m; doi resolved via crossref api,high,medium,high,low,low,low,high,0.5,9d6938e60d4b1124,3.2,4.21,86.0,1.0,3.89,4.65,-2.67,128.0,1.9,2.0,9.012011377036412
159,tio2,,,100.0,,cu,2.0,nanoparticle,anatase-rutile,2.52,2wt%cu/tio2,,,0.0,impregnation,350.0,5.0,visible,,400.0,400 w,,0,0,0,0,1,2.0,100.0,2 g/l,50.0,5.0,0.6847,5 vol%,25.0,,4100 μmol g⁻¹ h⁻¹,4100.0,10.1021/jp107405u,https://doi.org/10.1021/jp107405u,highly stabilized and finely dispersed cu2o/tio2: a promising visible sensitive photocatalyst for continuous production of hydrogen from glycerol: water mixtures,the journal of physical chemistry c,2010.0,lalitha et al.,needs_review,catalyst loading calc: 2.0 g/l × 50.0 ml = 100.00 mg; glycerol std: (5.0/100×1261)/92.09 = 0.6847 m; doi resolved via crossref api,high,medium,high,low,low,low,high,0.5,b237f8a603cf7039,3.2,4.21,86.0,1.0,3.89,4.65,-2.67,128.0,1.9,2.0,8.31898612539206
233,tio2,,,100.0,,la,7.0,nanoparticle,anatase,3.17,7wt%la/tio2,,,0.0,sol-gel,500.0,3.0,visible,xe lamp,35.0,35 w,420.0,1,0,0,0,1,0.83,99.6,0.83 g/l,120.0,10.0,1.3693,10 vol%,25.0,,9796 μmol g⁻¹ h⁻¹,9796.0,10.1016/j.ijhydene.2018.09.148,https://doi.org/10.1016/j.ijhydene.2018.09.148,challenges arising from the use of tio2/rgo/pt photocatalysts to produce hydrogen from crude glycerol compared to synthetic glycerol,international journal of hydrogen energy,2019.0,ribao et al.,needs_review,"catalyst loading calc: 0.83 g/l × 120.0 ml = 99.60 mg; glycerol std: (10.0/100×1261)/92.09 = 1.3693 m; wavelength_cutoff_nm=420nm inferred (xe lamp, visible cutoff); doi resolved via crossref api",high,medium,high,high,medium,low,high,0.5,075d973513534e21,3.2,4.21,86.0,1.0,3.89,4.9,-2.0,130.0,2.0,3.0,9.189831495344642
698,tio2,cuo1-x,,95.0,,,,nanoparticle,anatase-rutile,,tio2/cuo1-x,,,0.0,photodeposition,,0.0,visible,xe lamp,300.0,300 w,420.0,1,0,0,0,1,0.1,20.0,0.1 g/l,200.0,5.0,0.6847,5 vol%,25.0,,849.88 μmol g⁻¹ h⁻¹,849.88,10.1016/j.ijhydene.2017.06.094,https://doi.org/10.1016/j.ijhydene.2017.06.094,in-situ photo-deposition cuo1-x cluster on tio2 for enhanced photocatalytic h2-production activity,international journal of hydrogen energy,2017.0,lin et al.,needs_review,"catalyst loading calc: 0.1 g/l × 200.0 ml = 20.00 mg; glycerol std: (5.0/100×1261)/92.09 = 0.6847 m; co_catalyst set to 'none': bare semiconductor; wavelength_cutoff_nm=420nm inferred (xe lamp, visible cutoff); doi resolved via crossref api",high,medium,high,high,medium,low,low,0.5,db6ea1df8473b39d,3.2,4.21,86.0,1.0,3.89,0.0,0.0,0.0,0.0,0.0,6.746271108054655
697,tio2,cuo1-x,,97.0,,,,nanoparticle,anatase-rutile,,tio2/cuo1-x,,,0.0,photodeposition,,0.0,visible,xe lamp,300.0,300 w,420.0,1,0,0,0,1,0.1,20.0,0.1 g/l,200.0,5.0,0.6847,5 vol%,25.0,,1307.5 μmol g⁻¹ h⁻¹,1307.5,10.1016/j.ijhydene.2017.06.094,https://doi.org/10.1016/j.ijhydene.2017.06.094,in-situ photo-deposition cuo1-x cluster on tio2 for enhanced photocatalytic h2-production activity,international journal of hydrogen energy,2017.0,lin et al.,needs_review,"catalyst loading calc: 0.1 g/l × 200.0 ml = 20.00 mg; glycerol std: (5.0/100×1261)/92.09 = 0.6847 m; co_catalyst set to 'none': bare semiconductor; wavelength_cutoff_nm=420nm inferred (xe lamp, visible cutoff); doi resolved via crossref api",high,medium,high,high,medium,low,low,0.5,a167b97437404cb3,3.2,4.21,86.0,1.0,3.89,0.0,0.0,0.0,0.0,0.0,7.1766367219702
696,tio2,cuo1-x,,99.0,,,,nanoparticle,anatase-rutile,,tio2/cuo1-x,,,0.0,photodeposition,,0.0,visible,xe lamp,300.0,300 w,420.0,1,0,0,0,1,0.1,20.0,0.1 g/l,200.0,5.0,0.6847,5 vol%,25.0,,1725 μmol g⁻¹ h⁻¹,1725.0,10.1016/j.ijhydene.2017.06.094,https://doi.org/10.1016/j.ijhydene.2017.06.094,in-situ photo-deposition cuo1-x cluster on tio2 for enhanced photocatalytic h2-production activity,international journal of hydrogen energy,2017.0,lin et al.,needs_review,"catalyst loading calc: 0.1 g/l × 200.0 ml = 20.00 mg; glycerol std: (5.0/100×1261)/92.09 = 0.6847 m; co_catalyst set to 'none': bare semiconductor; wavelength_cutoff_nm=420nm inferred (xe lamp, visible cutoff); doi resolved via crossref api",high,medium,high,high,medium,low,low,0.5,2ec0632ce7b109d5,3.2,4.21,86.0,1.0,3.89,0.0,0.0,0.0,0.0,0.0,7.453561871643373
695,tio2,cuo1-x,,99.5,,,,nanoparticle,anatase-rutile,,tio2/cuo1-x,,,0.0,photodeposition,,0.0,visible,xe lamp,300.0,300 w,420.0,1,0,0,0,1,0.1,20.0,0.1 g/l,200.0,5.0,0.6847,5 vol%,25.0,,1076.13 μmol g⁻¹ h⁻¹,1076.13,10.1016/j.ijhydene.2017.06.094,https://doi.org/10.1016/j.ijhydene.2017.06.094,in-situ photo-deposition cuo1-x cluster on tio2 for enhanced photocatalytic h2-production activity,international journal of hydrogen energy,2017.0,lin et al.,needs_review,"catalyst loading calc: 0.1 g/l × 200.0 ml = 20.00 mg; glycerol std: (5.0/100×1261)/92.09 = 0.6847 m; co_catalyst set to 'none': bare semiconductor; wavelength_cutoff_nm=420nm inferred (xe lamp, visible cutoff); doi resolved via crossref api",high,medium,high,high,medium,low,low,0.5,2a1bd0d7914b3a61,3.2,4.21,86.0,1.0,3.89,0.0,0.0,0.0,0.0,0.0,6.982055375535928
694,tio2,cuo1-x,,99.8,,,,nanoparticle,anatase-rutile,,tio2/cuo1-x,,,0.0,photodeposition,,0.0,visible,xe lamp,300.0,300 w,420.0,1,0,0,0,1,0.1,20.0,0.1 g/l,200.0,5.0,0.6847,5 vol%,25.0,,201.13 μmol g⁻¹ h⁻¹,201.13,10.1016/j.ijhydene.2017.06.094,https://doi.org/10.1016/j.ijhydene.2017.06.094,in-situ photo-deposition cuo1-x cluster on tio2 for enhanced photocatalytic h2-production activity,international journal of hydrogen energy,2017.0,lin et al.,needs_review,"catalyst loading calc: 0.1 g/l × 200.0 ml = 20.00 mg; glycerol std: (5.0/100×1261)/92.09 = 0.6847 m; co_catalyst set to 'none': bare semiconductor; wavelength_cutoff_nm=420nm inferred (xe lamp, visible cutoff); doi resolved via crossref api",high,medium,high,high,medium,low,low,0.5,386aad3dc6e14489,3.2,4.21,86.0,1.0,3.89,0.0,0.0,0.0,0.0,0.0,5.308911054758907
693,tio2,,,100.0,,,,nanoparticle,anatase-rutile,,tio2,,,0.0,photodeposition,,0.0,visible,xe lamp,300.0,300 w,420.0,1,0,0,0,1,0.1,20.0,0.1 g/l,200.0,5.0,0.6847,5 vol%,25.0,,10.06 μmol g⁻¹ h⁻¹,10.06,10.1016/j.ijhydene.2017.06.094,https://doi.org/10.1016/j.ijhydene.2017.06.094,in-situ photo-deposition cuo1-x cluster on tio2 for enhanced photocatalytic h2-production activity,international journal of hydrogen energy,2017.0,lin et al.,needs_review,"catalyst loading calc: 0.1 g/l × 200.0 ml = 20.00 mg; glycerol std: (5.0/100×1261)/92.09 = 0.6847 m; co_catalyst set to 'none': bare semiconductor; wavelength_cutoff_nm=420nm inferred (xe lamp, visible cutoff); doi resolved via crossref api",high,medium,high,high,medium,low,low,0.5,4f104ef23473dd13,3.2,4.21,86.0,1.0,3.89,0.0,0.0,0.0,0.0,0.0,2.403334996094189
687,tio2,niox,,90.0,,,,nanoparticle,anatase-rutile,,tio2/niox,,,0.0,impregnation,650.0,3.0,uv,hg lamp,500.0,500 w,,0,1,0,1,0,1.7,20.4,1.7 g/l,12.0,16.6,2.2731,16.6 vol%,50.0,,87.06 μmol g⁻¹ h⁻¹,87.06,10.1016/j.apcatb.2013.06.024,https://doi.org/10.1016/j.apcatb.2013.06.024,photocatalytic hydrogen production from glycerol and water with niox/tio2 catalysts,applied catalysis b: environmental,2014.0,liu and s. fujita and m. arai,needs_review,catalyst loading calc: 1.7 g/l × 12.0 ml = 20.40 mg; glycerol std: (16.6/100×1261)/92.09 = 2.2731 m; co_catalyst set to 'none': bare semiconductor; doi resolved via crossref api,high,medium,high,high,low,low,low,0.5,db6aa046e6740945,3.2,4.21,86.0,1.0,3.89,0.0,0.0,0.0,0.0,0.0,4.478018400327608
232,tio2,,,100.0,,la,5.0,nanoparticle,anatase,3.17,5wt%la/tio2,,,0.0,sol-gel,500.0,3.0,visible,xe lamp,35.0,35 w,420.0,1,0,0,0,1,0.83,99.6,0.83 g/l,120.0,10.0,1.3693,10 vol%,25.0,,11256 μmol g⁻¹ h⁻¹,11256.0,10.1016/j.ijhydene.2018.09.148,https://doi.org/10.1016/j.ijhydene.2018.09.148,challenges arising from the use of tio2/rgo/pt photocatalysts to produce hydrogen from crude glycerol compared to synthetic glycerol,international journal of hydrogen energy,2019.0,ribao et al.,needs_review,"catalyst loading calc: 0.83 g/l × 120.0 ml = 99.60 mg; glycerol std: (10.0/100×1261)/92.09 = 1.3693 m; wavelength_cutoff_nm=420nm inferred (xe lamp, visible cutoff); doi resolved via crossref api",high,medium,high,high,medium,low,high,0.5,804929658db19fc7,3.2,4.21,86.0,1.0,3.89,4.9,-2.0,130.0,2.0,3.0,9.328745436354804
231,tio2,,,100.0,,la,3.0,nanoparticle,anatase,3.17,3wt%la/tio2,,,0.0,sol-gel,500.0,3.0,visible,xe lamp,35.0,35 w,420.0,1,0,0,0,1,0.83,99.6,0.83 g/l,120.0,10.0,1.3693,10 vol%,25.0,,7895 μmol g⁻¹ h⁻¹,7895.0,10.1016/j.ijhydene.2018.09.148,https://doi.org/10.1016/j.ijhydene.2018.09.148,challenges arising from the use of tio2/rgo/pt photocatalysts to produce hydrogen from crude glycerol compared to synthetic glycerol,international journal of hydrogen energy,2019.0,ribao et al.,needs_review,"catalyst loading calc: 0.83 g/l × 120.0 ml = 99.60 mg; glycerol std: (10.0/100×1261)/92.09 = 1.3693 m; wavelength_cutoff_nm=420nm inferred (xe lamp, visible cutoff); doi resolved via crossref api",high,medium,high,high,medium,low,high,0.5,a0c3286ef8ded49e,3.2,4.21,86.0,1.0,3.89,4.9,-2.0,130.0,2.0,3.0,8.974111581113318
686,tio2,niox,,90.0,,,,nanoparticle,anatase-rutile,2.17,tio2/niox,,,0.0,impregnation,450.0,3.0,uv,hg lamp,500.0,500 w,,0,1,0,1,0,1.7,20.4,1.7 g/l,12.0,16.6,2.2731,16.6 vol%,50.0,,887.06 μmol g⁻¹ h⁻¹,887.06,10.1016/j.apcatb.2013.06.024,https://doi.org/10.1016/j.apcatb.2013.06.024,photocatalytic hydrogen production from glycerol and water with niox/tio2 catalysts,applied catalysis b: environmental,2014.0,liu and s. fujita and m. arai,needs_review,catalyst loading calc: 1.7 g/l × 12.0 ml = 20.40 mg; glycerol std: (16.6/100×1261)/92.09 = 2.2731 m; co_catalyst set to 'none': bare semiconductor; doi resolved via crossref api,high,medium,high,high,low,low,high,0.5,7c8f896ca580dbd3,3.2,4.21,86.0,1.0,3.89,0.0,0.0,0.0,0.0,0.0,6.789039308277152
685,tio2,niox,,90.0,,,,nanoparticle,anatase-rutile,2.17,tio2/niox,,,0.0,impregnation,250.0,3.0,uv,hg lamp,500.0,500 w,,0,1,0,1,0,1.7,20.4,1.7 g/l,12.0,16.6,2.2731,16.6 vol%,50.0,,712.94 μmol g⁻¹ h⁻¹,712.94,10.1016/j.apcatb.2013.06.024,https://doi.org/10.1016/j.apcatb.2013.06.024,photocatalytic hydrogen production from glycerol and water with niox/tio2 catalysts,applied catalysis b: environmental,2014.0,liu and s. fujita and m. arai,needs_review,catalyst loading calc: 1.7 g/l × 12.0 ml = 20.40 mg; glycerol std: (16.6/100×1261)/92.09 = 2.2731 m; co_catalyst set to 'none': bare semiconductor; doi resolved via crossref api,high,medium,high,high,low,low,high,0.5,ee9566f3e1d73ab4,3.2,4.21,86.0,1.0,3.89,0.0,0.0,0.0,0.0,0.0,6.570798925195117
684,tio2,niox,,90.0,,,,nanoparticle,anatase-rutile,,tio2/niox,,,0.0,impregnation,650.0,3.0,uv,hg lamp,500.0,500 w,,0,1,0,1,0,1.7,20.4,1.7 g/l,12.0,16.6,2.2731,16.6 vol%,50.0,,188.24 μmol g⁻¹ h⁻¹,188.24,10.1016/j.apcatb.2013.06.024,https://doi.org/10.1016/j.apcatb.2013.06.024,photocatalytic hydrogen production from glycerol and water with niox/tio2 catalysts,applied catalysis b: environmental,2014.0,liu and s. fujita and m. arai,needs_review,catalyst loading calc: 1.7 g/l × 12.0 ml = 20.40 mg; glycerol std: (16.6/100×1261)/92.09 = 2.2731 m; co_catalyst set to 'none': bare semiconductor; doi resolved via crossref api,high,medium,high,high,low,low,low,0.5,d9b9abe4c5f4219b,3.2,4.21,86.0,1.0,3.89,0.0,0.0,0.0,0.0,0.0,5.2430160507629475
683,tio2,,,100.0,,,,nanoparticle,anatase-rutile,2.17,tio2,,,0.0,impregnation,450.0,3.0,uv,hg lamp,500.0,500 w,,0,1,0,1,0,1.7,20.4,1.7 g/l,12.0,16.6,2.2731,16.6 vol%,50.0,,312.94 μmol g⁻¹ h⁻¹,312.94,10.1016/j.apcatb.2013.06.024,https://doi.org/10.1016/j.apcatb.2013.06.024,photocatalytic hydrogen production from glycerol and water with niox/tio2 catalysts,applied catalysis b: environmental,2014.0,liu and s. fujita and m. arai,needs_review,catalyst loading calc: 1.7 g/l × 12.0 ml = 20.40 mg; glycerol std: (16.6/100×1261)/92.09 = 2.2731 m; co_catalyst set to 'none': bare semiconductor; doi resolved via crossref api,high,medium,high,high,low,low,high,0.5,41a44457bb086a7d,3.2,4.21,86.0,1.0,3.89,0.0,0.0,0.0,0.0,0.0,5.749201884847061
682,tio2,,,100.0,,,,nanoparticle,anatase-rutile,2.17,tio2,,,0.0,impregnation,250.0,3.0,uv,hg lamp,500.0,500 w,,0,1,0,1,0,1.7,20.4,1.7 g/l,12.0,16.6,2.2731,16.6 vol%,50.0,,164.71 μmol g⁻¹ h⁻¹,164.71,10.1016/j.apcatb.2013.06.024,https://doi.org/10.1016/j.apcatb.2013.06.024,photocatalytic hydrogen production from glycerol and water with niox/tio2 catalysts,applied catalysis b: environmental,2014.0,liu and s. fujita and m. arai,needs_review,catalyst loading calc: 1.7 g/l × 12.0 ml = 20.40 mg; glycerol std: (16.6/100×1261)/92.09 = 2.2731 m; co_catalyst set to 'none': bare semiconductor; doi resolved via crossref api,high,medium,high,high,low,low,high,0.5,880f58605b47a5d0,3.2,4.21,86.0,1.0,3.89,0.0,0.0,0.0,0.0,0.0,5.110239272641702
681,tio2,,,100.0,,,,nanoparticle,anatase-rutile,,tio2,,,0.0,impregnation,,0.0,uv,hg lamp,500.0,500 w,,0,1,0,1,0,1.7,20.4,1.7 g/l,12.0,16.6,2.2731,16.6 vol%,50.0,,131.76 μmol g⁻¹ h⁻¹,131.76,10.1016/j.apcatb.2013.06.024,https://doi.org/10.1016/j.apcatb.2013.06.024,photocatalytic hydrogen production from glycerol and water with niox/tio2 catalysts,applied catalysis b: environmental,2014.0,liu and s. fujita and m. arai,needs_review,catalyst loading calc: 1.7 g/l × 12.0 ml = 20.40 mg; glycerol std: (16.6/100×1261)/92.09 = 2.2731 m; co_catalyst set to 'none': bare semiconductor; doi resolved via crossref api,high,medium,high,high,low,low,low,0.5,982998611d715e45,3.2,4.21,86.0,1.0,3.89,0.0,0.0,0.0,0.0,0.0,4.888542986851774
614,zno,zns,pds,76.0,20.4,,,nanocomposite,,3.24,zno/zns,water bath,,0.0,chemical conversion,,0.0,uv,hg lamp,125.0,125 w,,0,1,0,1,0,6.0,60.0,6 g/l,10.0,5.0,0.6847,5 vol%,60.0,,649.12 μmol g⁻¹ h⁻¹,649.12,10.1007/s11051-020-04989-2,https://doi.org/10.1007/s11051-020-04989-2,one-step sol-gel synthesis of pbtio3 nanosheets and photocatalytic enhancement through decoration by platinum,journal of nanoparticle research,2020.0,kadi and m. w. and r. m. mohamed,needs_review,catalyst loading calc: 6.0 g/l × 10.0 ml = 60.00 mg; glycerol std: (5.0/100×1261)/92.09 = 0.6847 m; co_catalyst set to 'none': bare semiconductor; doi resolved via crossref api,high,medium,high,high,low,low,high,0.5,7b57c6b4aa7048e2,3.37,4.35,8.5,3.0,5.61,0.0,0.0,0.0,0.0,0.0,6.477156961234975
613,zno,zns,pds,76.0,20.4,,,nanocomposite,,3.24,zno/zns,water bath,,0.0,chemical conversion,,0.0,uv,hg lamp,125.0,125 w,,0,1,0,1,0,6.0,60.0,6 g/l,10.0,5.0,0.6847,5 vol%,40.0,,354.42 μmol g⁻¹ h⁻¹,354.42,10.1007/s11051-020-04989-2,https://doi.org/10.1007/s11051-020-04989-2,one-step sol-gel synthesis of pbtio3 nanosheets and photocatalytic enhancement through decoration by platinum,journal of nanoparticle research,2020.0,kadi and m. w. and r. m. mohamed,needs_review,catalyst loading calc: 6.0 g/l × 10.0 ml = 60.00 mg; glycerol std: (5.0/100×1261)/92.09 = 0.6847 m; co_catalyst set to 'none': bare semiconductor; doi resolved via crossref api,high,medium,high,high,low,low,high,0.5,9d9e5092c49e17f1,3.37,4.35,8.5,3.0,5.61,0.0,0.0,0.0,0.0,0.0,5.87330018875734
612,zno,zns,pds,76.0,19.4,,,nanocomposite,,3.25,zno/zns,water bath,,0.0,chemical conversion,,0.0,uv,hg lamp,125.0,125 w,,0,1,0,1,0,6.0,60.0,6 g/l,10.0,5.0,0.6847,5 vol%,80.0,,2141.9 μmol g⁻¹ h⁻¹,2141.9,10.1007/s11051-020-04989-2,https://doi.org/10.1007/s11051-020-04989-2,one-step sol-gel synthesis of pbtio3 nanosheets and photocatalytic enhancement through decoration by platinum,journal of nanoparticle research,2020.0,kadi and m. w. and r. m. mohamed,needs_review,catalyst loading calc: 6.0 g/l × 10.0 ml = 60.00 mg; glycerol std: (5.0/100×1261)/92.09 = 0.6847 m; co_catalyst set to 'none': bare semiconductor; doi resolved via crossref api,high,medium,high,high,low,low,high,0.5,a1abf57f9e25e148,3.37,4.35,8.5,3.0,5.61,0.0,0.0,0.0,0.0,0.0,7.669915330829037
611,zno,zns,pds,76.0,19.4,,,nanocomposite,,3.25,zno/zns,water bath,,0.0,chemical conversion,,0.0,uv,hg lamp,125.0,125 w,,0,1,0,1,0,6.0,60.0,6 g/l,10.0,5.0,0.6847,5 vol%,60.0,,1135 μmol g⁻¹ h⁻¹,1135.0,10.1007/s11051-020-04989-2,https://doi.org/10.1007/s11051-020-04989-2,one-step sol-gel synthesis of pbtio3 nanosheets and photocatalytic enhancement through decoration by platinum,journal of nanoparticle research,2020.0,kadi and m. w. and r. m. mohamed,needs_review,catalyst loading calc: 6.0 g/l × 10.0 ml = 60.00 mg; glycerol std: (5.0/100×1261)/92.09 = 0.6847 m; co_catalyst set to 'none': bare semiconductor; doi resolved via crossref api,high,medium,high,high,low,low,high,0.5,1ad8ec214138f28d,3.37,4.35,8.5,3.0,5.61,0.0,0.0,0.0,0.0,0.0,7.035268599281097
610,zno,zns,pds,76.0,19.4,,,nanocomposite,,3.25,zno/zns,water bath,,0.0,chemical conversion,,0.0,uv,hg lamp,125.0,125 w,,0,1,0,1,0,6.0,60.0,6 g/l,10.0,5.0,0.6847,5 vol%,40.0,,641.15 μmol g⁻¹ h⁻¹,641.15,10.1007/s11051-020-04989-2,https://doi.org/10.1007/s11051-020-04989-2,one-step sol-gel synthesis of pbtio3 nanosheets and photocatalytic enhancement through decoration by platinum,journal of nanoparticle research,2020.0,kadi and m. w. and r. m. mohamed,needs_review,catalyst loading calc: 6.0 g/l × 10.0 ml = 60.00 mg; glycerol std: (5.0/100×1261)/92.09 = 0.6847 m; co_catalyst set to 'none': bare semiconductor; doi resolved via crossref api,high,medium,high,high,low,low,high,0.5,a01ef73eea7677d8,3.37,4.35,8.5,3.0,5.61,0.0,0.0,0.0,0.0,0.0,6.464821921259065
609,zno,zns,pds,76.0,17.7,,,nanocomposite,,3.26,zno/zns,water bath,,0.0,chemical conversion,,0.0,uv,hg lamp,125.0,125 w,,0,1,0,1,0,6.0,60.0,6 g/l,10.0,5.0,0.6847,5 vol%,80.0,,1334.1 μmol g⁻¹ h⁻¹,1334.1,10.1007/s11051-020-04989-2,https://doi.org/10.1007/s11051-020-04989-2,one-step sol-gel synthesis of pbtio3 nanosheets and photocatalytic enhancement through decoration by platinum,journal of nanoparticle research,2020.0,kadi and m. w. and r. m. mohamed,needs_review,catalyst loading calc: 6.0 g/l × 10.0 ml = 60.00 mg; glycerol std: (5.0/100×1261)/92.09 = 0.6847 m; co_catalyst set to 'none': bare semiconductor; doi resolved via crossref api,high,medium,high,high,low,low,high,0.5,8327655e22431ad7,3.37,4.35,8.5,3.0,5.61,0.0,0.0,0.0,0.0,0.0,7.196761474396049
608,zno,zns,pds,76.0,17.7,,,nanocomposite,,3.26,zno/zns,water bath,,0.0,chemical conversion,,0.0,uv,hg lamp,125.0,125 w,,0,1,0,1,0,6.0,60.0,6 g/l,10.0,5.0,0.6847,5 vol%,60.0,,931.86 μmol g⁻¹ h⁻¹,931.86,10.1007/s11051-020-04989-2,https://doi.org/10.1007/s11051-020-04989-2,one-step sol-gel synthesis of pbtio3 nanosheets and photocatalytic enhancement through decoration by platinum,journal of nanoparticle research,2020.0,kadi and m. w. and r. m. mohamed,needs_review,catalyst loading calc: 6.0 g/l × 10.0 ml = 60.00 mg; glycerol std: (5.0/100×1261)/92.09 = 0.6847 m; co_catalyst set to 'none': bare semiconductor; doi resolved via crossref api,high,medium,high,high,low,low,high,0.5,b2d1fb219459916a,3.37,4.35,8.5,3.0,5.61,0.0,0.0,0.0,0.0,0.0,6.83825513599761
607,zno,zns,pds,76.0,17.7,,,nanocomposite,,3.26,zno/zns,water bath,,0.0,chemical conversion,,0.0,uv,hg lamp,125.0,125 w,,0,1,0,1,0,6.0,60.0,6 g/l,10.0,5.0,0.6847,5 vol%,40.0,,446.02 μmol g⁻¹ h⁻¹,446.02,10.1007/s11051-020-04989-2,https://doi.org/10.1007/s11051-020-04989-2,one-step sol-gel synthesis of pbtio3 nanosheets and photocatalytic enhancement through decoration by platinum,journal of nanoparticle research,2020.0,kadi and m. w. and r. m. mohamed,needs_review,catalyst loading calc: 6.0 g/l × 10.0 ml = 60.00 mg; glycerol std: (5.0/100×1261)/92.09 = 0.6847 m; co_catalyst set to 'none': bare semiconductor; doi resolved via crossref api,high,medium,high,high,low,low,high,0.5,d70313f1cfba48dc,3.37,4.35,8.5,3.0,5.61,0.0,0.0,0.0,0.0,0.0,6.102603336341949
651,tio2,ag2o,cnt,92.0,3.0,,,nanocomposite,anatase-rutile,,tio2/ag2o,hydrothermal,,0.0,sonication,,0.0,uv,hg lamp,400.0,400 w,,0,1,0,1,0,0.1,5.0,0.1 g/l,50.0,5.0,0.6847,5 vol%,25.0,,9000 μmol g⁻¹ h⁻¹,9000.0,10.1016/j.ijhydene.2014.07.073,https://doi.org/10.1016/j.ijhydene.2014.07.073,experimental design as a tool to study the reaction parameters in hydrogen production from photoinduced reforming of glycerol over cds photocatalyst,international journal of hydrogen energy,2014.0,bastos et al.,needs_review,catalyst loading calc: 0.1 g/l × 50.0 ml = 5.00 mg; glycerol std: (5.0/100×1261)/92.09 = 0.6847 m; co_catalyst set to 'none': bare semiconductor; doi resolved via crossref api,high,medium,high,high,low,low,low,0.5,05e9326b34bb5ecc,3.2,4.21,86.0,1.0,3.89,0.0,0.0,0.0,0.0,0.0,9.105090961257085
242,la0.2na0.98tao3,,,100.0,,nd2o3,0.8,nanoparticle,,3.62,0.8wt%nd2o3/la0.2na0.98tao3,sol-gel,450.0,4.0,impregnation,400.0,3.0,uv,xe lamp,500.0,500 w,,1,0,0,1,0,0.25,50.0,0.25 g/l,200.0,10.0,1.3693,10 vol%,25.0,,196.71 μmol g⁻¹ h⁻¹,196.71,10.1016/j.ijhydene.2017.04.239,https://doi.org/10.1016/j.ijhydene.2017.04.239,photocatalytic h2 production from glycerol–water mixtures over ni/γ-al2o3 and tio2 composite systems,international journal of hydrogen energy,2017.0,gullapelli and s. m. s. scurrell and d. k. valluri,needs_review,catalyst loading calc: 0.25 g/l × 200.0 ml = 50.00 mg; glycerol std: (10.0/100×1261)/92.09 = 1.3693 m; doi resolved via crossref api,high,medium,high,high,low,low,high,0.5,0beb2914f1d32d4e,4.0,3.5,45.0,7.0,7.8,4.9,-2.0,130.0,2.0,3.0,5.286801310586789
241,la0.2na0.98tao3,,,100.0,,nd2o3,0.6,nanoparticle,,3.62,0.6wt%nd2o3/la0.2na0.98tao3,sol-gel,450.0,4.0,impregnation,400.0,3.0,uv,xe lamp,500.0,500 w,,1,0,0,1,0,0.25,50.0,0.25 g/l,200.0,10.0,1.3693,10 vol%,25.0,,195 μmol g⁻¹ h⁻¹,195.0,10.1016/j.ijhydene.2017.04.239,https://doi.org/10.1016/j.ijhydene.2017.04.239,photocatalytic h2 production from glycerol–water mixtures over ni/γ-al2o3 and tio2 composite systems,international journal of hydrogen energy,2017.0,gullapelli and s. m. s. scurrell and d. k. valluri,needs_review,catalyst loading calc: 0.25 g/l × 200.0 ml = 50.00 mg; glycerol std: (10.0/100×1261)/92.09 = 1.3693 m; doi resolved via crossref api,high,medium,high,high,low,low,high,0.5,8cda459d2d1eafe5,4.0,3.5,45.0,7.0,7.8,4.9,-2.0,130.0,2.0,3.0,5.278114659230517
240,la0.2na0.98tao3,,,100.0,,nd2o3,0.4,nanoparticle,,3.75,0.4wt%nd2o3/la0.2na0.98tao3,sol-gel,450.0,4.0,impregnation,400.0,3.0,uv,xe lamp,500.0,500 w,,1,0,0,1,0,0.25,50.0,0.25 g/l,200.0,10.0,1.3693,10 vol%,25.0,,112.1 μmol g⁻¹ h⁻¹,112.1,10.1016/j.ijhydene.2017.04.239,https://doi.org/10.1016/j.ijhydene.2017.04.239,photocatalytic h2 production from glycerol–water mixtures over ni/γ-al2o3 and tio2 composite systems,international journal of hydrogen energy,2017.0,gullapelli and s. m. s. scurrell and d. k. valluri,needs_review,catalyst loading calc: 0.25 g/l × 200.0 ml = 50.00 mg; glycerol std: (10.0/100×1261)/92.09 = 1.3693 m; doi resolved via crossref api,high,medium,high,high,low,low,high,0.5,41b1233ffdaa4df1,4.0,3.5,45.0,7.0,7.8,4.9,-2.0,130.0,2.0,3.0,4.728272383122075
239,la0.2na0.98tao3,,,100.0,,nd2o3,0.2,nanoparticle,,3.91,0.2wt%nd2o3/la0.2na0.98tao3,sol-gel,450.0,4.0,impregnation,400.0,3.0,uv,xe lamp,500.0,500 w,,1,0,0,1,0,0.25,50.0,0.25 g/l,200.0,10.0,1.3693,10 vol%,25.0,,0.475 μmol g⁻¹ h⁻¹,0.475,10.1016/j.ijhydene.2017.04.239,https://doi.org/10.1016/j.ijhydene.2017.04.239,photocatalytic h2 production from glycerol–water mixtures over ni/γ-al2o3 and tio2 composite systems,international journal of hydrogen energy,2017.0,gullapelli and s. m. s. scurrell and d. k. valluri,needs_review,catalyst loading calc: 0.25 g/l × 200.0 ml = 50.00 mg; glycerol std: (10.0/100×1261)/92.09 = 1.3693 m; doi resolved via crossref api,high,medium,high,high,low,low,high,0.5,36ba9a77cbe5bfda,4.0,3.5,45.0,7.0,7.8,4.9,-2.0,130.0,2.0,3.0,0.3886579897917832
236,tio2,cnt,,95.0,,la,7.0,nanoparticle,anatase,2.98,7wt%la/tio2/cnt,,,0.0,sol-gel,500.0,3.0,visible,xe lamp,35.0,35 w,420.0,1,0,0,0,1,0.83,99.6,0.83 g/l,120.0,10.0,1.3693,10 vol%,25.0,,17265 μmol g⁻¹ h⁻¹,17265.0,10.1016/j.ijhydene.2018.09.148,https://doi.org/10.1016/j.ijhydene.2018.09.148,challenges arising from the use of tio2/rgo/pt photocatalysts to produce hydrogen from crude glycerol compared to synthetic glycerol,international journal of hydrogen energy,2019.0,ribao et al.,needs_review,"catalyst loading calc: 0.83 g/l × 120.0 ml = 99.60 mg; glycerol std: (10.0/100×1261)/92.09 = 1.3693 m; wavelength_cutoff_nm=420nm inferred (xe lamp, visible cutoff); doi resolved via crossref api",high,medium,high,high,medium,low,high,0.5,8f8ba8b93b247d1c,3.2,4.21,86.0,1.0,3.89,4.9,-2.0,130.0,2.0,3.0,9.756494528795468
235,tio2,cnt,,95.0,,la,5.0,nanoparticle,anatase,2.98,5wt%la/tio2/cnt,,,0.0,sol-gel,500.0,3.0,visible,xe lamp,35.0,35 w,420.0,1,0,0,0,1,0.83,99.6,0.83 g/l,120.0,10.0,1.3693,10 vol%,25.0,,15100 μmol g⁻¹ h⁻¹,15100.0,10.1016/j.ijhydene.2018.09.148,https://doi.org/10.1016/j.ijhydene.2018.09.148,challenges arising from the use of tio2/rgo/pt photocatalysts to produce hydrogen from crude glycerol compared to synthetic glycerol,international journal of hydrogen energy,2019.0,ribao et al.,needs_review,"catalyst loading calc: 0.83 g/l × 120.0 ml = 99.60 mg; glycerol std: (10.0/100×1261)/92.09 = 1.3693 m; wavelength_cutoff_nm=420nm inferred (xe lamp, visible cutoff); doi resolved via crossref api",high,medium,high,high,medium,low,high,0.5,9155a7c209b17715,3.2,4.21,86.0,1.0,3.89,4.9,-2.0,130.0,2.0,3.0,9.62251624577579
234,tio2,cnt,,95.0,,la,3.0,nanoparticle,anatase,2.98,3wt%la/tio2/cnt,,,0.0,sol-gel,500.0,3.0,visible,xe lamp,35.0,35 w,420.0,1,0,0,0,1,0.83,99.6,0.83 g/l,120.0,10.0,1.3693,10 vol%,25.0,,11256 μmol g⁻¹ h⁻¹,11256.0,10.1016/j.ijhydene.2018.09.148,https://doi.org/10.1016/j.ijhydene.2018.09.148,challenges arising from the use of tio2/rgo/pt photocatalysts to produce hydrogen from crude glycerol compared to synthetic glycerol,international journal of hydrogen energy,2019.0,ribao et al.,needs_review,"catalyst loading calc: 0.83 g/l × 120.0 ml = 99.60 mg; glycerol std: (10.0/100×1261)/92.09 = 1.3693 m; wavelength_cutoff_nm=420nm inferred (xe lamp, visible cutoff); doi resolved via crossref api",high,medium,high,high,medium,low,high,0.5,f7d0d4a912c0378c,3.2,4.21,86.0,1.0,3.89,4.9,-2.0,130.0,2.0,3.0,9.328745436354804
744,zno,,,100.0,,,,nanorod,,3.37,zno,,,0.0,water bath,,0.0,uv,hg lamp,125.0,125 w,,0,1,0,1,0,30.0,300.0,30 g/l,10.0,7.0,0.9585,7 vol%,40.0,,29.69 μmol g⁻¹ h⁻¹,29.69,10.1016/j.apsusc.2013.07.009,https://doi.org/10.1016/j.apsusc.2013.07.009,"zno/zns–pds core/shell nanorods: synthesis, characterization and application for photocatalytic hydrogen production from a glycerol/water solution",applied surface science,2013.0,liu et al.,needs_review,catalyst loading calc: 30.0 g/l × 10.0 ml = 300.00 mg; glycerol std: (7.0/100×1261)/92.09 = 0.9585 m; co_catalyst set to 'none': bare semiconductor; doi resolved via crossref api,high,medium,high,high,low,low,high,0.5,8b76e43004bee7e5,3.37,4.35,8.5,3.0,5.61,0.0,0.0,0.0,0.0,0.0,3.4239368686316447
743,zno,zns,,,,,,nanorod,,,zno/zns,sonication,,0.0,hydrothermal,,0.0,visible,xe lamp,350.0,350 w,420.0,1,0,0,0,1,4.0,200.0,4 g/l,50.0,10.0,1.3693,10 vol%,25.0,,79 μmol g⁻¹ h⁻¹,79.0,10.1016/j.apsusc.2018.05.004,https://doi.org/10.1016/j.apsusc.2018.05.004,photocatalytic hydrogen production from glycerol solution at room temperature by zno-zns/graphene photocatalysts,applied surface science,2018.0,chang et al.,needs_review,"catalyst loading calc: 4.0 g/l × 50.0 ml = 200.00 mg; glycerol std: (10.0/100×1261)/92.09 = 1.3693 m; co_catalyst set to 'none': bare semiconductor; wavelength_cutoff_nm=420nm inferred (xe lamp, visible cutoff); doi resolved via crossref api",high,medium,high,high,medium,low,low,0.5,1a1813cf4e7e0fcb,3.37,4.35,8.5,3.0,5.61,0.0,0.0,0.0,0.0,0.0,4.382026634673881
742,zno,zns,,,,,,nanorod,,,zno/zns,sonication,,0.0,hydrothermal,,0.0,visible,xe lamp,350.0,350 w,420.0,1,0,0,0,1,2.0,100.0,2 g/l,50.0,10.0,1.3693,10 vol%,25.0,,163 μmol g⁻¹ h⁻¹,163.0,10.1016/j.apsusc.2018.05.004,https://doi.org/10.1016/j.apsusc.2018.05.004,photocatalytic hydrogen production from glycerol solution at room temperature by zno-zns/graphene photocatalysts,applied surface science,2018.0,chang et al.,needs_review,"catalyst loading calc: 2.0 g/l × 50.0 ml = 100.00 mg; glycerol std: (10.0/100×1261)/92.09 = 1.3693 m; co_catalyst set to 'none': bare semiconductor; wavelength_cutoff_nm=420nm inferred (xe lamp, visible cutoff); doi resolved via crossref api",high,medium,high,high,medium,low,low,0.5,22b2929623755108,3.37,4.35,8.5,3.0,5.61,0.0,0.0,0.0,0.0,0.0,5.099866427824199
741,zno,zns,,,,,,nanorod,,,zno/zns,sonication,,0.0,hydrothermal,,0.0,visible,xe lamp,350.0,350 w,420.0,1,0,0,0,1,0.6,30.0,0.6 g/l,50.0,10.0,1.3693,10 vol%,25.0,,360 μmol g⁻¹ h⁻¹,360.0,10.1016/j.apsusc.2018.05.004,https://doi.org/10.1016/j.apsusc.2018.05.004,photocatalytic hydrogen production from glycerol solution at room temperature by zno-zns/graphene photocatalysts,applied surface science,2018.0,chang et al.,needs_review,"catalyst loading calc: 0.6 g/l × 50.0 ml = 30.00 mg; glycerol std: (10.0/100×1261)/92.09 = 1.3693 m; co_catalyst set to 'none': bare semiconductor; wavelength_cutoff_nm=420nm inferred (xe lamp, visible cutoff); doi resolved via crossref api",high,medium,high,high,medium,low,low,0.5,98ed2281429a1304,3.37,4.35,8.5,3.0,5.61,0.0,0.0,0.0,0.0,0.0,5.8888779583328805
740,zno,zns,,,,,,nanorod,,,zno/zns,sonication,,0.0,hydrothermal,,0.0,visible,xe lamp,350.0,350 w,420.0,1,0,0,0,1,0.2,10.0,0.2 g/l,50.0,10.0,1.3693,10 vol%,25.0,,350 μmol g⁻¹ h⁻¹,350.0,10.1016/j,https://doi.org/10.1016/j,needs_verification,international journal of hydrogen energy,2022.0,"zhong, w. et al.",needs_review,"catalyst loading calc: 0.2 g/l × 50.0 ml = 10.00 mg; glycerol std: (10.0/100×1261)/92.09 = 1.3693 m; co_catalyst set to 'none': bare semiconductor; wavelength_cutoff_nm=420nm inferred (xe lamp, visible cutoff)",high,medium,high,high,medium,low,low,0.5,69b657e2f1c77597,3.37,4.35,8.5,3.0,5.61,0.0,0.0,0.0,0.0,0.0,5.860786223465865
739,zns,,,100.0,,,,nanorod,,3.87,zns,sonication,,0.0,hydrothermal,,0.0,visible,xe lamp,350.0,350 w,420.0,1,0,0,0,1,1.0,50.0,1 g/l,50.0,10.0,1.3693,10 vol%,25.0,,232 μmol g⁻¹ h⁻¹,232.0,10.1016/j.apsusc.2018.05.004,https://doi.org/10.1016/j.apsusc.2018.05.004,photocatalytic hydrogen production from glycerol solution at room temperature by zno-zns/graphene photocatalysts,applied surface science,2018.0,chang et al.,needs_review,"catalyst loading calc: 1.0 g/l × 50.0 ml = 50.00 mg; glycerol std: (10.0/100×1261)/92.09 = 1.3693 m; co_catalyst unknown - original data did not specify; wavelength_cutoff_nm=420nm inferred (xe lamp, visible cutoff); doi resolved via crossref api",high,medium,high,high,medium,low,high,0.5,200420793b693ba8,3.54,3.9,8.3,3.0,4.09,0.0,0.0,0.0,0.0,0.0,5.4510384535657
738,zns,,,100.0,,,,nanorod,,3.87,zns,sonication,,0.0,hydrothermal,,0.0,visible,xe lamp,350.0,350 w,420.0,1,0,0,0,1,1.0,50.0,1 g/l,50.0,10.0,1.3693,10 vol%,15.0,,178 μmol g⁻¹ h⁻¹,178.0,10.1016/j.apsusc.2018.05.004,https://doi.org/10.1016/j.apsusc.2018.05.004,photocatalytic hydrogen production from glycerol solution at room temperature by zno-zns/graphene photocatalysts,applied surface science,2018.0,chang et al.,needs_review,"catalyst loading calc: 1.0 g/l × 50.0 ml = 50.00 mg; glycerol std: (10.0/100×1261)/92.09 = 1.3693 m; co_catalyst unknown - original data did not specify; wavelength_cutoff_nm=420nm inferred (xe lamp, visible cutoff); doi resolved via crossref api",high,medium,high,high,medium,low,high,0.5,44d29092af04f1af,3.54,3.9,8.3,3.0,4.09,0.0,0.0,0.0,0.0,0.0,5.187385805840755
737,zns,,,100.0,,,,nanorod,,3.87,zns,sonication,,0.0,hydrothermal,,0.0,visible,xe lamp,350.0,350 w,420.0,1,0,0,0,1,1.0,50.0,1 g/l,50.0,10.0,1.3693,10 vol%,5.0,,116 μmol g⁻¹ h⁻¹,116.0,10.1016/j.apsusc.2018.05.004,https://doi.org/10.1016/j.apsusc.2018.05.004,photocatalytic hydrogen production from glycerol solution at room temperature by zno-zns/graphene photocatalysts,applied surface science,2018.0,chang et al.,needs_review,"catalyst loading calc: 1.0 g/l × 50.0 ml = 50.00 mg; glycerol std: (10.0/100×1261)/92.09 = 1.3693 m; co_catalyst unknown - original data did not specify; wavelength_cutoff_nm=420nm inferred (xe lamp, visible cutoff); doi resolved via crossref api",high,medium,high,high,medium,low,high,0.5,a477a6b0cdc42846,3.54,3.9,8.3,3.0,4.09,0.0,0.0,0.0,0.0,0.0,4.762173934797756
736,zno,zns,,,,,,nanorod,,,zno/zns,sonication,,0.0,hydrothermal,,0.0,visible,xe lamp,350.0,350 w,420.0,1,0,0,0,1,1.0,50.0,1 g/l,50.0,10.0,1.3693,10 vol%,25.0,,384 μmol g⁻¹ h⁻¹,384.0,10.1016/j,https://doi.org/10.1016/j,needs_verification,journal of colloid and interface science,2023.0,"cavdar, o. et al.",needs_review,"catalyst loading calc: 1.0 g/l × 50.0 ml = 50.00 mg; glycerol std: (10.0/100×1261)/92.09 = 1.3693 m; co_catalyst set to 'none': bare semiconductor; wavelength_cutoff_nm=420nm inferred (xe lamp, visible cutoff)",high,medium,high,high,medium,low,low,0.5,d9b3a51311428be4,3.37,4.35,8.5,3.0,5.61,0.0,0.0,0.0,0.0,0.0,5.953243334287785
735,zno,zns,,,,,,nanorod,,,zno/zns,sonication,,0.0,hydrothermal,,0.0,visible,xe lamp,350.0,350 w,420.0,1,0,0,0,1,1.0,50.0,1 g/l,50.0,10.0,1.3693,10 vol%,15.0,,270 μmol g⁻¹ h⁻¹,270.0,10.1016/j.apsusc.2018.05.004,https://doi.org/10.1016/j.apsusc.2018.05.004,photocatalytic hydrogen production from glycerol solution at room temperature by zno-zns/graphene photocatalysts,applied surface science,2018.0,chang et al.,needs_review,"catalyst loading calc: 1.0 g/l × 50.0 ml = 50.00 mg; glycerol std: (10.0/100×1261)/92.09 = 1.3693 m; co_catalyst set to 'none': bare semiconductor; wavelength_cutoff_nm=420nm inferred (xe lamp, visible cutoff); doi resolved via crossref api",high,medium,high,high,medium,low,low,0.5,84fcf35e02d1c164,3.37,4.35,8.5,3.0,5.61,0.0,0.0,0.0,0.0,0.0,5.602118820879701
627,tio2,ag2o,rgo,92.0,3.0,,,nanocomposite,anatase-rutile,,tio2/ag2o,hydrothermal,,0.0,sonication,,0.0,uv,hg lamp,400.0,400 w,,0,1,0,1,0,0.1,5.0,0.1 g/l,50.0,5.0,0.6847,5 vol%,25.0,,12100 μmol g⁻¹ h⁻¹,12100.0,10.1016/j.ijhydene.2014.07.073,https://doi.org/10.1016/j.ijhydene.2014.07.073,experimental design as a tool to study the reaction parameters in hydrogen production from photoinduced reforming of glycerol over cds photocatalyst,international journal of hydrogen energy,2014.0,bastos et al.,needs_review,catalyst loading calc: 0.1 g/l × 50.0 ml = 5.00 mg; glycerol std: (5.0/100×1261)/92.09 = 0.6847 m; co_catalyst set to 'none': bare semiconductor; doi resolved via crossref api,high,medium,high,high,low,low,low,0.5,7e634c697d58c56e,3.2,4.21,86.0,1.0,3.89,0.0,0.0,0.0,0.0,0.0,9.401043372798053
626,tio2,ag2o,go,92.0,3.0,,,nanocomposite,anatase-rutile,,tio2/ag2o,hydrothermal,,0.0,sonication,,0.0,uv,hg lamp,400.0,400 w,,0,1,0,1,0,0.1,5.0,0.1 g/l,50.0,5.0,0.6847,5 vol%,25.0,,10000 μmol g⁻¹ h⁻¹,10000.0,10.1016/j.apcata.2018.08.004,https://doi.org/10.1016/j.apcata.2018.08.004,highly reactive anatase nanorod photocatalysts synthesized by calcination of hydrogen titanate nanotubes: effect of calcination conditions on photocatalytic performance for aqueous dye degradation and h2 production in alcohol-water mixtures,applied catalysis a: general,2018.0,chen et al.,needs_review,catalyst loading calc: 0.1 g/l × 50.0 ml = 5.00 mg; glycerol std: (5.0/100×1261)/92.09 = 0.6847 m; co_catalyst set to 'none': bare semiconductor; doi resolved via crossref api,high,medium,high,high,low,low,low,0.5,437ea8784e40c082,3.2,4.21,86.0,1.0,3.89,0.0,0.0,0.0,0.0,0.0,9.210440366976517
618,zno,zns,pds,76.0,21.0,,,nanocomposite,,3.22,zno/zns,water bath,,0.0,chemical conversion,,0.0,uv,hg lamp,125.0,125 w,,0,1,0,1,0,6.0,60.0,6 g/l,10.0,5.0,0.6847,5 vol%,80.0,,696.9 μmol g⁻¹ h⁻¹,696.9,10.1007/s11051-020-04989-2,https://doi.org/10.1007/s11051-020-04989-2,one-step sol-gel synthesis of pbtio3 nanosheets and photocatalytic enhancement through decoration by platinum,journal of nanoparticle research,2020.0,kadi and m. w. and r. m. mohamed,needs_review,catalyst loading calc: 6.0 g/l × 10.0 ml = 60.00 mg; glycerol std: (5.0/100×1261)/92.09 = 0.6847 m; co_catalyst set to 'none': bare semiconductor; doi resolved via crossref api,high,medium,high,high,low,low,high,0.5,501b616f54898b7d,3.37,4.35,8.5,3.0,5.61,0.0,0.0,0.0,0.0,0.0,6.548075826023106
617,zno,zns,pds,76.0,21.0,,,nanocomposite,,3.22,zno/zns,water bath,,0.0,chemical conversion,,0.0,uv,hg lamp,125.0,125 w,,0,1,0,1,0,6.0,60.0,6 g/l,10.0,5.0,0.6847,5 vol%,60.0,,434.07 μmol g⁻¹ h⁻¹,434.07,10.1007/s11051-020-04989-2,https://doi.org/10.1007/s11051-020-04989-2,one-step sol-gel synthesis of pbtio3 nanosheets and photocatalytic enhancement through decoration by platinum,journal of nanoparticle research,2020.0,kadi and m. w. and r. m. mohamed,needs_review,catalyst loading calc: 6.0 g/l × 10.0 ml = 60.00 mg; glycerol std: (5.0/100×1261)/92.09 = 0.6847 m; co_catalyst set to 'none': bare semiconductor; doi resolved via crossref api,high,medium,high,high,low,low,high,0.5,64c4d491d3cbf726,3.37,4.35,8.5,3.0,5.61,0.0,0.0,0.0,0.0,0.0,6.0755069376827535
616,zno,zns,pds,76.0,21.0,,,nanocomposite,,3.22,zno/zns,water bath,,0.0,chemical conversion,,0.0,uv,hg lamp,125.0,125 w,,0,1,0,1,0,6.0,60.0,6 g/l,10.0,5.0,0.6847,5 vol%,40.0,,211.06 μmol g⁻¹ h⁻¹,211.06,10.1007/s11051-020-04989-2,https://doi.org/10.1007/s11051-020-04989-2,one-step sol-gel synthesis of pbtio3 nanosheets and photocatalytic enhancement through decoration by platinum,journal of nanoparticle research,2020.0,kadi and m. w. and r. m. mohamed,needs_review,catalyst loading calc: 6.0 g/l × 10.0 ml = 60.00 mg; glycerol std: (5.0/100×1261)/92.09 = 0.6847 m; co_catalyst set to 'none': bare semiconductor; doi resolved via crossref api,high,medium,high,high,low,low,high,0.5,7312d45b976a73ac,3.37,4.35,8.5,3.0,5.61,0.0,0.0,0.0,0.0,0.0,5.356869253497652
615,zno,zns,pds,76.0,20.4,,,nanocomposite,,3.24,zno/zns,water bath,,0.0,chemical conversion,,0.0,uv,hg lamp,125.0,125 w,,0,1,0,1,0,6.0,60.0,6 g/l,10.0,5.0,0.6847,5 vol%,80.0,,1234.5 μmol g⁻¹ h⁻¹,1234.5,10.1007/s11051-020-04989-2,https://doi.org/10.1007/s11051-020-04989-2,one-step sol-gel synthesis of pbtio3 nanosheets and photocatalytic enhancement through decoration by platinum,journal of nanoparticle research,2020.0,kadi and m. w. and r. m. mohamed,needs_review,catalyst loading calc: 6.0 g/l × 10.0 ml = 60.00 mg; glycerol std: (5.0/100×1261)/92.09 = 0.6847 m; co_catalyst set to 'none': bare semiconductor; doi resolved via crossref api,high,medium,high,high,low,low,high,0.5,ed0100b3d87c0e2e,3.37,4.35,8.5,3.0,5.61,0.0,0.0,0.0,0.0,0.0,7.119231025428665
606,zno,zns,pds,76.0,10.0,,,nanocomposite,,3.25,zno/zns,water bath,,0.0,chemical conversion,,0.0,uv,hg lamp,125.0,125 w,,0,1,0,1,0,6.0,60.0,6 g/l,10.0,5.0,0.6847,5 vol%,80.0,,896.02 μmol g⁻¹ h⁻¹,896.02,10.1007/s11051-020-04989-2,https://doi.org/10.1007/s11051-020-04989-2,one-step sol-gel synthesis of pbtio3 nanosheets and photocatalytic enhancement through decoration by platinum,journal of nanoparticle research,2020.0,kadi and m. w. and r. m. mohamed,needs_review,catalyst loading calc: 6.0 g/l × 10.0 ml = 60.00 mg; glycerol std: (5.0/100×1261)/92.09 = 0.6847 m; co_catalyst set to 'none': bare semiconductor; doi resolved via crossref api,high,medium,high,high,low,low,high,0.5,725d52470aea1fbd,3.37,4.35,8.5,3.0,5.61,0.0,0.0,0.0,0.0,0.0,6.799078158354267
605,zno,zns,pds,76.0,10.0,,,nanocomposite,,3.25,zno/zns,water bath,,0.0,chemical conversion,,0.0,uv,hg lamp,125.0,125 w,,0,1,0,1,0,6.0,60.0,6 g/l,10.0,5.0,0.6847,5 vol%,60.0,,669.03 μmol g⁻¹ h⁻¹,669.03,10.1007/s11051-020-04989-2,https://doi.org/10.1007/s11051-020-04989-2,one-step sol-gel synthesis of pbtio3 nanosheets and photocatalytic enhancement through decoration by platinum,journal of nanoparticle research,2020.0,kadi and m. w. and r. m. mohamed,needs_review,catalyst loading calc: 6.0 g/l × 10.0 ml = 60.00 mg; glycerol std: (5.0/100×1261)/92.09 = 0.6847 m; co_catalyst set to 'none': bare semiconductor; doi resolved via crossref api,high,medium,high,high,low,low,high,0.5,231879276e8675cf,3.37,4.35,8.5,3.0,5.61,0.0,0.0,0.0,0.0,0.0,6.507322487501995
604,zno,zns,pds,76.0,10.0,,,nanocomposite,,3.25,zno/zns,water bath,,0.0,chemical conversion,,0.0,uv,hg lamp,125.0,125 w,,0,1,0,1,0,6.0,60.0,6 g/l,10.0,5.0,0.6847,5 vol%,40.0,,238.94 μmol g⁻¹ h⁻¹,238.94,10.1007/s11051-020-04989-2,https://doi.org/10.1007/s11051-020-04989-2,one-step sol-gel synthesis of pbtio3 nanosheets and photocatalytic enhancement through decoration by platinum,journal of nanoparticle research,2020.0,kadi and m. w. and r. m. mohamed,needs_review,catalyst loading calc: 6.0 g/l × 10.0 ml = 60.00 mg; glycerol std: (5.0/100×1261)/92.09 = 0.6847 m; co_catalyst set to 'none': bare semiconductor; doi resolved via crossref api,high,medium,high,high,low,low,high,0.5,7080259f584bce17,3.37,4.35,8.5,3.0,5.61,0.0,0.0,0.0,0.0,0.0,5.480388892086782
598,tio2,g-c3n4,montmorillonite,50.0,10.0,,,nanocomposite,anatase,,tio2/g-c3n4,hydrothermal,,0.0,sol-gel,400.0,3.0,visible,xe lamp,35.0,35 w,420.0,1,0,0,0,1,1.54,200.2,1.54 g/l,130.0,5.0,0.6847,5 vol%,25.0,,2213 μmol g⁻¹ h⁻¹,2213.0,10.1016/j.renene.2020.04.020,https://doi.org/10.1016/j.renene.2020.04.020,solar photocatalytic hydrogen production from glycerol reforming using ternary cu/ths/graphene,conference of the south african advanced materials initiative (proceedings),2020.0,seadira et al.,needs_review,"catalyst loading calc: 1.54 g/l × 130.0 ml = 200.20 mg; glycerol std: (5.0/100×1261)/92.09 = 0.6847 m; co_catalyst set to 'none': bare semiconductor; warning: conference proceedings, not journal article. cannot cite with doi.; wavelength_cutoff_nm=420nm inferred (xe lamp, visible cutoff); doi resolved via crossref api",high,medium,high,high,medium,low,low,0.5,41aebe33342d801d,3.2,4.21,86.0,1.0,3.89,0.0,0.0,0.0,0.0,0.0,7.7025561132685825
597,tio2,g-c3n4,montmorillonite,50.0,10.0,,,nanocomposite,anatase,,tio2/g-c3n4,hydrothermal,,0.0,sol-gel,400.0,3.0,visible,xe lamp,35.0,35 w,420.0,1,0,0,0,1,1.15,149.5,1.15 g/l,130.0,5.0,0.6847,5 vol%,25.0,,1748.5 μmol g⁻¹ h⁻¹,1748.5,10.1016/j.renene.2020.04.020,https://doi.org/10.1016/j.renene.2020.04.020,solar photocatalytic hydrogen production from glycerol reforming using ternary cu/ths/graphene,conference of the south african advanced materials initiative (proceedings),2020.0,seadira et al.,needs_review,"catalyst loading calc: 1.15 g/l × 130.0 ml = 149.50 mg; glycerol std: (5.0/100×1261)/92.09 = 0.6847 m; co_catalyst set to 'none': bare semiconductor; warning: conference proceedings, not journal article. cannot cite with doi.; wavelength_cutoff_nm=420nm inferred (xe lamp, visible cutoff); doi resolved via crossref api",high,medium,high,high,medium,low,low,0.5,82e388bb0e8477c3,3.2,4.21,86.0,1.0,3.89,0.0,0.0,0.0,0.0,0.0,7.467085311807743
596,tio2,g-c3n4,montmorillonite,50.0,10.0,,,nanocomposite,anatase,,tio2/g-c3n4,hydrothermal,,0.0,sol-gel,400.0,3.0,visible,xe lamp,35.0,35 w,420.0,1,0,0,0,1,0.77,100.1,0.77 g/l,130.0,5.0,0.6847,5 vol%,25.0,,1221.6 μmol g⁻¹ h⁻¹,1221.6,10.1016/j.renene.2020.04.020,https://doi.org/10.1016/j.renene.2020.04.020,solar photocatalytic hydrogen production from glycerol reforming using ternary cu/ths/graphene,conference of the south african advanced materials initiative (proceedings),2020.0,seadira et al.,needs_review,"catalyst loading calc: 0.77 g/l × 130.0 ml = 100.10 mg; glycerol std: (5.0/100×1261)/92.09 = 0.6847 m; co_catalyst set to 'none': bare semiconductor; warning: conference proceedings, not journal article. cannot cite with doi.; wavelength_cutoff_nm=420nm inferred (xe lamp, visible cutoff); doi resolved via crossref api",high,medium,high,high,medium,low,low,0.5,9387ccf676782237,3.2,4.21,86.0,1.0,3.89,0.0,0.0,0.0,0.0,0.0,7.108735017594625
595,tio2,g-c3n4,montmorillonite,50.0,10.0,,,nanocomposite,anatase,,tio2/g-c3n4,hydrothermal,,0.0,sol-gel,400.0,3.0,visible,xe lamp,35.0,35 w,420.0,1,0,0,0,1,0.38,49.4,0.38 g/l,130.0,5.0,0.6847,5 vol%,25.0,,1120 μmol g⁻¹ h⁻¹,1120.0,10.1016/j.renene.2020.04.020,https://doi.org/10.1016/j.renene.2020.04.020,solar photocatalytic hydrogen production from glycerol reforming using ternary cu/ths/graphene,conference of the south african advanced materials initiative (proceedings),2020.0,seadira et al.,needs_review,"catalyst loading calc: 0.38 g/l × 130.0 ml = 49.40 mg; glycerol std: (5.0/100×1261)/92.09 = 0.6847 m; co_catalyst set to 'none': bare semiconductor; warning: conference proceedings, not journal article. cannot cite with doi.; wavelength_cutoff_nm=420nm inferred (xe lamp, visible cutoff); doi resolved via crossref api",high,medium,high,high,medium,low,low,0.5,2f8c32d50de46bb1,3.2,4.21,86.0,1.0,3.89,0.0,0.0,0.0,0.0,0.0,7.02197642307216
594,cds,,,100.0,,sncl2,3.59,nanoparticle,,,3.59wt%sncl2/cds,,,0.0,solvent thermal process,,0.0,visible,xe lamp,350.0,350 w,420.0,1,0,0,0,1,0.33,22.11,0.33 g/l,67.0,0.19,0.026,0.19 vol%,,7.0,296.45 μmol g⁻¹ h⁻¹,296.45,10.1007/s13204-020-01534-4,https://doi.org/10.1007/s13204-020-01534-4,pt-decorated cuo nanosheets and their application in the visible light photocatalytic water splitting reaction,nanoscience,2020.0,kadi and m. w. and r. m. mohamed,needs_review,catalyst loading calc: 0.33 g/l × 67.0 ml = 22.11 mg; glycerol std: (0.19/100×1261)/92.09 = 0.0260 m; doi resolved via crossref api,high,medium,high,high,medium,high,low,0.5,d23c5b02df4902bb,2.42,4.2,8.9,3.0,4.82,4.9,-2.0,130.0,2.0,3.0,5.695246143633915
593,cds,,,100.0,,sncl2,1.79,nanoparticle,,,1.79wt%sncl2/cds,,,0.0,solvent thermal process,,0.0,visible,xe lamp,350.0,350 w,420.0,1,0,0,0,1,0.33,22.11,0.33 g/l,67.0,0.19,0.026,0.19 vol%,,7.0,655.5 μmol g⁻¹ h⁻¹,655.5,10.1007/s13204-020-01534-4,https://doi.org/10.1007/s13204-020-01534-4,pt-decorated cuo nanosheets and their application in the visible light photocatalytic water splitting reaction,nanoscience,2020.0,kadi and m. w. and r. m. mohamed,needs_review,catalyst loading calc: 0.33 g/l × 67.0 ml = 22.11 mg; glycerol std: (0.19/100×1261)/92.09 = 0.0260 m; doi resolved via crossref api,high,medium,high,high,medium,high,low,0.5,9fa20f785305beaf,2.42,4.2,8.9,3.0,4.82,4.9,-2.0,130.0,2.0,3.0,6.486922693742851
592,cds,,,100.0,,sncl2,0.89,nanoparticle,,,0.89wt%sncl2/cds,,,0.0,solvent thermal process,,0.0,visible,xe lamp,350.0,350 w,420.0,1,0,0,0,1,0.33,22.11,0.33 g/l,67.0,0.19,0.026,0.19 vol%,,7.0,1610 μmol g⁻¹ h⁻¹,1610.0,10.1007/s13204-020-01534-4,https://doi.org/10.1007/s13204-020-01534-4,pt-decorated cuo nanosheets and their application in the visible light photocatalytic water splitting reaction,nanoscience,2020.0,kadi and m. w. and r. m. mohamed,needs_review,catalyst loading calc: 0.33 g/l × 67.0 ml = 22.11 mg; glycerol std: (0.19/100×1261)/92.09 = 0.0260 m; doi resolved via crossref api,high,medium,high,high,medium,high,low,0.5,73e695b46eddbea4,2.42,4.2,8.9,3.0,4.82,4.9,-2.0,130.0,2.0,3.0,7.384610383176974
591,cds,,,100.0,,sncl2,0.44,nanoparticle,,,0.44wt%sncl2/cds,,,0.0,solvent thermal process,,0.0,visible,xe lamp,350.0,350 w,420.0,1,0,0,0,1,0.33,22.11,0.33 g/l,67.0,0.19,0.026,0.19 vol%,,7.0,371.6 μmol g⁻¹ h⁻¹,371.6,10.1007/s13204-020-01534-4,https://doi.org/10.1007/s13204-020-01534-4,pt-decorated cuo nanosheets and their application in the visible light photocatalytic water splitting reaction,nanoscience,2020.0,kadi and m. w. and r. m. mohamed,needs_review,catalyst loading calc: 0.33 g/l × 67.0 ml = 22.11 mg; glycerol std: (0.19/100×1261)/92.09 = 0.0260 m; doi resolved via crossref api,high,medium,high,high,medium,high,low,0.5,c5c6f05bd1b3d7ae,2.42,4.2,8.9,3.0,4.82,4.9,-2.0,130.0,2.0,3.0,5.920505458167488
749,zno,zns,,81.0,,,,nanorod,,,zno/zns,water bath,,0.0,sulfidation,,0.0,uv,hg lamp,125.0,125 w,,0,1,0,1,0,30.0,300.0,30 g/l,10.0,7.0,0.9585,7 vol%,80.0,,1538 μmol g⁻¹ h⁻¹,1538.0,10.1016/j.apsusc.2013.07.009,https://doi.org/10.1016/j.apsusc.2013.07.009,"zno/zns–pds core/shell nanorods: synthesis, characterization and application for photocatalytic hydrogen production from a glycerol/water solution",applied surface science,2013.0,liu et al.,needs_review,catalyst loading calc: 30.0 g/l × 10.0 ml = 300.00 mg; glycerol std: (7.0/100×1261)/92.09 = 0.9585 m; co_catalyst set to 'none': bare semiconductor; doi resolved via crossref api,high,medium,high,high,low,low,low,0.5,b25ac2ba8d9b73b5,3.37,4.35,8.5,3.0,5.61,0.0,0.0,0.0,0.0,0.0,7.338888133838879
748,zno,zns,,81.0,,,,nanorod,,,zno/zns,water bath,,0.0,sulfidation,,0.0,uv,hg lamp,125.0,125 w,,0,1,0,1,0,30.0,300.0,30 g/l,10.0,7.0,0.9585,7 vol%,60.0,,932.3 μmol g⁻¹ h⁻¹,932.3,10.1016/j.apsusc.2013.07.009,https://doi.org/10.1016/j.apsusc.2013.07.009,"zno/zns–pds core/shell nanorods: synthesis, characterization and application for photocatalytic hydrogen production from a glycerol/water solution",applied surface science,2013.0,liu et al.,needs_review,catalyst loading calc: 30.0 g/l × 10.0 ml = 300.00 mg; glycerol std: (7.0/100×1261)/92.09 = 0.9585 m; co_catalyst set to 'none': bare semiconductor; doi resolved via crossref api,high,medium,high,high,low,low,low,0.5,8afc5f1b1d0c6b1e,3.37,4.35,8.5,3.0,5.61,0.0,0.0,0.0,0.0,0.0,6.838726692571701
747,zno,zns,,81.0,,,,nanorod,,,zno/zns,water bath,,0.0,sulfidation,,0.0,uv,hg lamp,125.0,125 w,,0,1,0,1,0,30.0,300.0,30 g/l,10.0,7.0,0.9585,7 vol%,40.0,,457.24 μmol g⁻¹ h⁻¹,457.24,10.1016/j.apsusc.2013.07.009,https://doi.org/10.1016/j.apsusc.2013.07.009,"zno/zns–pds core/shell nanorods: synthesis, characterization and application for photocatalytic hydrogen production from a glycerol/water solution",applied surface science,2013.0,liu et al.,needs_review,catalyst loading calc: 30.0 g/l × 10.0 ml = 300.00 mg; glycerol std: (7.0/100×1261)/92.09 = 0.9585 m; co_catalyst set to 'none': bare semiconductor; doi resolved via crossref api,high,medium,high,high,low,low,low,0.5,d231d9938521c5cd,3.37,4.35,8.5,3.0,5.61,0.0,0.0,0.0,0.0,0.0,6.127393064332226
746,zno,,,100.0,,,,nanorod,,3.37,zno,,,0.0,water bath,,0.0,uv,hg lamp,125.0,125 w,,0,1,0,1,0,30.0,300.0,30 g/l,10.0,7.0,0.9585,7 vol%,80.0,,35.63 μmol g⁻¹ h⁻¹,35.63,10.1016/j.apsusc.2013.07.009,https://doi.org/10.1016/j.apsusc.2013.07.009,"zno/zns–pds core/shell nanorods: synthesis, characterization and application for photocatalytic hydrogen production from a glycerol/water solution",applied surface science,2013.0,liu et al.,needs_review,catalyst loading calc: 30.0 g/l × 10.0 ml = 300.00 mg; glycerol std: (7.0/100×1261)/92.09 = 0.9585 m; co_catalyst set to 'none': bare semiconductor; doi resolved via crossref api,high,medium,high,high,low,low,high,0.5,88223728a6e0ecb1,3.37,4.35,8.5,3.0,5.61,0.0,0.0,0.0,0.0,0.0,3.6008675767907232
745,zno,,,100.0,,,,nanorod,,3.37,zno,,,0.0,water bath,,0.0,uv,hg lamp,125.0,125 w,,0,1,0,1,0,30.0,300.0,30 g/l,10.0,7.0,0.9585,7 vol%,60.0,,41.57 μmol g⁻¹ h⁻¹,41.57,10.1016/j.apsusc.2013.07.009,https://doi.org/10.1016/j.apsusc.2013.07.009,"zno/zns–pds core/shell nanorods: synthesis, characterization and application for photocatalytic hydrogen production from a glycerol/water solution",applied surface science,2013.0,liu et al.,needs_review,catalyst loading calc: 30.0 g/l × 10.0 ml = 300.00 mg; glycerol std: (7.0/100×1261)/92.09 = 0.9585 m; co_catalyst set to 'none': bare semiconductor; doi resolved via crossref api,high,medium,high,high,low,low,high,0.5,d9fc2208c790cdff,3.37,4.35,8.5,3.0,5.61,0.0,0.0,0.0,0.0,0.0,3.751149779840061
297,tio2,,,100.0,,pd,0.5,nanorod,anatase,,0.5wt%pd/tio2,hydrothermal,500.0,2.0,precipitation,,0.0,uv,,100.0,100 w,365.0,0,0,0,1,0,0.33,6.6,0.33 g/l,20.0,10.0,1.3693,10 vol%,,6.0,35300 μmol g⁻¹ h⁻¹,35300.0,10.1016/j.apcata.2018.08.004,https://doi.org/10.1016/j.apcata.2018.08.004,highly reactive anatase nanorod photocatalysts synthesized by calcination of hydrogen titanate nanotubes: effect of calcination conditions on photocatalytic performance for aqueous dye degradation and h2 production in alcohol-water mixtures,applied catalysis a: general,2018.0,chen et al.,needs_review,catalyst loading calc: 0.33 g/l × 20.0 ml = 6.60 mg; glycerol std: (10.0/100×1261)/92.09 = 1.3693 m; doi resolved via crossref api,high,medium,high,low,medium,high,low,0.5,39906aada89e690f,3.2,4.21,86.0,1.0,3.89,5.22,-1.83,137.0,2.2,5.0,10.471666571132038
590,cds,,,100.0,,sncl2,0.0,nanoparticle,,2.73,0wt%sncl2/cds,,,0.0,solvent thermal process,,0.0,visible,xe lamp,350.0,350 w,420.0,1,0,0,0,1,0.33,22.11,0.33 g/l,67.0,0.19,0.026,0.19 vol%,,7.0,70.98 μmol g⁻¹ h⁻¹,70.98,10.1007/s13204-020-01534-4,https://doi.org/10.1007/s13204-020-01534-4,pt-decorated cuo nanosheets and their application in the visible light photocatalytic water splitting reaction,nanoscience,2020.0,kadi and m. w. and r. m. mohamed,needs_review,catalyst loading calc: 0.33 g/l × 67.0 ml = 22.11 mg; glycerol std: (0.19/100×1261)/92.09 = 0.0260 m; doi resolved via crossref api,high,medium,high,high,medium,high,high,0.5,b5fe4c73360b76af,2.42,4.2,8.9,3.0,4.82,4.9,-2.0,130.0,2.0,3.0,4.276388302650885
280,tio2,,,100.0,,ni,0.5,nanoparticle,anatase-rutile,3.15,0.5wt%ni/tio2,,550.0,2.0,precipitation,300.0,2.0,uv,,100.0,100 w,365.0,0,0,0,1,0,0.33,6.6,0.33 g/l,20.0,10.0,1.3693,10 vol%,25.0,,14474 μmol g⁻¹ h⁻¹,14474.0,10.1016/j.apcata.2018.08.004,https://doi.org/10.1016/j.apcata.2018.08.004,highly reactive anatase nanorod photocatalysts synthesized by calcination of hydrogen titanate nanotubes: effect of calcination conditions on photocatalytic performance for aqueous dye degradation and h2 production in alcohol-water mixtures,applied catalysis a: general,2018.0,chen et al.,needs_review,catalyst loading calc: 0.33 g/l × 20.0 ml = 6.60 mg; glycerol std: (10.0/100×1261)/92.09 = 1.3693 m; doi resolved via crossref api,high,medium,high,low,medium,low,high,0.5,751c6bf1b6447b4a,3.2,4.21,86.0,1.0,3.89,5.15,-1.29,124.0,1.91,2.0,9.580178302441196
279,tio2,,,100.0,,ni,0.5,nanoparticle,rutile,3.15,0.5wt%ni/tio2,,550.0,2.0,precipitation,300.0,2.0,uv,,100.0,100 w,365.0,0,0,0,1,0,0.33,6.6,0.33 g/l,20.0,10.0,1.3693,10 vol%,25.0,,7697 μmol g⁻¹ h⁻¹,7697.0,10.1016/j.apcata.2018.08.004,https://doi.org/10.1016/j.apcata.2018.08.004,highly reactive anatase nanorod photocatalysts synthesized by calcination of hydrogen titanate nanotubes: effect of calcination conditions on photocatalytic performance for aqueous dye degradation and h2 production in alcohol-water mixtures,applied catalysis a: general,2018.0,chen et al.,needs_review,catalyst loading calc: 0.33 g/l × 20.0 ml = 6.60 mg; glycerol std: (10.0/100×1261)/92.09 = 1.3693 m; doi resolved via crossref api,high,medium,high,low,medium,low,high,0.5,8aa18a2dc27eb2d1,3.2,4.21,86.0,1.0,3.89,5.15,-1.29,124.0,1.91,2.0,8.948715833843691
278,tio2,,,100.0,,ni,0.5,nanoparticle,anatase,3.15,0.5wt%ni/tio2,,550.0,2.0,precipitation,300.0,2.0,uv,,100.0,100 w,365.0,0,0,0,1,0,0.33,6.6,0.33 g/l,20.0,10.0,1.3693,10 vol%,25.0,,16513 μmol g⁻¹ h⁻¹,16513.0,10.1016/j.apcata.2018.08.004,https://doi.org/10.1016/j.apcata.2018.08.004,highly reactive anatase nanorod photocatalysts synthesized by calcination of hydrogen titanate nanotubes: effect of calcination conditions on photocatalytic performance for aqueous dye degradation and h2 production in alcohol-water mixtures,applied catalysis a: general,2018.0,chen et al.,needs_review,catalyst loading calc: 0.33 g/l × 20.0 ml = 6.60 mg; glycerol std: (10.0/100×1261)/92.09 = 1.3693 m; doi resolved via crossref api,high,medium,high,low,medium,low,high,0.5,72cf7827b2d8a4bc,3.2,4.21,86.0,1.0,3.89,5.15,-1.29,124.0,1.91,2.0,9.711963784977375
277,tio2,,,100.0,,ni,0.5,nanoparticle,anatase-rutile,3.15,0.5wt%ni/tio2,,550.0,2.0,precipitation,300.0,2.0,uv,,100.0,100 w,365.0,0,0,0,1,0,0.33,6.6,0.33 g/l,20.0,100.0,13.6931,100 vol%,25.0,,1338 μmol g⁻¹ h⁻¹,1338.0,10.1016/j.apcata.2018.08.004,https://doi.org/10.1016/j.apcata.2018.08.004,highly reactive anatase nanorod photocatalysts synthesized by calcination of hydrogen titanate nanotubes: effect of calcination conditions on photocatalytic performance for aqueous dye degradation and h2 production in alcohol-water mixtures,applied catalysis a: general,2018.0,chen et al.,needs_review,catalyst loading calc: 0.33 g/l × 20.0 ml = 6.60 mg; glycerol std: (100.0/100×1261)/92.09 = 13.6931 m; doi resolved via crossref api,high,medium,high,low,medium,low,high,0.5,d0b6f75a75e6b00a,3.2,4.21,86.0,1.0,3.89,5.15,-1.29,124.0,1.91,2.0,7.199678345691172
276,tio2,,,100.0,,ni,0.5,nanoparticle,anatase-rutile,3.15,0.5wt%ni/tio2,,550.0,2.0,precipitation,300.0,2.0,uv,,100.0,100 w,365.0,0,0,0,1,0,0.33,6.6,0.33 g/l,20.0,80.0,10.9545,80 vol%,25.0,,10000 μmol g⁻¹ h⁻¹,10000.0,10.1016/j.apcata.2018.08.004,https://doi.org/10.1016/j.apcata.2018.08.004,highly reactive anatase nanorod photocatalysts synthesized by calcination of hydrogen titanate nanotubes: effect of calcination conditions on photocatalytic performance for aqueous dye degradation and h2 production in alcohol-water mixtures,applied catalysis a: general,2018.0,chen et al.,needs_review,catalyst loading calc: 0.33 g/l × 20.0 ml = 6.60 mg; glycerol std: (80.0/100×1261)/92.09 = 10.9545 m; doi resolved via crossref api,high,medium,high,low,medium,low,high,0.5,47079831789f285c,3.2,4.21,86.0,1.0,3.89,5.15,-1.29,124.0,1.91,2.0,9.210440366976517
275,tio2,,,100.0,,ni,0.5,nanoparticle,anatase-rutile,3.15,0.5wt%ni/tio2,,550.0,2.0,precipitation,300.0,2.0,uv,,100.0,100 w,365.0,0,0,0,1,0,0.33,6.6,0.33 g/l,20.0,60.0,8.2159,60 vol%,25.0,,15382 μmol g⁻¹ h⁻¹,15382.0,10.1016/j.apcata.2018.08.004,https://doi.org/10.1016/j.apcata.2018.08.004,highly reactive anatase nanorod photocatalysts synthesized by calcination of hydrogen titanate nanotubes: effect of calcination conditions on photocatalytic performance for aqueous dye degradation and h2 production in alcohol-water mixtures,applied catalysis a: general,2018.0,chen et al.,needs_review,catalyst loading calc: 0.33 g/l × 20.0 ml = 6.60 mg; glycerol std: (60.0/100×1261)/92.09 = 8.2159 m; doi resolved via crossref api,high,medium,high,low,medium,low,high,0.5,4499177e5f731c17,3.2,4.21,86.0,1.0,3.89,5.15,-1.29,124.0,1.91,2.0,9.64101828255575
274,tio2,,,100.0,,ni,0.5,nanoparticle,anatase-rutile,3.15,0.5wt%ni/tio2,,550.0,2.0,precipitation,300.0,2.0,uv,,100.0,100 w,365.0,0,0,0,1,0,0.33,6.6,0.33 g/l,20.0,30.0,4.1079,30 vol%,25.0,,19231 μmol g⁻¹ h⁻¹,19231.0,10.1016/j.apcata.2018.08.004,https://doi.org/10.1016/j.apcata.2018.08.004,highly reactive anatase nanorod photocatalysts synthesized by calcination of hydrogen titanate nanotubes: effect of calcination conditions on photocatalytic performance for aqueous dye degradation and h2 production in alcohol-water mixtures,applied catalysis a: general,2018.0,chen et al.,needs_review,catalyst loading calc: 0.33 g/l × 20.0 ml = 6.60 mg; glycerol std: (30.0/100×1261)/92.09 = 4.1079 m; doi resolved via crossref api,high,medium,high,low,medium,low,high,0.5,d2ae61d110bba99a,3.2,4.21,86.0,1.0,3.89,5.15,-1.29,124.0,1.91,2.0,9.864330837334935
273,tio2,,,100.0,,ni,0.5,nanoparticle,anatase-rutile,3.15,0.5wt%ni/tio2,,550.0,2.0,precipitation,300.0,2.0,uv,,100.0,100 w,365.0,0,0,0,1,0,0.33,6.6,0.33 g/l,20.0,15.0,2.054,15 vol%,25.0,,23600 μmol g⁻¹ h⁻¹,23600.0,10.1016/j.apcata.2018.08.004,https://doi.org/10.1016/j.apcata.2018.08.004,highly reactive anatase nanorod photocatalysts synthesized by calcination of hydrogen titanate nanotubes: effect of calcination conditions on photocatalytic performance for aqueous dye degradation and h2 production in alcohol-water mixtures,applied catalysis a: general,2018.0,chen et al.,needs_review,catalyst loading calc: 0.33 g/l × 20.0 ml = 6.60 mg; glycerol std: (15.0/100×1261)/92.09 = 2.0540 m; doi resolved via crossref api,high,medium,high,low,medium,low,high,0.5,3f78591f28f667dd,3.2,4.21,86.0,1.0,3.89,5.15,-1.29,124.0,1.91,2.0,10.069044362997353
272,tio2,,,100.0,,ni,1.0,nanoparticle,anatase-rutile,,1wt%ni/tio2,,550.0,2.0,precipitation,300.0,2.0,uv,,100.0,100 w,365.0,0,0,0,1,0,0.33,6.6,0.33 g/l,20.0,10.0,1.3693,10 vol%,25.0,,17387 μmol g⁻¹ h⁻¹,17387.0,10.1016/j.apcata.2018.08.004,https://doi.org/10.1016/j.apcata.2018.08.004,highly reactive anatase nanorod photocatalysts synthesized by calcination of hydrogen titanate nanotubes: effect of calcination conditions on photocatalytic performance for aqueous dye degradation and h2 production in alcohol-water mixtures,applied catalysis a: general,2018.0,chen et al.,needs_review,catalyst loading calc: 0.33 g/l × 20.0 ml = 6.60 mg; glycerol std: (10.0/100×1261)/92.09 = 1.3693 m; doi resolved via crossref api,high,medium,high,low,medium,low,low,0.5,463bed46f61e5177,3.2,4.21,86.0,1.0,3.89,5.15,-1.29,124.0,1.91,2.0,9.763535592108683
271,tio2,,,100.0,,ni,0.75,nanoparticle,anatase-rutile,,0.75wt%ni/tio2,,550.0,2.0,precipitation,300.0,2.0,uv,,100.0,100 w,365.0,0,0,0,1,0,0.33,6.6,0.33 g/l,20.0,10.0,1.3693,10 vol%,25.0,,19428 μmol g⁻¹ h⁻¹,19428.0,10.1016/j.apcata.2018.08.004,https://doi.org/10.1016/j.apcata.2018.08.004,highly reactive anatase nanorod photocatalysts synthesized by calcination of hydrogen titanate nanotubes: effect of calcination conditions on photocatalytic performance for aqueous dye degradation and h2 production in alcohol-water mixtures,applied catalysis a: general,2018.0,chen et al.,needs_review,catalyst loading calc: 0.33 g/l × 20.0 ml = 6.60 mg; glycerol std: (10.0/100×1261)/92.09 = 1.3693 m; doi resolved via crossref api,high,medium,high,low,medium,low,low,0.5,9a85c44bed61c3fa,3.2,4.21,86.0,1.0,3.89,5.15,-1.29,124.0,1.91,2.0,9.874522074243114
270,tio2,,,100.0,,ni,0.5,nanoparticle,anatase-rutile,3.15,0.5wt%ni/tio2,,550.0,2.0,precipitation,300.0,2.0,uv,,100.0,100 w,365.0,0,0,0,1,0,0.33,6.6,0.33 g/l,20.0,10.0,1.3693,10 vol%,25.0,,26000 μmol g⁻¹ h⁻¹,26000.0,10.1016/j.apcata.2018.08.004,https://doi.org/10.1016/j.apcata.2018.08.004,highly reactive anatase nanorod photocatalysts synthesized by calcination of hydrogen titanate nanotubes: effect of calcination conditions on photocatalytic performance for aqueous dye degradation and h2 production in alcohol-water mixtures,applied catalysis a: general,2018.0,chen et al.,needs_review,catalyst loading calc: 0.33 g/l × 20.0 ml = 6.60 mg; glycerol std: (10.0/100×1261)/92.09 = 1.3693 m; doi resolved via crossref api,high,medium,high,low,medium,low,high,0.5,edb531b048054d56,3.2,4.21,86.0,1.0,3.89,5.15,-1.29,124.0,1.91,2.0,10.165890277802454
269,tio2,,,100.0,,ni,0.4,nanoparticle,anatase-rutile,,0.4wt%ni/tio2,,550.0,2.0,precipitation,300.0,2.0,uv,,100.0,100 w,365.0,0,0,0,1,0,0.33,6.6,0.33 g/l,20.0,10.0,1.3693,10 vol%,25.0,,18380 μmol g⁻¹ h⁻¹,18380.0,10.1016/j.apcata.2018.08.004,https://doi.org/10.1016/j.apcata.2018.08.004,highly reactive anatase nanorod photocatalysts synthesized by calcination of hydrogen titanate nanotubes: effect of calcination conditions on photocatalytic performance for aqueous dye degradation and h2 production in alcohol-water mixtures,applied catalysis a: general,2018.0,chen et al.,needs_review,catalyst loading calc: 0.33 g/l × 20.0 ml = 6.60 mg; glycerol std: (10.0/100×1261)/92.09 = 1.3693 m; doi resolved via crossref api,high,medium,high,low,medium,low,low,0.5,4af05b31ac8a8067,3.2,4.21,86.0,1.0,3.89,5.15,-1.29,124.0,1.91,2.0,9.819072801393764
296,tio2,,,100.0,,pd,0.5,nanoparticle,anatase-rutile,,0.5wt%pd/tio2,,,0.0,sol-gel,,0.0,visible,xe lamp,75.0,75 w,420.0,1,0,0,0,1,4.38,70.08,4.38 g/l,16.0,3.7,0.5066,3.7 vol%,25.0,,7500 μmol g⁻¹ h⁻¹,7500.0,10.1002/ep.12998,https://doi.org/10.1002/ep.12998,the influence of process parameters on photocatalytic hydrogen production,sustainable energy,2018.0,bednarczyk and m. stelmachowski and m. gmurek,needs_review,"catalyst loading calc: 4.38 g/l × 16.0 ml = 70.08 mg; glycerol std: (3.7/100×1261)/92.09 = 0.5066 m; wavelength_cutoff_nm=420nm inferred (xe lamp, visible cutoff); doi resolved via crossref api",high,medium,high,high,medium,low,low,0.5,f89f18bcd6d229c6,3.2,4.21,86.0,1.0,3.89,5.22,-1.83,137.0,2.2,5.0,8.922791623969637
295,tio2,,,100.0,,pd,0.1,nanoparticle,anatase-rutile,,0.1wt%pd/tio2,,,0.0,sol-gel,,0.0,visible,xe lamp,75.0,75 w,420.0,1,0,0,0,1,4.38,70.08,4.38 g/l,16.0,3.7,0.5066,3.7 vol%,25.0,,14167 μmol g⁻¹ h⁻¹,14167.0,10.1002/ep.12998,https://doi.org/10.1002/ep.12998,the influence of process parameters on photocatalytic hydrogen production,sustainable energy,2018.0,bednarczyk and m. stelmachowski and m. gmurek,needs_review,"catalyst loading calc: 4.38 g/l × 16.0 ml = 70.08 mg; glycerol std: (3.7/100×1261)/92.09 = 0.5066 m; wavelength_cutoff_nm=420nm inferred (xe lamp, visible cutoff); doi resolved via crossref api",high,medium,high,high,medium,low,low,0.5,fc222d02de66acb0,3.2,4.21,86.0,1.0,3.89,5.22,-1.83,137.0,2.2,5.0,9.55874117946267
558,tio2,,,100.0,,pt,1.0,nanoparticle,anatase-brookite,,1wt%pt/tio2,,,0.0,photodeposition,,0.0,visible,xe lamp,100.0,100 w,420.0,1,0,0,0,1,0.17,204.0,0.17 g/l,1200.0,4.5,0.6162,4.5 vol%,30.0,,76280 μmol g⁻¹ h⁻¹,76280.0,10.1016/j,https://doi.org/10.1016/j,needs_verification,catalysis today,2024.0,"herrera-beurnio m, c. et al.",ok,"catalyst loading calc: 0.17 g/l × 1200.0 ml = 204.00 mg; glycerol std: (4.5/100×1261)/92.09 = 0.6162 m; wavelength_cutoff_nm=420nm inferred (xe lamp, visible cutoff)",high,medium,high,high,medium,low,low,0.5,3955ddbd8f552953,3.2,4.21,86.0,1.0,3.89,5.65,-2.25,139.0,2.28,5.0,11.24217916922465
335,tio2,,,100.0,,pt,0.2,nanoparticle,brookite,,0.2wt%pt/tio2,hydrothermal,400.0,3.0,photodeposition,,0.0,visible,xe lamp,150.0,150 w,300.0,1,0,0,0,1,0.6,48.0,0.6 g/l,80.0,7.3,0.9996,7.3 vol%,25.0,,1167.5 μmol g⁻¹ h⁻¹,1167.5,10.1016/j.apcata.2015.09.022,https://doi.org/10.1016/j.apcata.2015.09.022,photocatalytic valorization of ethanol and glycerol over tio2 polymorphs for sustainable hydrogen production,applied catalysis a: general,2016.0,beltram et al.,needs_review,catalyst loading calc: 0.6 g/l × 80.0 ml = 48.00 mg; glycerol std: (7.3/100×1261)/92.09 = 0.9996 m; doi resolved via crossref api,high,medium,high,high,medium,low,low,0.5,4f77badc0824a2fd,3.2,4.21,86.0,1.0,3.89,5.65,-2.25,139.0,2.28,5.0,7.063476153978913
334,tio2,,,100.0,,pt,0.2,nanoparticle,anatase,,0.2wt%pt/tio2,hydrothermal,400.0,3.0,photodeposition,,0.0,visible,xe lamp,150.0,150 w,300.0,1,0,0,0,1,0.6,48.0,0.6 g/l,80.0,7.3,0.9996,7.3 vol%,25.0,,1939.1 μmol g⁻¹ h⁻¹,1939.1,10.1016/j.apcata.2015.09.022,https://doi.org/10.1016/j.apcata.2015.09.022,photocatalytic valorization of ethanol and glycerol over tio2 polymorphs for sustainable hydrogen production,applied catalysis a: general,2016.0,beltram et al.,needs_review,catalyst loading calc: 0.6 g/l × 80.0 ml = 48.00 mg; glycerol std: (7.3/100×1261)/92.09 = 0.9996 m; doi resolved via crossref api,high,medium,high,high,medium,low,low,0.5,eb72e4bbe9b9f1a0,3.2,4.21,86.0,1.0,3.89,5.65,-2.25,139.0,2.28,5.0,7.570494797120657
333,tio2,,,100.0,,pt,0.2,nanoparticle,rutile,,0.2wt%pt/tio2,hydrothermal,400.0,3.0,photodeposition,,0.0,visible,xe lamp,150.0,150 w,300.0,1,0,0,0,1,0.6,48.0,0.6 g/l,80.0,7.3,0.9996,7.3 vol%,25.0,,111.68 μmol g⁻¹ h⁻¹,111.68,10.1016/j.apcata.2015.09.022,https://doi.org/10.1016/j.apcata.2015.09.022,photocatalytic valorization of ethanol and glycerol over tio2 polymorphs for sustainable hydrogen production,applied catalysis a: general,2016.0,beltram et al.,needs_review,catalyst loading calc: 0.6 g/l × 80.0 ml = 48.00 mg; glycerol std: (7.3/100×1261)/92.09 = 0.9996 m; doi resolved via crossref api,high,medium,high,high,medium,low,low,0.5,31d08c7fec1c5b1a,3.2,4.21,86.0,1.0,3.89,5.65,-2.25,139.0,2.28,5.0,4.724551943008172
294,tio2,,,100.0,,pd,0.5,nanoparticle,anatase-rutile,,0.5wt%pd/tio2,,,0.0,sol-gel,400.0,2.0,visible,xe lamp,75.0,75 w,420.0,1,0,0,0,1,4.38,70.08,4.38 g/l,16.0,3.7,0.5066,3.7 vol%,25.0,,9480.8 μmol g⁻¹ h⁻¹,9480.8,10.1002/ep.12998,https://doi.org/10.1002/ep.12998,the influence of process parameters on photocatalytic hydrogen production,sustainable energy,2018.0,bednarczyk and m. stelmachowski and m. gmurek,needs_review,"catalyst loading calc: 4.38 g/l × 16.0 ml = 70.08 mg; glycerol std: (3.7/100×1261)/92.09 = 0.5066 m; wavelength_cutoff_nm=420nm inferred (xe lamp, visible cutoff); doi resolved via crossref api",high,medium,high,high,medium,low,low,0.5,8ac4843dac3ea5fc,3.2,4.21,86.0,1.0,3.89,5.22,-1.83,137.0,2.2,5.0,9.157129450643113
293,tio2,,,100.0,,pd,0.1,nanoparticle,anatase-rutile,,0.1wt%pd/tio2,,,0.0,sol-gel,400.0,2.0,visible,xe lamp,75.0,75 w,420.0,1,0,0,0,1,4.38,70.08,4.38 g/l,16.0,3.7,0.5066,3.7 vol%,25.0,,14018 μmol g⁻¹ h⁻¹,14018.0,10.1002/ep.12998,https://doi.org/10.1002/ep.12998,the influence of process parameters on photocatalytic hydrogen production,sustainable energy,2018.0,bednarczyk and m. stelmachowski and m. gmurek,needs_review,"catalyst loading calc: 4.38 g/l × 16.0 ml = 70.08 mg; glycerol std: (3.7/100×1261)/92.09 = 0.5066 m; wavelength_cutoff_nm=420nm inferred (xe lamp, visible cutoff); doi resolved via crossref api",high,medium,high,high,medium,low,low,0.5,e72d9df9b1baf880,3.2,4.21,86.0,1.0,3.89,5.22,-1.83,137.0,2.2,5.0,9.548168831368535
292,tio2,,,100.0,,pd,1.0,nanoparticle,anatase-rutile,3.17,1wt%pd/tio2,,,0.0,precipitation,500.0,2.0,uv,,200.0,200 w,365.0,0,0,0,1,0,0.3,6.0,0.3 g/l,20.0,10.0,1.3693,10 vol%,25.0,,47500 μmol g⁻¹ h⁻¹,47500.0,10.1016/j.jcat.2015.06.005,https://doi.org/10.1016/j.jcat.2015.06.005,"the roles of metal co-catalysts and reaction media in photocatalytic hydrogen production: performance evaluation of m/tio2 photocatalysts (m = pd, pt, au) in different alcohol–water mixtures",journal of catalysis,2015.0,"al-, a. et al.",needs_review,catalyst loading calc: 0.3 g/l × 20.0 ml = 6.00 mg; glycerol std: (10.0/100×1261)/92.09 = 1.3693 m; doi resolved via crossref api,high,medium,high,low,medium,low,high,0.5,9236ba080a140a06,3.2,4.21,86.0,1.0,3.89,5.22,-1.83,137.0,2.2,5.0,10.768506042432708
291,tio2,,,100.0,,pd,0.5,nanoparticle,anatase-rutile,3.14,0.5wt%pd/tio2,,,0.0,precipitation,500.0,2.0,uv,,200.0,200 w,365.0,0,0,0,1,0,0.3,6.0,0.3 g/l,20.0,10.0,1.3693,10 vol%,25.0,,41100 μmol g⁻¹ h⁻¹,41100.0,10.1016/j.jcat.2015.06.005,https://doi.org/10.1016/j.jcat.2015.06.005,"the roles of metal co-catalysts and reaction media in photocatalytic hydrogen production: performance evaluation of m/tio2 photocatalysts (m = pd, pt, au) in different alcohol–water mixtures",journal of catalysis,2015.0,"al-, a. et al.",needs_review,catalyst loading calc: 0.3 g/l × 20.0 ml = 6.00 mg; glycerol std: (10.0/100×1261)/92.09 = 1.3693 m; doi resolved via crossref api,high,medium,high,low,medium,low,high,0.5,f583d4d5f82f4ccc,3.2,4.21,86.0,1.0,3.89,5.22,-1.83,137.0,2.2,5.0,10.623787731088578
281,tio2,,,100.0,,ni-n,,nanotube,anatase-rutile,,xwt%ni-n/tio2,,,0.0,sol-gel,450.0,4.0,uv,hg lamp,450.0,450 w,,0,1,0,1,0,2.0,20.0,2 g/l,10.0,10.0,1.3693,10 vol%,30.0,,506 μmol g⁻¹ h⁻¹,506.0,10.1016/j.ceramint.2020.03.107,https://doi.org/10.1016/j.ceramint.2020.03.107,a facile synthesis of mesoporous α- fe2o3/tio2 nanocomposites for hydrogen evolution under visible light,ceramics international,2020.0,mohamed et al.,needs_review,catalyst loading calc: 2.0 g/l × 10.0 ml = 20.00 mg; glycerol std: (10.0/100×1261)/92.09 = 1.3693 m; doi resolved via crossref api,high,medium,high,high,low,low,low,0.5,c49c51ab888a1a59,3.2,4.21,86.0,1.0,3.89,4.9,-2.0,130.0,2.0,3.0,6.2285110035911835
317,tio2,,,100.0,,pt,0.5,nanoparticle,anatase-rutile,,0.5wt%pt/tio2,,,0.0,impregnation,,0.0,visible,xe lamp,300.0,300 w,420.0,1,0,0,0,1,1.3,78.0,1.3 g/l,60.0,0.01,0.0014,0.01 vol%,25.0,,28.2 μmol g⁻¹ h⁻¹,28.2,10.1007/s10562-007-9330-3,https://doi.org/10.1007/s10562-007-9330-3,hydrogen production by photo-induced reforming of biomass components and derivatives at ambient conditions,catalysis letters,2007.0,kondarides et al.,needs_review,"catalyst loading calc: 1.3 g/l × 60.0 ml = 78.00 mg; glycerol std: (0.01/100×1261)/92.09 = 0.0014 m; wavelength_cutoff_nm=420nm inferred (xe lamp, visible cutoff); doi resolved via crossref api",high,medium,high,high,medium,low,low,0.5,42d93fbcecd000bd,3.2,4.21,86.0,1.0,3.89,5.65,-2.25,139.0,2.28,5.0,3.374168709274236
314,tio2,,,100.0,,pt,0.5,nanoparticle,anatase,,0.5wt%pt/tio2,,,0.0,impregnation,,0.0,visible,xe lamp,450.0,450 w,420.0,1,0,0,0,1,2.66,159.6,2.66 g/l,60.0,7.3,0.9996,7.3 vol%,40.0,,39 μmol g⁻¹ h⁻¹,39.0,10.1016/j.cattod.2008.11.009,https://doi.org/10.1016/j.cattod.2008.11.009,efficient production of hydrogen by photo-induced reforming of glycerol at ambient conditions,catalysis today,2009.0,daskalaki and v. m. and d. i. kondarides,needs_review,"catalyst loading calc: 2.66 g/l × 60.0 ml = 159.60 mg; glycerol std: (7.3/100×1261)/92.09 = 0.9996 m; wavelength_cutoff_nm=420nm inferred (xe lamp, visible cutoff); doi resolved via crossref api",high,medium,high,high,medium,low,low,0.5,331aafad0b144608,3.2,4.21,86.0,1.0,3.89,5.65,-2.25,139.0,2.28,5.0,3.6888794541139363
313,tio2,,,100.0,,pt,0.5,nanoparticle,anatase,,0.5wt%pt/tio2,,,0.0,impregnation,,0.0,visible,xe lamp,450.0,450 w,420.0,1,0,0,0,1,1.66,99.6,1.66 g/l,60.0,7.3,0.9996,7.3 vol%,40.0,,35.04 μmol g⁻¹ h⁻¹,35.04,10.1016/j.cattod.2008.11.009,https://doi.org/10.1016/j.cattod.2008.11.009,efficient production of hydrogen by photo-induced reforming of glycerol at ambient conditions,catalysis today,2009.0,daskalaki and v. m. and d. i. kondarides,needs_review,"catalyst loading calc: 1.66 g/l × 60.0 ml = 99.60 mg; glycerol std: (7.3/100×1261)/92.09 = 0.9996 m; wavelength_cutoff_nm=420nm inferred (xe lamp, visible cutoff); doi resolved via crossref api",high,medium,high,high,medium,low,low,0.5,862c4c9b5c0b8ffa,3.2,4.21,86.0,1.0,3.89,5.65,-2.25,139.0,2.28,5.0,3.584629432740137
312,tio2,,,100.0,,pt,0.5,nanoparticle,anatase,,0.5wt%pt/tio2,,,0.0,impregnation,,0.0,visible,xe lamp,450.0,450 w,420.0,1,0,0,0,1,0.66,39.6,0.66 g/l,60.0,7.3,0.9996,7.3 vol%,40.0,,28.06 μmol g⁻¹ h⁻¹,28.06,10.1016/j.cattod.2008.11.009,https://doi.org/10.1016/j.cattod.2008.11.009,efficient production of hydrogen by photo-induced reforming of glycerol at ambient conditions,catalysis today,2009.0,daskalaki and v. m. and d. i. kondarides,needs_review,"catalyst loading calc: 0.66 g/l × 60.0 ml = 39.60 mg; glycerol std: (7.3/100×1261)/92.09 = 0.9996 m; wavelength_cutoff_nm=420nm inferred (xe lamp, visible cutoff); doi resolved via crossref api",high,medium,high,high,medium,low,low,0.5,15b17b9ba2125751,3.2,4.21,86.0,1.0,3.89,5.65,-2.25,139.0,2.28,5.0,3.369362658142137
300,tio2,,,100.0,,pd,0.5,nanorod,anatase,,0.5wt%pd/tio2,hydrothermal,700.0,0.17,precipitation,,0.0,uv,,100.0,100 w,365.0,0,0,0,1,0,0.33,6.6,0.33 g/l,20.0,10.0,1.3693,10 vol%,,6.0,38200 μmol g⁻¹ h⁻¹,38200.0,10.1016/j.apcata.2018.08.004,https://doi.org/10.1016/j.apcata.2018.08.004,highly reactive anatase nanorod photocatalysts synthesized by calcination of hydrogen titanate nanotubes: effect of calcination conditions on photocatalytic performance for aqueous dye degradation and h2 production in alcohol-water mixtures,applied catalysis a: general,2018.0,chen et al.,needs_review,catalyst loading calc: 0.33 g/l × 20.0 ml = 6.60 mg; glycerol std: (10.0/100×1261)/92.09 = 1.3693 m; doi resolved via crossref api,high,medium,high,low,medium,high,low,0.5,15838a08f226efb0,3.2,4.21,86.0,1.0,3.89,5.22,-1.83,137.0,2.2,5.0,10.5506169722625
299,tio2,,,100.0,,pd,0.5,nanorod,anatase,,0.5wt%pd/tio2,hydrothermal,600.0,2.0,precipitation,,0.0,uv,,100.0,100 w,365.0,0,0,0,1,0,0.33,6.6,0.33 g/l,20.0,10.0,1.3693,10 vol%,,6.0,40200 μmol g⁻¹ h⁻¹,40200.0,10.1016/j.apcata.2018.08.004,https://doi.org/10.1016/j.apcata.2018.08.004,highly reactive anatase nanorod photocatalysts synthesized by calcination of hydrogen titanate nanotubes: effect of calcination conditions on photocatalytic performance for aqueous dye degradation and h2 production in alcohol-water mixtures,applied catalysis a: general,2018.0,chen et al.,needs_review,catalyst loading calc: 0.33 g/l × 20.0 ml = 6.60 mg; glycerol std: (10.0/100×1261)/92.09 = 1.3693 m; doi resolved via crossref api,high,medium,high,low,medium,high,low,0.5,fb771c0c9ce88fe9,3.2,4.21,86.0,1.0,3.89,5.22,-1.83,137.0,2.2,5.0,10.601647149919609
298,tio2,,,100.0,,pd,0.5,nanorod,anatase,,0.5wt%pd/tio2,hydrothermal,600.0,0.33,precipitation,,0.0,uv,,100.0,100 w,365.0,0,0,0,1,0,0.33,6.6,0.33 g/l,20.0,10.0,1.3693,10 vol%,,6.0,41100 μmol g⁻¹ h⁻¹,41100.0,10.1016/j.jcat.2015.06.005,https://doi.org/10.1016/j.jcat.2015.06.005,"the roles of metal co-catalysts and reaction media in photocatalytic hydrogen production: performance evaluation of m/tio2 photocatalysts (m = pd, pt, au) in different alcohol–water mixtures",journal of catalysis,2015.0,"al-, a. et al.",needs_review,catalyst loading calc: 0.33 g/l × 20.0 ml = 6.60 mg; glycerol std: (10.0/100×1261)/92.09 = 1.3693 m; doi resolved via crossref api,high,medium,high,low,medium,high,low,0.5,dbf9821310235aac,3.2,4.21,86.0,1.0,3.89,5.22,-1.83,137.0,2.2,5.0,10.623787731088578
151,tio2,,,100.0,,cu,0.3,nanoparticle,anatase-rutile,2.86,0.3wt%cu/tio2,,,0.0,impregnation,350.0,5.0,visible,,400.0,400 w,,0,0,0,0,1,2.0,100.0,2 g/l,50.0,5.0,0.6847,5 vol%,25.0,,5600 μmol g⁻¹ h⁻¹,5600.0,10.1021/jp107405u,https://doi.org/10.1021/jp107405u,highly stabilized and finely dispersed cu2o/tio2: a promising visible sensitive photocatalyst for continuous production of hydrogen from glycerol: water mixtures,the journal of physical chemistry c,2010.0,lalitha et al.,needs_review,catalyst loading calc: 2.0 g/l × 50.0 ml = 100.00 mg; glycerol std: (5.0/100×1261)/92.09 = 0.6847 m; doi resolved via crossref api,high,medium,high,low,low,low,high,0.5,e6aaf84957cf7781,3.2,4.21,86.0,1.0,3.89,4.65,-2.67,128.0,1.9,2.0,8.630700432209832
150,tio2,,,100.0,,cu,0.2,nanoparticle,anatase-rutile,3.13,0.2wt%cu/tio2,,,0.0,impregnation,450.0,5.0,visible,,400.0,400 w,,0,0,0,0,1,2.0,100.0,2 g/l,50.0,5.0,0.6847,5 vol%,25.0,,4200 μmol g⁻¹ h⁻¹,4200.0,10.1021/jp107405u,https://doi.org/10.1021/jp107405u,highly stabilized and finely dispersed cu2o/tio2: a promising visible sensitive photocatalyst for continuous production of hydrogen from glycerol: water mixtures,the journal of physical chemistry c,2010.0,lalitha et al.,needs_review,catalyst loading calc: 2.0 g/l × 50.0 ml = 100.00 mg; glycerol std: (5.0/100×1261)/92.09 = 0.6847 m; doi resolved via crossref api,high,medium,high,low,low,low,high,0.5,cbf563066b8db9c9,3.2,4.21,86.0,1.0,3.89,4.65,-2.67,128.0,1.9,2.0,8.343077871169383
149,tio2,,,100.0,,cu,0.2,nanoparticle,anatase-rutile,2.93,0.2wt%cu/tio2,,,0.0,impregnation,350.0,5.0,visible,,400.0,400 w,,0,0,0,0,1,2.0,100.0,2 g/l,50.0,5.0,0.6847,5 vol%,25.0,,2800 μmol g⁻¹ h⁻¹,2800.0,10.1021/jp107405u,https://doi.org/10.1021/jp107405u,highly stabilized and finely dispersed cu2o/tio2: a promising visible sensitive photocatalyst for continuous production of hydrogen from glycerol: water mixtures,the journal of physical chemistry c,2010.0,lalitha et al.,needs_review,catalyst loading calc: 2.0 g/l × 50.0 ml = 100.00 mg; glycerol std: (5.0/100×1261)/92.09 = 0.6847 m; doi resolved via crossref api,high,medium,high,low,low,low,high,0.5,0f9b37dcb26ac156,3.2,4.21,86.0,1.0,3.89,4.65,-2.67,128.0,1.9,2.0,7.937731775260109
146,tio2,,,100.0,,cr-n,,nanotube,anatase-rutile,,xwt%cr-n/tio2,,,0.0,sol-gel,450.0,4.0,uv,hg lamp,450.0,450 w,,0,1,0,1,0,2.0,20.0,2 g/l,10.0,10.0,1.3693,10 vol%,30.0,,126 μmol g⁻¹ h⁻¹,126.0,10.1016/j.ceramint.2020.03.107,https://doi.org/10.1016/j.ceramint.2020.03.107,a facile synthesis of mesoporous α- fe2o3/tio2 nanocomposites for hydrogen evolution under visible light,ceramics international,2020.0,mohamed et al.,needs_review,catalyst loading calc: 2.0 g/l × 10.0 ml = 20.00 mg; glycerol std: (10.0/100×1261)/92.09 = 1.3693 m; doi resolved via crossref api,high,medium,high,high,low,low,low,0.5,1129d468b7466a3c,3.2,4.21,86.0,1.0,3.89,4.9,-2.0,130.0,2.0,3.0,4.844187086458591
138,tio2,,,100.0,,cp-1,5.0,nanoparticle,anatase-rutile,,5wt%cp-1/tio2,,,0.0,precipitation,,0.0,visible,,,,,0,0,0,0,1,0.2,5.0,0.2 g/l,25.0,5.0,0.6847,5 vol%,25.0,6.5,980 μmol g⁻¹ h⁻¹,980.0,10.1016/j.ijhydene.2018.12.045,https://doi.org/10.1016/j.ijhydene.2018.12.045,a new insight for photocatalytic hydrogen production by a cu/ni based cyanide bridged polymer as a cocatalyst on titania support in glycerol water mixture,international journal of hydrogen energy,2019.0,ibrahim et al.,needs_review,catalyst loading calc: 0.2 g/l × 25.0 ml = 5.00 mg; glycerol std: (5.0/100×1261)/92.09 = 0.6847 m; doi resolved via crossref api,high,medium,high,low,low,high,low,0.5,82efdf67a3d0ac9f,3.2,4.21,86.0,1.0,3.89,4.9,-2.0,130.0,2.0,3.0,6.8885724595653635
137,tio2,,,100.0,,cp-1,7.5,nanoparticle,anatase-rutile,,7.5wt%cp-1/tio2,,,0.0,precipitation,,0.0,uv,,,,,0,0,0,1,0,0.2,5.0,0.2 g/l,25.0,5.0,0.6847,5 vol%,25.0,6.5,4500 μmol g⁻¹ h⁻¹,4500.0,10.1016/j.ijhydene.2018.12.045,https://doi.org/10.1016/j.ijhydene.2018.12.045,a new insight for photocatalytic hydrogen production by a cu/ni based cyanide bridged polymer as a cocatalyst on titania support in glycerol water mixture,international journal of hydrogen energy,2019.0,ibrahim et al.,needs_review,catalyst loading calc: 0.2 g/l × 25.0 ml = 5.00 mg; glycerol std: (5.0/100×1261)/92.09 = 0.6847 m; doi resolved via crossref api,high,medium,high,low,low,high,low,0.5,3325cf2d53379801,3.2,4.21,86.0,1.0,3.89,4.9,-2.0,130.0,2.0,3.0,8.412054873292933
136,tio2,,,100.0,,cp-1,5.0,nanoparticle,anatase-rutile,,5wt%cp-1/tio2,,,0.0,precipitation,,0.0,uv,,,,,0,0,0,1,0,0.2,5.0,0.2 g/l,25.0,25.0,3.4233,25 vol%,25.0,6.5,15200 μmol g⁻¹ h⁻¹,15200.0,10.1016/j.ijhydene.2018.12.045,https://doi.org/10.1016/j.ijhydene.2018.12.045,a new insight for photocatalytic hydrogen production by a cu/ni based cyanide bridged polymer as a cocatalyst on titania support in glycerol water mixture,international journal of hydrogen energy,2019.0,ibrahim et al.,needs_review,catalyst loading calc: 0.2 g/l × 25.0 ml = 5.00 mg; glycerol std: (25.0/100×1261)/92.09 = 3.4233 m; doi resolved via crossref api,high,medium,high,low,low,high,low,0.5,165985a505cb7423,3.2,4.21,86.0,1.0,3.89,4.9,-2.0,130.0,2.0,3.0,9.62911649414402
135,tio2,,,100.0,,cp-1,5.0,nanoparticle,anatase-rutile,,5wt%cp-1/tio2,,,0.0,precipitation,,0.0,uv,,,,,0,0,0,1,0,0.2,5.0,0.2 g/l,25.0,20.0,2.7386,20 vol%,25.0,6.5,21200 μmol g⁻¹ h⁻¹,21200.0,10.1016/j.ijhydene.2018.12.045,https://doi.org/10.1016/j.ijhydene.2018.12.045,a new insight for photocatalytic hydrogen production by a cu/ni based cyanide bridged polymer as a cocatalyst on titania support in glycerol water mixture,international journal of hydrogen energy,2019.0,ibrahim et al.,needs_review,catalyst loading calc: 0.2 g/l × 25.0 ml = 5.00 mg; glycerol std: (20.0/100×1261)/92.09 = 2.7386 m; doi resolved via crossref api,high,medium,high,low,low,high,low,0.5,0425f05b71248215,3.2,4.21,86.0,1.0,3.89,4.9,-2.0,130.0,2.0,3.0,9.961803629358965
750,zno,zns,,74.0,,,,nanorod,,,zno/zns,water bath,,0.0,sulfidation,,0.0,uv,hg lamp,125.0,125 w,,0,1,0,1,0,30.0,300.0,30 g/l,10.0,7.0,0.9585,7 vol%,40.0,,647.27 μmol g⁻¹ h⁻¹,647.27,10.1016/j.apsusc.2013.07.009,https://doi.org/10.1016/j.apsusc.2013.07.009,"zno/zns–pds core/shell nanorods: synthesis, characterization and application for photocatalytic hydrogen production from a glycerol/water solution",applied surface science,2013.0,liu et al.,needs_review,catalyst loading calc: 30.0 g/l × 10.0 ml = 300.00 mg; glycerol std: (7.0/100×1261)/92.09 = 0.9585 m; co_catalyst set to 'none': bare semiconductor; doi resolved via crossref api,high,medium,high,high,low,low,low,0.5,18e191b8929ba7f1,3.37,4.35,8.5,3.0,5.61,0.0,0.0,0.0,0.0,0.0,6.474307276237491
573,znin2s4,,,100.0,,pt,0.06,nanosheets,,,0.06wt%pt/znin2s4,,,0.0,photodeposition,,0.0,visible,xe lamp,1000.0,1000 w,420.0,1,0,0,0,1,1.5,15.0,1.5 g/l,10.0,5.0,0.6847,5 vol%,40.0,,384 μmol g⁻¹ h⁻¹,384.0,10.1016/j,https://doi.org/10.1016/j,needs_verification,journal of colloid and interface science,2023.0,"cavdar, o. et al.",ok,"catalyst loading calc: 1.5 g/l × 10.0 ml = 15.00 mg; glycerol std: (5.0/100×1261)/92.09 = 0.6847 m; wavelength_cutoff_nm=420nm inferred (xe lamp, visible cutoff)",high,medium,high,high,medium,low,low,0.5,8cde171a752d3146,2.34,4.1,9.2,6.0,3.85,5.65,-2.25,139.0,2.28,5.0,5.953243334287785
572,znin2s4,biocl,,,4.0,pt,3.0,nanosheets,,,3wt%pt/znin2s4/biocl,,,0.0,photodeposition,,0.0,visible,xe lamp,1000.0,1000 w,420.0,1,0,0,0,1,1.5,15.0,1.5 g/l,10.0,5.0,0.6847,5 vol%,40.0,,174 μmol g⁻¹ h⁻¹,174.0,10.1016/j,https://doi.org/10.1016/j,needs_verification,journal of colloid and interface science,2023.0,"cavdar, o. et al.",ok,"catalyst loading calc: 1.5 g/l × 10.0 ml = 15.00 mg; glycerol std: (5.0/100×1261)/92.09 = 0.6847 m; wavelength_cutoff_nm=420nm inferred (xe lamp, visible cutoff)",high,medium,high,high,medium,low,low,0.5,345ad0249ced6ca2,2.34,4.1,9.2,6.0,3.85,5.65,-2.25,139.0,2.28,5.0,5.1647859739235145
571,znin2s4,biocl,,,4.0,pt,2.0,nanosheets,,,2wt%pt/znin2s4/biocl,,,0.0,photodeposition,,0.0,visible,xe lamp,1000.0,1000 w,420.0,1,0,0,0,1,1.5,15.0,1.5 g/l,10.0,5.0,0.6847,5 vol%,40.0,,511 μmol g⁻¹ h⁻¹,511.0,10.1016/j,https://doi.org/10.1016/j,needs_verification,journal of colloid and interface science,2023.0,"cavdar, o. et al.",ok,"catalyst loading calc: 1.5 g/l × 10.0 ml = 15.00 mg; glycerol std: (5.0/100×1261)/92.09 = 0.6847 m; wavelength_cutoff_nm=420nm inferred (xe lamp, visible cutoff)",high,medium,high,high,medium,low,low,0.5,89d9e91ee4fb8edc,2.34,4.1,9.2,6.0,3.85,5.65,-2.25,139.0,2.28,5.0,6.238324625039508
570,znin2s4,biocl,,,4.0,pt,1.0,nanosheets,,,1wt%pt/znin2s4/biocl,,,0.0,photodeposition,,0.0,visible,xe lamp,1000.0,1000 w,420.0,1,0,0,0,1,1.5,15.0,1.5 g/l,10.0,5.0,0.6847,5 vol%,40.0,,498 μmol g⁻¹ h⁻¹,498.0,10.1016/j,https://doi.org/10.1016/j,needs_verification,journal of colloid and interface science,2023.0,"cavdar, o. et al.",ok,"catalyst loading calc: 1.5 g/l × 10.0 ml = 15.00 mg; glycerol std: (5.0/100×1261)/92.09 = 0.6847 m; wavelength_cutoff_nm=420nm inferred (xe lamp, visible cutoff)",high,medium,high,high,medium,low,low,0.5,23e812c0c415ca54,2.34,4.1,9.2,6.0,3.85,5.65,-2.25,139.0,2.28,5.0,6.212606095751519
569,znin2s4,biocl,,,4.0,pt,0.5,nanosheets,,,0.5wt%pt/znin2s4/biocl,,,0.0,photodeposition,,0.0,visible,xe lamp,1000.0,1000 w,420.0,1,0,0,0,1,1.5,15.0,1.5 g/l,10.0,5.0,0.6847,5 vol%,40.0,,503 μmol g⁻¹ h⁻¹,503.0,10.1016/j,https://doi.org/10.1016/j,needs_verification,journal of colloid and interface science,2023.0,"cavdar, o. et al.",ok,"catalyst loading calc: 1.5 g/l × 10.0 ml = 15.00 mg; glycerol std: (5.0/100×1261)/92.09 = 0.6847 m; wavelength_cutoff_nm=420nm inferred (xe lamp, visible cutoff)",high,medium,high,high,medium,low,low,0.5,f267c964d6cd76ed,2.34,4.1,9.2,6.0,3.85,5.65,-2.25,139.0,2.28,5.0,6.222576268071369
568,znin2s4,biocl,,,4.0,pt,0.06,nanosheets,,,0.06wt%pt/znin2s4/biocl,,,0.0,photodeposition,,0.0,visible,xe lamp,1000.0,1000 w,420.0,1,0,0,0,1,1.5,15.0,1.5 g/l,10.0,5.0,0.6847,5 vol%,40.0,,674 μmol g⁻¹ h⁻¹,674.0,10.1016/j,https://doi.org/10.1016/j,needs_verification,journal of colloid and interface science,2023.0,"cavdar, o. et al.",ok,"catalyst loading calc: 1.5 g/l × 10.0 ml = 15.00 mg; glycerol std: (5.0/100×1261)/92.09 = 0.6847 m; wavelength_cutoff_nm=420nm inferred (xe lamp, visible cutoff)",high,medium,high,high,medium,low,low,0.5,2953f790a1322f40,2.34,4.1,9.2,6.0,3.85,5.65,-2.25,139.0,2.28,5.0,6.51471269087253
559,tio2,,,100.0,,pt,1.0,nanoparticle,anatase-brookite,,1wt%pt/tio2,,,0.0,photodeposition,,0.0,visible,xe lamp,100.0,100 w,420.0,1,0,0,0,1,0.25,300.0,0.25 g/l,1200.0,4.5,0.6162,4.5 vol%,30.0,,269120 μmol g⁻¹ h⁻¹,269120.0,10.1016/j,https://doi.org/10.1016/j,needs_verification,catalysis today,2024.0,"herrera-beurnio m, c. et al.",ok,"catalyst loading calc: 0.25 g/l × 1200.0 ml = 300.00 mg; glycerol std: (4.5/100×1261)/92.09 = 0.6162 m; wavelength_cutoff_nm=420nm inferred (xe lamp, visible cutoff)",high,medium,high,high,medium,low,low,0.5,10d68c940de8bb03,3.2,4.21,86.0,1.0,3.89,5.65,-2.25,139.0,2.28,5.0,12.502916371574322
759,zno,zns,,51.0,,,,nanorod,,,zno/zns,water bath,,0.0,sulfidation,,0.0,uv,hg lamp,125.0,125 w,,0,1,0,1,0,30.0,300.0,30 g/l,10.0,7.0,0.9585,7 vol%,40.0,,932.3 μmol g⁻¹ h⁻¹,932.3,10.1016/j.apsusc.2013.07.009,https://doi.org/10.1016/j.apsusc.2013.07.009,"zno/zns–pds core/shell nanorods: synthesis, characterization and application for photocatalytic hydrogen production from a glycerol/water solution",applied surface science,2013.0,liu et al.,needs_review,catalyst loading calc: 30.0 g/l × 10.0 ml = 300.00 mg; glycerol std: (7.0/100×1261)/92.09 = 0.9585 m; co_catalyst set to 'none': bare semiconductor; doi resolved via crossref api,high,medium,high,high,low,low,low,0.5,60482c77a669a964,3.37,4.35,8.5,3.0,5.61,0.0,0.0,0.0,0.0,0.0,6.838726692571701
758,zno,zns,,58.0,,,,nanorod,,,zno/zns,water bath,,0.0,sulfidation,,0.0,uv,hg lamp,125.0,125 w,,0,1,0,1,0,30.0,300.0,30 g/l,10.0,7.0,0.9585,7 vol%,80.0,,2608.7 μmol g⁻¹ h⁻¹,2608.7,10.1016/j.apsusc.2013.07.009,https://doi.org/10.1016/j.apsusc.2013.07.009,"zno/zns–pds core/shell nanorods: synthesis, characterization and application for photocatalytic hydrogen production from a glycerol/water solution",applied surface science,2013.0,liu et al.,needs_review,catalyst loading calc: 30.0 g/l × 10.0 ml = 300.00 mg; glycerol std: (7.0/100×1261)/92.09 = 0.9585 m; co_catalyst set to 'none': bare semiconductor; doi resolved via crossref api,high,medium,high,high,low,low,low,0.5,8f632c20eb7918ef,3.37,4.35,8.5,3.0,5.61,0.0,0.0,0.0,0.0,0.0,7.866990551181605
757,zno,zns,,58.0,,,,nanorod,,,zno/zns,water bath,,0.0,sulfidation,,0.0,uv,hg lamp,125.0,125 w,,0,1,0,1,0,30.0,300.0,30 g/l,10.0,7.0,0.9585,7 vol%,60.0,,1959.6 μmol g⁻¹ h⁻¹,1959.6,10.1016/j.apsusc.2013.07.009,https://doi.org/10.1016/j.apsusc.2013.07.009,"zno/zns–pds core/shell nanorods: synthesis, characterization and application for photocatalytic hydrogen production from a glycerol/water solution",applied surface science,2013.0,liu et al.,needs_review,catalyst loading calc: 30.0 g/l × 10.0 ml = 300.00 mg; glycerol std: (7.0/100×1261)/92.09 = 0.9585 m; co_catalyst set to 'none': bare semiconductor; doi resolved via crossref api,high,medium,high,high,low,low,low,0.5,0035a223b0a47657,3.37,4.35,8.5,3.0,5.61,0.0,0.0,0.0,0.0,0.0,7.581005827827625
756,zno,zns,,58.0,,,,nanorod,,,zno/zns,water bath,,0.0,sulfidation,,0.0,uv,hg lamp,125.0,125 w,,0,1,0,1,0,30.0,300.0,30 g/l,10.0,7.0,0.9585,7 vol%,40.0,,1211.4 μmol g⁻¹ h⁻¹,1211.4,10.1016/j.apsusc.2013.07.009,https://doi.org/10.1016/j.apsusc.2013.07.009,"zno/zns–pds core/shell nanorods: synthesis, characterization and application for photocatalytic hydrogen production from a glycerol/water solution",applied surface science,2013.0,liu et al.,needs_review,catalyst loading calc: 30.0 g/l × 10.0 ml = 300.00 mg; glycerol std: (7.0/100×1261)/92.09 = 0.9585 m; co_catalyst set to 'none': bare semiconductor; doi resolved via crossref api,high,medium,high,high,low,low,low,0.5,a56cfaa60b815d63,3.37,4.35,8.5,3.0,5.61,0.0,0.0,0.0,0.0,0.0,7.100357145183648
755,zno,zns,,63.0,,,,nanorod,,,zno/zns,water bath,,0.0,sulfidation,,0.0,uv,hg lamp,125.0,125 w,,0,1,0,1,0,30.0,300.0,30 g/l,10.0,7.0,0.9585,7 vol%,80.0,,2036.8 μmol g⁻¹ h⁻¹,2036.8,10.1016/j.apsusc.2013.07.009,https://doi.org/10.1016/j.apsusc.2013.07.009,"zno/zns–pds core/shell nanorods: synthesis, characterization and application for photocatalytic hydrogen production from a glycerol/water solution",applied surface science,2013.0,liu et al.,needs_review,catalyst loading calc: 30.0 g/l × 10.0 ml = 300.00 mg; glycerol std: (7.0/100×1261)/92.09 = 0.9585 m; co_catalyst set to 'none': bare semiconductor; doi resolved via crossref api,high,medium,high,high,low,low,low,0.5,bea623f22b85636e,3.37,4.35,8.5,3.0,5.61,0.0,0.0,0.0,0.0,0.0,7.619626073540185
754,zno,zns,,63.0,,,,nanorod,,,zno/zns,water bath,,0.0,sulfidation,,0.0,uv,hg lamp,125.0,125 w,,0,1,0,1,0,30.0,300.0,30 g/l,10.0,7.0,0.9585,7 vol%,60.0,,1549.9 μmol g⁻¹ h⁻¹,1549.9,10.1016/j.apsusc.2013.07.009,https://doi.org/10.1016/j.apsusc.2013.07.009,"zno/zns–pds core/shell nanorods: synthesis, characterization and application for photocatalytic hydrogen production from a glycerol/water solution",applied surface science,2013.0,liu et al.,needs_review,catalyst loading calc: 30.0 g/l × 10.0 ml = 300.00 mg; glycerol std: (7.0/100×1261)/92.09 = 0.9585 m; co_catalyst set to 'none': bare semiconductor; doi resolved via crossref api,high,medium,high,high,low,low,low,0.5,7aa5a5239bdf4a56,3.37,4.35,8.5,3.0,5.61,0.0,0.0,0.0,0.0,0.0,7.346590686565407
753,zno,zns,,63.0,,,,nanorod,,,zno/zns,water bath,,0.0,sulfidation,,0.0,uv,hg lamp,125.0,125 w,,0,1,0,1,0,30.0,300.0,30 g/l,10.0,7.0,0.9585,7 vol%,40.0,,920.43 μmol g⁻¹ h⁻¹,920.43,10.1016/j.apsusc.2013.07.009,https://doi.org/10.1016/j.apsusc.2013.07.009,"zno/zns–pds core/shell nanorods: synthesis, characterization and application for photocatalytic hydrogen production from a glycerol/water solution",applied surface science,2013.0,liu et al.,needs_review,catalyst loading calc: 30.0 g/l × 10.0 ml = 300.00 mg; glycerol std: (7.0/100×1261)/92.09 = 0.9585 m; co_catalyst set to 'none': bare semiconductor; doi resolved via crossref api,high,medium,high,high,low,low,low,0.5,ae74e1c3c23a06ca,3.37,4.35,8.5,3.0,5.61,0.0,0.0,0.0,0.0,0.0,6.8259268111209
752,zno,zns,,74.0,,,,nanorod,,,zno/zns,water bath,,0.0,sulfidation,,0.0,uv,hg lamp,125.0,125 w,,0,1,0,1,0,30.0,300.0,30 g/l,10.0,7.0,0.9585,7 vol%,80.0,,1692.4 μmol g⁻¹ h⁻¹,1692.4,10.1016/j.apsusc.2013.07.009,https://doi.org/10.1016/j.apsusc.2013.07.009,"zno/zns–pds core/shell nanorods: synthesis, characterization and application for photocatalytic hydrogen production from a glycerol/water solution",applied surface science,2013.0,liu et al.,needs_review,catalyst loading calc: 30.0 g/l × 10.0 ml = 300.00 mg; glycerol std: (7.0/100×1261)/92.09 = 0.9585 m; co_catalyst set to 'none': bare semiconductor; doi resolved via crossref api,high,medium,high,high,low,low,low,0.5,54467834c39ef85c,3.37,4.35,8.5,3.0,5.61,0.0,0.0,0.0,0.0,0.0,7.434493621208177
751,zno,zns,,74.0,,,,nanorod,,,zno/zns,water bath,,0.0,sulfidation,,0.0,uv,hg lamp,125.0,125 w,,0,1,0,1,0,30.0,300.0,30 g/l,10.0,7.0,0.9585,7 vol%,60.0,,1068.9 μmol g⁻¹ h⁻¹,1068.9,10.1016/j.apsusc.2013.07.009,https://doi.org/10.1016/j.apsusc.2013.07.009,"zno/zns–pds core/shell nanorods: synthesis, characterization and application for photocatalytic hydrogen production from a glycerol/water solution",applied surface science,2013.0,liu et al.,needs_review,catalyst loading calc: 30.0 g/l × 10.0 ml = 300.00 mg; glycerol std: (7.0/100×1261)/92.09 = 0.9585 m; co_catalyst set to 'none': bare semiconductor; doi resolved via crossref api,high,medium,high,high,low,low,low,0.5,b3474195fef1d4a7,3.37,4.35,8.5,3.0,5.61,0.0,0.0,0.0,0.0,0.0,6.975320465144561
134,tio2,,,100.0,,cp-1,5.0,nanoparticle,anatase-rutile,,5wt%cp-1/tio2,,,0.0,precipitation,,0.0,uv,,,,,0,0,0,1,0,0.2,5.0,0.2 g/l,25.0,15.0,2.054,15 vol%,25.0,6.5,17400 μmol g⁻¹ h⁻¹,17400.0,10.1016/j.ijhydene.2018.12.045,https://doi.org/10.1016/j.ijhydene.2018.12.045,a new insight for photocatalytic hydrogen production by a cu/ni based cyanide bridged polymer as a cocatalyst on titania support in glycerol water mixture,international journal of hydrogen energy,2019.0,ibrahim et al.,needs_review,catalyst loading calc: 0.2 g/l × 25.0 ml = 5.00 mg; glycerol std: (15.0/100×1261)/92.09 = 2.0540 m; doi resolved via crossref api,high,medium,high,low,low,high,low,0.5,80becb84bf282f3e,3.2,4.21,86.0,1.0,3.89,4.9,-2.0,130.0,2.0,3.0,9.76428295481558
133,tio2,,,100.0,,cp-1,5.0,nanoparticle,anatase-rutile,,5wt%cp-1/tio2,,,0.0,precipitation,,0.0,uv,,,,,0,0,0,1,0,0.2,5.0,0.2 g/l,25.0,10.0,1.3693,10 vol%,25.0,6.5,13400 μmol g⁻¹ h⁻¹,13400.0,10.1016/j.ijhydene.2018.12.045,https://doi.org/10.1016/j.ijhydene.2018.12.045,a new insight for photocatalytic hydrogen production by a cu/ni based cyanide bridged polymer as a cocatalyst on titania support in glycerol water mixture,international journal of hydrogen energy,2019.0,ibrahim et al.,needs_review,catalyst loading calc: 0.2 g/l × 25.0 ml = 5.00 mg; glycerol std: (10.0/100×1261)/92.09 = 1.3693 m; doi resolved via crossref api,high,medium,high,low,low,high,low,0.5,2d6c86952ec1563e,3.2,4.21,86.0,1.0,3.89,4.9,-2.0,130.0,2.0,3.0,9.503084610020228
132,tio2,,,100.0,,cp-1,5.0,nanoparticle,anatase-rutile,,5wt%cp-1/tio2,,,0.0,precipitation,,0.0,uv,,,,,0,0,0,1,0,0.2,5.0,0.2 g/l,25.0,5.0,0.6847,5 vol%,25.0,6.5,9200 μmol g⁻¹ h⁻¹,9200.0,10.1016/j.ijhydene.2018.12.045,https://doi.org/10.1016/j.ijhydene.2018.12.045,a new insight for photocatalytic hydrogen production by a cu/ni based cyanide bridged polymer as a cocatalyst on titania support in glycerol water mixture,international journal of hydrogen energy,2019.0,ibrahim et al.,needs_review,catalyst loading calc: 0.2 g/l × 25.0 ml = 5.00 mg; glycerol std: (5.0/100×1261)/92.09 = 0.6847 m; doi resolved via crossref api,high,medium,high,low,low,high,low,0.5,4de2ee293afe6f0e,3.2,4.21,86.0,1.0,3.89,4.9,-2.0,130.0,2.0,3.0,9.127067452782361
131,tio2,,,100.0,,cp-1,5.0,nanoparticle,anatase-rutile,,5wt%cp-1/tio2,,,0.0,precipitation,,0.0,uv,,,,,0,0,0,1,0,0.2,5.0,0.2 g/l,25.0,2.0,0.2739,2 vol%,25.0,6.5,4600 μmol g⁻¹ h⁻¹,4600.0,10.1016/j.ijhydene.2018.12.045,https://doi.org/10.1016/j.ijhydene.2018.12.045,a new insight for photocatalytic hydrogen production by a cu/ni based cyanide bridged polymer as a cocatalyst on titania support in glycerol water mixture,international journal of hydrogen energy,2019.0,ibrahim et al.,needs_review,catalyst loading calc: 0.2 g/l × 25.0 ml = 5.00 mg; glycerol std: (2.0/100×1261)/92.09 = 0.2739 m; doi resolved via crossref api,high,medium,high,low,low,high,low,0.5,7dfb3373153f46b5,3.2,4.21,86.0,1.0,3.89,4.9,-2.0,130.0,2.0,3.0,8.434028950155469
130,tio2,,,100.0,,cp-1,2.5,nanoparticle,anatase-rutile,,2.5wt%cp-1/tio2,,,0.0,precipitation,,0.0,uv,,,,,0,0,0,1,0,0.2,5.0,0.2 g/l,25.0,5.0,0.6847,5 vol%,25.0,6.5,6400 μmol g⁻¹ h⁻¹,6400.0,10.1016/j.ijhydene.2018.12.045,https://doi.org/10.1016/j.ijhydene.2018.12.045,a new insight for photocatalytic hydrogen production by a cu/ni based cyanide bridged polymer as a cocatalyst on titania support in glycerol water mixture,international journal of hydrogen energy,2019.0,ibrahim et al.,needs_review,catalyst loading calc: 0.2 g/l × 25.0 ml = 5.00 mg; glycerol std: (5.0/100×1261)/92.09 = 0.6847 m; doi resolved via crossref api,high,medium,high,low,low,high,low,0.5,7e156d2fa7de182b,3.2,4.21,86.0,1.0,3.89,4.9,-2.0,130.0,2.0,3.0,8.764209507142004
129,tio2,,,100.0,,co-n,,nanotube,anatase-rutile,,xwt%co-n/tio2,,,0.0,sol-gel,450.0,4.0,uv,hg lamp,450.0,450 w,,0,1,0,1,0,2.0,20.0,2 g/l,10.0,10.0,1.3693,10 vol%,30.0,,313 μmol g⁻¹ h⁻¹,313.0,10.1016/j.ceramint.2020.03.107,https://doi.org/10.1016/j.ceramint.2020.03.107,a facile synthesis of mesoporous α- fe2o3/tio2 nanocomposites for hydrogen evolution under visible light,ceramics international,2020.0,mohamed et al.,needs_review,catalyst loading calc: 2.0 g/l × 10.0 ml = 20.00 mg; glycerol std: (10.0/100×1261)/92.09 = 1.3693 m; doi resolved via crossref api,high,medium,high,high,low,low,low,0.5,62b48458da8fdb4f,3.2,4.21,86.0,1.0,3.89,4.9,-2.0,130.0,2.0,3.0,5.749392985908253
152,tio2,,,100.0,,cu,0.3,nanoparticle,anatase-rutile,3.05,0.3wt%cu/tio2,,,0.0,impregnation,450.0,5.0,visible,,400.0,400 w,,0,0,0,0,1,2.0,100.0,2 g/l,50.0,5.0,0.6847,5 vol%,25.0,,9300 μmol g⁻¹ h⁻¹,9300.0,10.1021/jp107405u,https://doi.org/10.1021/jp107405u,highly stabilized and finely dispersed cu2o/tio2: a promising visible sensitive photocatalyst for continuous production of hydrogen from glycerol: water mixtures,the journal of physical chemistry c,2010.0,lalitha et al.,needs_review,catalyst loading calc: 2.0 g/l × 50.0 ml = 100.00 mg; glycerol std: (5.0/100×1261)/92.09 = 0.6847 m; doi resolved via crossref api,high,medium,high,low,low,low,high,0.5,e93fc016ac20e159,3.2,4.21,86.0,1.0,3.89,4.65,-2.67,128.0,1.9,2.0,9.137877200242468
773,zno-zns,,,100.0,,,,nanocomposite,,,zno-zns,solution,,0.0,dispersion,,0.0,uv,hg lamp,300.0,300 w,,0,1,0,1,0,0.5,50.0,0.5 g/l,100.0,20.0,2.7386,20 vol%,30.0,,269.9 μmol g⁻¹ h⁻¹,269.9,10.1016/j.ijhydene.2018.05.035,https://doi.org/10.1016/j.ijhydene.2018.05.035,facile synthesis of noble-metal free polygonal zn2tio4 nanostructures for highly efficient photocatalytic hydrogen evolution under solar light irradiation,international journal of hydrogen energy,2018.0,manchala et al.,needs_review,catalyst loading calc: 0.5 g/l × 100.0 ml = 50.00 mg; glycerol std: (20.0/100×1261)/92.09 = 2.7386 m; co_catalyst unknown - original data did not specify; doi resolved via crossref api,high,medium,high,high,low,low,low,0.5,efa30c63cb8db970,3.0,4.2,20.0,1.0,5.0,0.0,0.0,0.0,0.0,0.0,5.6017497490910495
772,zno-zns,,,100.0,,,,nanocomposite,,,zno-zns,solution,,0.0,dispersion,,0.0,uv,hg lamp,300.0,300 w,,0,1,0,1,0,0.5,50.0,0.5 g/l,100.0,10.0,1.3693,10 vol%,30.0,,193.3 μmol g⁻¹ h⁻¹,193.3,10.1016/j.ijhydene.2018.05.035,https://doi.org/10.1016/j.ijhydene.2018.05.035,facile synthesis of noble-metal free polygonal zn2tio4 nanostructures for highly efficient photocatalytic hydrogen evolution under solar light irradiation,international journal of hydrogen energy,2018.0,manchala et al.,needs_review,catalyst loading calc: 0.5 g/l × 100.0 ml = 50.00 mg; glycerol std: (10.0/100×1261)/92.09 = 1.3693 m; co_catalyst unknown - original data did not specify; doi resolved via crossref api,high,medium,high,high,low,low,low,0.5,68528633c9d6cc0b,3.0,4.2,20.0,1.0,5.0,0.0,0.0,0.0,0.0,0.0,5.269403356383394
112,tio2,,,100.0,,au-pd,0.5,nanorod,anatase,,0.5wt%au-pd/tio2,hydrothermal,700.0,0.17,precipitation,,0.0,uv,,100.0,100 w,365.0,0,0,0,1,0,0.33,6.6,0.33 g/l,20.0,10.0,1.3693,10 vol%,,6.0,43300 μmol g⁻¹ h⁻¹,43300.0,10.1016/j.apcata.2018.08.004,https://doi.org/10.1016/j.apcata.2018.08.004,highly reactive anatase nanorod photocatalysts synthesized by calcination of hydrogen titanate nanotubes: effect of calcination conditions on photocatalytic performance for aqueous dye degradation and h2 production in alcohol-water mixtures,applied catalysis a: general,2018.0,chen et al.,needs_review,catalyst loading calc: 0.33 g/l × 20.0 ml = 6.60 mg; glycerol std: (10.0/100×1261)/92.09 = 1.3693 m; doi resolved via crossref api,high,medium,high,low,medium,high,low,0.5,5f293ac693c71d76,3.2,4.21,86.0,1.0,3.89,5.16,-2.04,140.0,2.24,5.0,10.675931008412125
111,tio2,,,100.0,,au-pd,0.5,nanorod,anatase,,0.5wt%au-pd/tio2,hydrothermal,600.0,2.0,precipitation,,0.0,uv,,100.0,100 w,365.0,0,0,0,1,0,0.33,6.6,0.33 g/l,20.0,10.0,1.3693,10 vol%,,6.0,45000 μmol g⁻¹ h⁻¹,45000.0,10.1016/j.apcata.2018.08.004,https://doi.org/10.1016/j.apcata.2018.08.004,highly reactive anatase nanorod photocatalysts synthesized by calcination of hydrogen titanate nanotubes: effect of calcination conditions on photocatalytic performance for aqueous dye degradation and h2 production in alcohol-water mixtures,applied catalysis a: general,2018.0,chen et al.,needs_review,catalyst loading calc: 0.33 g/l × 20.0 ml = 6.60 mg; glycerol std: (10.0/100×1261)/92.09 = 1.3693 m; doi resolved via crossref api,high,medium,high,low,medium,high,low,0.5,1c6e133fa7017a50,3.2,4.21,86.0,1.0,3.89,5.16,-2.04,140.0,2.24,5.0,10.714439990727769
110,tio2,,,100.0,,au-pd,0.5,nanorod,anatase,,0.5wt%au-pd/tio2,hydrothermal,600.0,0.33,precipitation,,0.0,uv,,100.0,100 w,365.0,0,0,0,1,0,0.33,6.6,0.33 g/l,20.0,10.0,1.3693,10 vol%,,6.0,45600 μmol g⁻¹ h⁻¹,45600.0,10.1016/j.apcata.2018.08.004,https://doi.org/10.1016/j.apcata.2018.08.004,highly reactive anatase nanorod photocatalysts synthesized by calcination of hydrogen titanate nanotubes: effect of calcination conditions on photocatalytic performance for aqueous dye degradation and h2 production in alcohol-water mixtures,applied catalysis a: general,2018.0,chen et al.,needs_review,catalyst loading calc: 0.33 g/l × 20.0 ml = 6.60 mg; glycerol std: (10.0/100×1261)/92.09 = 1.3693 m; doi resolved via crossref api,high,medium,high,low,medium,high,low,0.5,54f725ea0f3bdfb5,3.2,4.21,86.0,1.0,3.89,5.16,-2.04,140.0,2.24,5.0,10.727684925086583
109,tio2,,,100.0,,au-pd,0.5,nanorod,anatase,,0.5wt%au-pd/tio2,hydrothermal,500.0,2.0,precipitation,,0.0,uv,,100.0,100 w,365.0,0,0,0,1,0,0.33,6.6,0.33 g/l,20.0,10.0,1.3693,10 vol%,,6.0,43000 μmol g⁻¹ h⁻¹,43000.0,10.1016/j.apcata.2018.08.004,https://doi.org/10.1016/j.apcata.2018.08.004,highly reactive anatase nanorod photocatalysts synthesized by calcination of hydrogen titanate nanotubes: effect of calcination conditions on photocatalytic performance for aqueous dye degradation and h2 production in alcohol-water mixtures,applied catalysis a: general,2018.0,chen et al.,needs_review,catalyst loading calc: 0.33 g/l × 20.0 ml = 6.60 mg; glycerol std: (10.0/100×1261)/92.09 = 1.3693 m; doi resolved via crossref api,high,medium,high,low,medium,high,low,0.5,b4fc139cab97e3a5,3.2,4.21,86.0,1.0,3.89,5.16,-2.04,140.0,2.24,5.0,10.668978650219241
108,zno,cuo,,45.0,45.0,au,10.0,nanocomposite,,3.02,10wt%au/zno/cuo,,,0.0,sol-gel,600.0,3.0,visible,xe lamp,300.0,300 w,420.0,1,0,0,0,1,0.67,50.25,0.67 g/l,75.0,20.0,2.7386,20 vol%,25.0,,4567 μmol g⁻¹ h⁻¹,4567.0,10.1016/j,https://doi.org/10.1016/j,needs_verification,international journal of hydrogen energy,2023.0,"ahmad, i. et al.",ok,"catalyst loading calc: 0.67 g/l × 75.0 ml = 50.25 mg; glycerol std: (20.0/100×1261)/92.09 = 2.7386 m; wavelength_cutoff_nm=420nm inferred (xe lamp, visible cutoff)",high,medium,high,high,medium,low,high,0.5,41ede5c4d3350e9a,3.37,4.35,8.5,3.0,5.61,5.1,-3.56,144.0,2.54,5.0,8.426830751335846
107,zno,cuo,,45.0,45.0,au,10.0,nanocomposite,,3.02,10wt%au/zno/cuo,,,0.0,sol-gel,600.0,3.0,visible,xe lamp,300.0,300 w,420.0,1,0,0,0,1,0.67,50.25,0.67 g/l,75.0,15.0,2.054,15 vol%,25.0,,4924 μmol g⁻¹ h⁻¹,4924.0,10.1016/j,https://doi.org/10.1016/j,needs_verification,international journal of hydrogen energy,2023.0,"ahmad, i. et al.",ok,"catalyst loading calc: 0.67 g/l × 75.0 ml = 50.25 mg; glycerol std: (15.0/100×1261)/92.09 = 2.0540 m; wavelength_cutoff_nm=420nm inferred (xe lamp, visible cutoff)",high,medium,high,high,medium,low,high,0.5,bec12641c1af59db,3.37,4.35,8.5,3.0,5.61,5.1,-3.56,144.0,2.54,5.0,8.502079553606189
106,zno,cuo,,45.0,45.0,au,10.0,nanocomposite,,3.02,10wt%au/zno/cuo,,,0.0,sol-gel,600.0,3.0,visible,xe lamp,300.0,300 w,420.0,1,0,0,0,1,0.67,50.25,0.67 g/l,75.0,5.0,0.6847,5 vol%,25.0,,4130 μmol g⁻¹ h⁻¹,4130.0,10.1016/j,https://doi.org/10.1016/j,needs_verification,international journal of hydrogen energy,2023.0,"ahmad, i. et al.",ok,"catalyst loading calc: 0.67 g/l × 75.0 ml = 50.25 mg; glycerol std: (5.0/100×1261)/92.09 = 0.6847 m; wavelength_cutoff_nm=420nm inferred (xe lamp, visible cutoff)",high,medium,high,high,medium,low,high,0.5,e798b6efadcf3d6c,3.37,4.35,8.5,3.0,5.61,5.1,-3.56,144.0,2.54,5.0,8.326274787396764
105,zno,,,100.0,,au,,nanocomposite,,3.07,xwt%au/zno,,,0.0,,,0.0,visible,xe lamp,300.0,300 w,420.0,1,0,0,0,1,0.67,50.25,0.67 g/l,75.0,10.0,1.3693,10 vol%,25.0,,1455 μmol g⁻¹ h⁻¹,1455.0,10.1016/j,https://doi.org/10.1016/j,needs_verification,international journal of hydrogen energy,2023.0,"ahmad, i. et al.",ok,"catalyst loading calc: 0.67 g/l × 75.0 ml = 50.25 mg; glycerol std: (10.0/100×1261)/92.09 = 1.3693 m; wavelength_cutoff_nm=420nm inferred (xe lamp, visible cutoff)",high,medium,high,high,medium,low,high,0.5,dd8defd588a7f342,3.37,4.35,8.5,3.0,5.61,5.1,-3.56,144.0,2.54,5.0,7.283448228756631
104,zno,cuo,,45.0,45.0,au,10.0,nanocomposite,,3.02,10wt%au/zno/cuo,,,0.0,sol-gel,600.0,3.0,visible,xe lamp,300.0,300 w,420.0,1,0,0,0,1,0.67,50.25,0.67 g/l,75.0,10.0,1.3693,10 vol%,25.0,,4655 μmol g⁻¹ h⁻¹,4655.0,10.1016/j,https://doi.org/10.1016/j,needs_verification,international journal of hydrogen energy,2023.0,"ahmad, i. et al.",ok,"catalyst loading calc: 0.67 g/l × 75.0 ml = 50.25 mg; glycerol std: (10.0/100×1261)/92.09 = 1.3693 m; wavelength_cutoff_nm=420nm inferred (xe lamp, visible cutoff)",high,medium,high,high,medium,low,high,0.5,9fe870a772e7bbcc,3.37,4.35,8.5,3.0,5.61,5.1,-3.56,144.0,2.54,5.0,8.445911989411274
764,zno,zns,,58.0,,,,nanorod,,,zno/zns,water bath,,0.0,sulfidation,,0.0,uv,hg lamp,125.0,125 w,,0,1,0,1,0,30.0,300.0,30 g/l,10.0,7.0,0.9585,7 vol%,80.0,,1395.5 μmol g⁻¹ h⁻¹,1395.5,10.1016/j.apsusc.2013.07.009,https://doi.org/10.1016/j.apsusc.2013.07.009,"zno/zns–pds core/shell nanorods: synthesis, characterization and application for photocatalytic hydrogen production from a glycerol/water solution",applied surface science,2013.0,liu et al.,needs_review,catalyst loading calc: 30.0 g/l × 10.0 ml = 300.00 mg; glycerol std: (7.0/100×1261)/92.09 = 0.9585 m; co_catalyst set to 'none': bare semiconductor; doi resolved via crossref api,high,medium,high,high,low,low,low,0.5,40a926132d19158f,3.37,4.35,8.5,3.0,5.61,0.0,0.0,0.0,0.0,0.0,7.241724385385232
763,zno,zns,,58.0,,,,nanorod,,,zno/zns,water bath,,0.0,sulfidation,,0.0,uv,hg lamp,125.0,125 w,,0,1,0,1,0,30.0,300.0,30 g/l,10.0,7.0,0.9585,7 vol%,60.0,,724.47 μmol g⁻¹ h⁻¹,724.47,10.1016/j.apsusc.2013.07.009,https://doi.org/10.1016/j.apsusc.2013.07.009,"zno/zns–pds core/shell nanorods: synthesis, characterization and application for photocatalytic hydrogen production from a glycerol/water solution",applied surface science,2013.0,liu et al.,needs_review,catalyst loading calc: 30.0 g/l × 10.0 ml = 300.00 mg; glycerol std: (7.0/100×1261)/92.09 = 0.9585 m; co_catalyst set to 'none': bare semiconductor; doi resolved via crossref api,high,medium,high,high,low,low,low,0.5,77a91b3d5f9e5bb3,3.37,4.35,8.5,3.0,5.61,0.0,0.0,0.0,0.0,0.0,6.5868197206767185
762,zno,zns,,58.0,,,,nanorod,,,zno/zns,water bath,,0.0,sulfidation,,0.0,uv,hg lamp,125.0,125 w,,0,1,0,1,0,30.0,300.0,30 g/l,10.0,7.0,0.9585,7 vol%,40.0,,576.01 μmol g⁻¹ h⁻¹,576.01,10.1016/j.apsusc.2013.07.009,https://doi.org/10.1016/j.apsusc.2013.07.009,"zno/zns–pds core/shell nanorods: synthesis, characterization and application for photocatalytic hydrogen production from a glycerol/water solution",applied surface science,2013.0,liu et al.,needs_review,catalyst loading calc: 30.0 g/l × 10.0 ml = 300.00 mg; glycerol std: (7.0/100×1261)/92.09 = 0.9585 m; co_catalyst set to 'none': bare semiconductor; doi resolved via crossref api,high,medium,high,high,low,low,low,0.5,33e861d5f7a277c3,3.37,4.35,8.5,3.0,5.61,0.0,0.0,0.0,0.0,0.0,6.3578595973804495
761,zno,zns,,51.0,,,,nanorod,,,zno/zns,water bath,,0.0,sulfidation,,0.0,uv,hg lamp,125.0,125 w,,0,1,0,1,0,30.0,300.0,30 g/l,10.0,7.0,0.9585,7 vol%,80.0,,2333.7 μmol g⁻¹ h⁻¹,2333.7,10.1016/j.apsusc.2013.07.009,https://doi.org/10.1016/j.apsusc.2013.07.009,"zno/zns–pds core/shell nanorods: synthesis, characterization and application for photocatalytic hydrogen production from a glycerol/water solution",applied surface science,2013.0,liu et al.,needs_review,catalyst loading calc: 30.0 g/l × 10.0 ml = 300.00 mg; glycerol std: (7.0/100×1261)/92.09 = 0.9585 m; co_catalyst set to 'none': bare semiconductor; doi resolved via crossref api,high,medium,high,high,low,low,low,0.5,4d91132cd14179f1,3.37,4.35,8.5,3.0,5.61,0.0,0.0,0.0,0.0,0.0,7.755638682191392
760,zno,zns,,51.0,,,,nanorod,,,zno/zns,water bath,,0.0,sulfidation,,0.0,uv,hg lamp,125.0,125 w,,0,1,0,1,0,30.0,300.0,30 g/l,10.0,7.0,0.9585,7 vol%,60.0,,1639 μmol g⁻¹ h⁻¹,1639.0,10.1016/j.apsusc.2013.07.009,https://doi.org/10.1016/j.apsusc.2013.07.009,"zno/zns–pds core/shell nanorods: synthesis, characterization and application for photocatalytic hydrogen production from a glycerol/water solution",applied surface science,2013.0,liu et al.,needs_review,catalyst loading calc: 30.0 g/l × 10.0 ml = 300.00 mg; glycerol std: (7.0/100×1261)/92.09 = 0.9585 m; co_catalyst set to 'none': bare semiconductor; doi resolved via crossref api,high,medium,high,high,low,low,low,0.5,d88c42afeaed6249,3.37,4.35,8.5,3.0,5.61,0.0,0.0,0.0,0.0,0.0,7.402451520818244
407,tio2,,,100.0,,pt,1.0,nanoparticle,anatase-rutile,,1wt%pt/tio2,,,0.0,photodeposition,,0.0,uv,hg lamp,60.0,60 w,,0,1,0,1,0,0.1,0.5,0.1 g/l,5.0,15.5,2.1224,15.5 vol%,25.0,,18 μmol g⁻¹ h⁻¹,18.0,10.1002/aic.16724,https://doi.org/10.1002/aic.16724,an intrinsic kinetic model for liquid‐phase photocatalytic hydrogen production,international journal of hydrogen energy,2019.0,estahbanati et al.,needs_review,catalyst loading calc: 0.1 g/l × 5.0 ml = 0.50 mg; glycerol std: (15.5/100×1261)/92.09 = 2.1224 m; doi resolved via crossref api,high,medium,high,high,low,low,low,0.5,0c0d8c8473c937d4,3.2,4.21,86.0,1.0,3.89,5.65,-2.25,139.0,2.28,5.0,2.9444389791664403
406,tio2,,,100.0,,pt,1.0,nanoparticle,anatase-rutile,,1wt%pt/tio2,,,0.0,photodeposition,,0.0,uv,hg lamp,60.0,60 w,,0,1,0,1,0,3.0,15.0,3 g/l,5.0,15.5,2.1224,15.5 vol%,25.0,,86 μmol g⁻¹ h⁻¹,86.0,10.1002/aic.16724,https://doi.org/10.1002/aic.16724,an intrinsic kinetic model for liquid‐phase photocatalytic hydrogen production,international journal of hydrogen energy,2019.0,estahbanati et al.,needs_review,catalyst loading calc: 3.0 g/l × 5.0 ml = 15.00 mg; glycerol std: (15.5/100×1261)/92.09 = 2.1224 m; doi resolved via crossref api,high,medium,high,high,low,low,low,0.5,8a9233be54e06351,3.2,4.21,86.0,1.0,3.89,5.65,-2.25,139.0,2.28,5.0,4.465908118654584
405,tio2,,,100.0,,pt,1.0,nanoparticle,anatase-rutile,,1wt%pt/tio2,,,0.0,photodeposition,,0.0,uv,hg lamp,60.0,60 w,,0,1,0,1,0,1.55,7.75,1.55 g/l,5.0,15.5,2.1224,15.5 vol%,25.0,,60 μmol g⁻¹ h⁻¹,60.0,10.1002/aic.16724,https://doi.org/10.1002/aic.16724,an intrinsic kinetic model for liquid‐phase photocatalytic hydrogen production,international journal of hydrogen energy,2019.0,estahbanati et al.,needs_review,catalyst loading calc: 1.55 g/l × 5.0 ml = 7.75 mg; glycerol std: (15.5/100×1261)/92.09 = 2.1224 m; doi resolved via crossref api,high,medium,high,high,low,low,low,0.5,e298e631cbcaa087,3.2,4.21,86.0,1.0,3.89,5.65,-2.25,139.0,2.28,5.0,4.110873864173311
404,tio2,,,100.0,,pt,1.0,nanoparticle,anatase-rutile,,1wt%pt/tio2,,,0.0,photodeposition,,0.0,uv,hg lamp,60.0,60 w,,0,1,0,1,0,1.55,7.75,1.55 g/l,5.0,30.0,4.1079,30 vol%,25.0,,77 μmol g⁻¹ h⁻¹,77.0,10.1002/aic.16724,https://doi.org/10.1002/aic.16724,an intrinsic kinetic model for liquid‐phase photocatalytic hydrogen production,international journal of hydrogen energy,2019.0,estahbanati et al.,needs_review,catalyst loading calc: 1.55 g/l × 5.0 ml = 7.75 mg; glycerol std: (30.0/100×1261)/92.09 = 4.1079 m; doi resolved via crossref api,high,medium,high,high,low,low,low,0.5,42951bc27c90f140,3.2,4.21,86.0,1.0,3.89,5.65,-2.25,139.0,2.28,5.0,4.356708826689592
394,tio2,,,100.0,,pt,1.0,nanoparticle,anatase-rutile,,1wt%pt/tio2,,,0.0,photodeposition,,0.0,uv,hg lamp,40.0,40 w,,0,1,0,1,0,0.1,0.5,0.1 g/l,5.0,1.0,0.1369,1 vol%,25.0,,10 μmol g⁻¹ h⁻¹,10.0,10.1002/aic.16724,https://doi.org/10.1002/aic.16724,an intrinsic kinetic model for liquid‐phase photocatalytic hydrogen production,international journal of hydrogen energy,2019.0,estahbanati et al.,needs_review,catalyst loading calc: 0.1 g/l × 5.0 ml = 0.50 mg; glycerol std: (1.0/100×1261)/92.09 = 0.1369 m; doi resolved via crossref api,high,medium,high,high,low,low,low,0.5,a0e7200ff7ecb6f6,3.2,4.21,86.0,1.0,3.89,5.65,-2.25,139.0,2.28,5.0,2.3978952727983707
393,tio2,,,100.0,,pt,1.0,nanoparticle,anatase-rutile,,1wt%pt/tio2,,,0.0,photodeposition,,0.0,uv,hg lamp,20.0,20 w,,0,1,0,1,0,1.55,7.75,1.55 g/l,5.0,30.0,4.1079,30 vol%,25.0,,58 μmol g⁻¹ h⁻¹,58.0,10.1002/aic.16724,https://doi.org/10.1002/aic.16724,an intrinsic kinetic model for liquid‐phase photocatalytic hydrogen production,international journal of hydrogen energy,2019.0,estahbanati et al.,needs_review,catalyst loading calc: 1.55 g/l × 5.0 ml = 7.75 mg; glycerol std: (30.0/100×1261)/92.09 = 4.1079 m; doi resolved via crossref api,high,medium,high,high,low,low,low,0.5,1a2454a3049173cf,3.2,4.21,86.0,1.0,3.89,5.65,-2.25,139.0,2.28,5.0,4.07753744390572
392,tio2,,,100.0,,pt,1.0,nanoparticle,anatase-rutile,,1wt%pt/tio2,,,0.0,photodeposition,,0.0,uv,hg lamp,20.0,20 w,,0,1,0,1,0,3.0,15.0,3 g/l,5.0,15.5,2.1224,15.5 vol%,25.0,,71 μmol g⁻¹ h⁻¹,71.0,10.1002/aic.16724,https://doi.org/10.1002/aic.16724,an intrinsic kinetic model for liquid‐phase photocatalytic hydrogen production,international journal of hydrogen energy,2019.0,estahbanati et al.,needs_review,catalyst loading calc: 3.0 g/l × 5.0 ml = 15.00 mg; glycerol std: (15.5/100×1261)/92.09 = 2.1224 m; doi resolved via crossref api,high,medium,high,high,low,low,low,0.5,1e2082350fcf9fc2,3.2,4.21,86.0,1.0,3.89,5.65,-2.25,139.0,2.28,5.0,4.276666119016055
391,tio2,,,100.0,,pt,1.0,nanoparticle,anatase-rutile,,1wt%pt/tio2,,,0.0,photodeposition,,0.0,uv,hg lamp,20.0,20 w,,0,1,0,1,0,0.1,0.5,0.1 g/l,5.0,15.5,2.1224,15.5 vol%,25.0,,17 μmol g⁻¹ h⁻¹,17.0,10.1016/j.ijhydene.2018.12.095,https://doi.org/10.1016/j.ijhydene.2018.12.095,la-modified tio2/carbon nanotubes assembly nanocomposite for efficient photocatalytic hydrogen evolution from glycerol-water mixture,international journal of hydrogen energy,2019.0,tahir,needs_review,catalyst loading calc: 0.1 g/l × 5.0 ml = 0.50 mg; glycerol std: (15.5/100×1261)/92.09 = 2.1224 m; doi resolved via crossref api,high,medium,high,high,low,low,low,0.5,5f2211344bb9cc61,3.2,4.21,86.0,1.0,3.89,5.65,-2.25,139.0,2.28,5.0,2.8903717578961645
390,tio2,,,100.0,,pt,1.0,nanoparticle,anatase-rutile,,1wt%pt/tio2,,,0.0,photodeposition,,0.0,uv,hg lamp,20.0,20 w,,0,1,0,1,0,1.55,7.75,1.55 g/l,5.0,1.0,0.1369,1 vol%,25.0,,36 μmol g⁻¹ h⁻¹,36.0,10.1016/j.ijhydene.2018.12.095,https://doi.org/10.1016/j.ijhydene.2018.12.095,la-modified tio2/carbon nanotubes assembly nanocomposite for efficient photocatalytic hydrogen evolution from glycerol-water mixture,international journal of hydrogen energy,2019.0,tahir,needs_review,catalyst loading calc: 1.55 g/l × 5.0 ml = 7.75 mg; glycerol std: (1.0/100×1261)/92.09 = 0.1369 m; doi resolved via crossref api,high,medium,high,high,low,low,low,0.5,2d9a89004573785d,3.2,4.21,86.0,1.0,3.89,5.65,-2.25,139.0,2.28,5.0,3.6109179126442243
780,zno,,,100.0,,,,nanorod,,3.27,zno,,,0.0,chemical conversion,,0.0,uv,hg lamp,125.0,125 w,,0,1,0,1,0,6.0,60.0,6 g/l,10.0,5.0,0.6847,5 vol%,80.0,,199.12 μmol g⁻¹ h⁻¹,199.12,10.1007/s11051-020-04989-2,https://doi.org/10.1007/s11051-020-04989-2,one-step sol-gel synthesis of pbtio3 nanosheets and photocatalytic enhancement through decoration by platinum,journal of nanoparticle research,2020.0,kadi and m. w. and r. m. mohamed,needs_review,catalyst loading calc: 6.0 g/l × 10.0 ml = 60.00 mg; glycerol std: (5.0/100×1261)/92.09 = 0.6847 m; co_catalyst set to 'none': bare semiconductor; doi resolved via crossref api,high,medium,high,high,low,low,high,0.5,27b4dc211a2ea058,3.37,4.35,8.5,3.0,5.61,0.0,0.0,0.0,0.0,0.0,5.298917186620004
779,zno,,,100.0,,,,nanorod,,3.27,zno,,,0.0,chemical conversion,,0.0,uv,hg lamp,125.0,125 w,,0,1,0,1,0,6.0,60.0,6 g/l,10.0,5.0,0.6847,5 vol%,60.0,,155.31 μmol g⁻¹ h⁻¹,155.31,10.1007/s11051-020-04989-2,https://doi.org/10.1007/s11051-020-04989-2,one-step sol-gel synthesis of pbtio3 nanosheets and photocatalytic enhancement through decoration by platinum,journal of nanoparticle research,2020.0,kadi and m. w. and r. m. mohamed,needs_review,catalyst loading calc: 6.0 g/l × 10.0 ml = 60.00 mg; glycerol std: (5.0/100×1261)/92.09 = 0.6847 m; co_catalyst set to 'none': bare semiconductor; doi resolved via crossref api,high,medium,high,high,low,low,high,0.5,9ec27e4a443f5207,3.37,4.35,8.5,3.0,5.61,0.0,0.0,0.0,0.0,0.0,5.0518412149073795
778,zno,,,100.0,,,,nanorod,,3.27,zno,,,0.0,chemical conversion,,0.0,uv,hg lamp,125.0,125 w,,0,1,0,1,0,6.0,60.0,6 g/l,10.0,5.0,0.6847,5 vol%,40.0,,99.56 μmol g⁻¹ h⁻¹,99.56,10.1007/s11051-020-04989-2,https://doi.org/10.1007/s11051-020-04989-2,one-step sol-gel synthesis of pbtio3 nanosheets and photocatalytic enhancement through decoration by platinum,journal of nanoparticle research,2020.0,kadi and m. w. and r. m. mohamed,needs_review,catalyst loading calc: 6.0 g/l × 10.0 ml = 60.00 mg; glycerol std: (5.0/100×1261)/92.09 = 0.6847 m; co_catalyst set to 'none': bare semiconductor; doi resolved via crossref api,high,medium,high,high,low,low,high,0.5,e14b961cab0e4b34,3.37,4.35,8.5,3.0,5.61,0.0,0.0,0.0,0.0,0.0,4.610754564281992
777,zno-zns,graphene,,99.95,,,,nanocomposite,,,zno-zns/graphene,solution,,0.0,dispersion,,0.0,uv,hg lamp,300.0,300 w,,0,1,0,1,0,0.5,50.0,0.5 g/l,100.0,50.0,6.8466,50 vol%,30.0,,1070 μmol g⁻¹ h⁻¹,1070.0,10.1016/j.ijhydene.2018.05.035,https://doi.org/10.1016/j.ijhydene.2018.05.035,facile synthesis of noble-metal free polygonal zn2tio4 nanostructures for highly efficient photocatalytic hydrogen evolution under solar light irradiation,international journal of hydrogen energy,2018.0,manchala et al.,needs_review,catalyst loading calc: 0.5 g/l × 100.0 ml = 50.00 mg; glycerol std: (50.0/100×1261)/92.09 = 6.8466 m; co_catalyst unknown - original data did not specify; doi resolved via crossref api,high,medium,high,high,low,low,low,0.5,18f73b2b6a23eec5,3.0,4.2,20.0,1.0,5.0,0.0,0.0,0.0,0.0,0.0,6.976348070447749
776,zno-zns,,,100.0,,,,nanocomposite,,,zno-zns,solution,,0.0,dispersion,,0.0,uv,hg lamp,300.0,300 w,,0,1,0,1,0,0.5,50.0,0.5 g/l,100.0,50.0,6.8466,50 vol%,30.0,,293.6 μmol g⁻¹ h⁻¹,293.6,10.1016/j.ijhydene.2018.05.035,https://doi.org/10.1016/j.ijhydene.2018.05.035,facile synthesis of noble-metal free polygonal zn2tio4 nanostructures for highly efficient photocatalytic hydrogen evolution under solar light irradiation,international journal of hydrogen energy,2018.0,manchala et al.,needs_review,catalyst loading calc: 0.5 g/l × 100.0 ml = 50.00 mg; glycerol std: (50.0/100×1261)/92.09 = 6.8466 m; co_catalyst unknown - original data did not specify; doi resolved via crossref api,high,medium,high,high,low,low,low,0.5,8066ddcea93a7d18,3.0,4.2,20.0,1.0,5.0,0.0,0.0,0.0,0.0,0.0,5.68561850402853
775,zno-zns,,,100.0,,,,nanocomposite,,,zno-zns,solution,,0.0,dispersion,,0.0,uv,hg lamp,300.0,300 w,,0,1,0,1,0,0.5,50.0,0.5 g/l,100.0,40.0,5.4773,40 vol%,30.0,,689.7 μmol g⁻¹ h⁻¹,689.7,10.1016/j.ijhydene.2018.05.035,https://doi.org/10.1016/j.ijhydene.2018.05.035,facile synthesis of noble-metal free polygonal zn2tio4 nanostructures for highly efficient photocatalytic hydrogen evolution under solar light irradiation,international journal of hydrogen energy,2018.0,manchala et al.,needs_review,catalyst loading calc: 0.5 g/l × 100.0 ml = 50.00 mg; glycerol std: (40.0/100×1261)/92.09 = 5.4773 m; co_catalyst unknown - original data did not specify; doi resolved via crossref api,high,medium,high,high,low,low,low,0.5,e67ed7767072258d,3.0,4.2,20.0,1.0,5.0,0.0,0.0,0.0,0.0,0.0,6.537705576094927
774,zno-zns,,,100.0,,,,nanocomposite,,,zno-zns,solution,,0.0,dispersion,,0.0,uv,hg lamp,300.0,300 w,,0,1,0,1,0,0.5,50.0,0.5 g/l,100.0,30.0,4.1079,30 vol%,30.0,,587.6 μmol g⁻¹ h⁻¹,587.6,10.1016/j.ijhydene.2018.05.035,https://doi.org/10.1016/j.ijhydene.2018.05.035,facile synthesis of noble-metal free polygonal zn2tio4 nanostructures for highly efficient photocatalytic hydrogen evolution under solar light irradiation,international journal of hydrogen energy,2018.0,manchala et al.,needs_review,catalyst loading calc: 0.5 g/l × 100.0 ml = 50.00 mg; glycerol std: (30.0/100×1261)/92.09 = 4.1079 m; co_catalyst unknown - original data did not specify; doi resolved via crossref api,high,medium,high,high,low,low,low,0.5,e4b69f84b993f2cf,3.0,4.2,20.0,1.0,5.0,0.0,0.0,0.0,0.0,0.0,6.377746835799372
400,tio2,,,100.0,,pt,1.0,nanoparticle,anatase-rutile,,1wt%pt/tio2,,,0.0,photodeposition,,0.0,uv,hg lamp,40.0,40 w,,0,1,0,1,0,1.55,7.75,1.55 g/l,5.0,15.5,2.1224,15.5 vol%,25.0,,62 μmol g⁻¹ h⁻¹,62.0,10.1002/aic.16724,https://doi.org/10.1002/aic.16724,an intrinsic kinetic model for liquid‐phase photocatalytic hydrogen production,international journal of hydrogen energy,2019.0,estahbanati et al.,needs_review,catalyst loading calc: 1.55 g/l × 5.0 ml = 7.75 mg; glycerol std: (15.5/100×1261)/92.09 = 2.1224 m; doi resolved via crossref api,high,medium,high,high,low,low,low,0.5,879e4fa741345bd2,3.2,4.21,86.0,1.0,3.89,5.65,-2.25,139.0,2.28,5.0,4.143134726391533
399,tio2,,,100.0,,pt,1.0,nanoparticle,anatase-rutile,,1wt%pt/tio2,,,0.0,photodeposition,,0.0,uv,hg lamp,40.0,40 w,,0,1,0,1,0,1.55,7.75,1.55 g/l,5.0,15.5,2.1224,15.5 vol%,25.0,,66 μmol g⁻¹ h⁻¹,66.0,10.1002/aic.16724,https://doi.org/10.1002/aic.16724,an intrinsic kinetic model for liquid‐phase photocatalytic hydrogen production,international journal of hydrogen energy,2019.0,estahbanati et al.,needs_review,catalyst loading calc: 1.55 g/l × 5.0 ml = 7.75 mg; glycerol std: (15.5/100×1261)/92.09 = 2.1224 m; doi resolved via crossref api,high,medium,high,high,low,low,low,0.5,76cb50f2147a0f33,3.2,4.21,86.0,1.0,3.89,5.65,-2.25,139.0,2.28,5.0,4.204692619390966
398,tio2,,,100.0,,pt,1.0,nanoparticle,anatase-rutile,,1wt%pt/tio2,,,0.0,photodeposition,,0.0,uv,hg lamp,40.0,40 w,,0,1,0,1,0,1.55,7.75,1.55 g/l,5.0,15.5,2.1224,15.5 vol%,25.0,,55 μmol g⁻¹ h⁻¹,55.0,10.1002/aic.16724,https://doi.org/10.1002/aic.16724,an intrinsic kinetic model for liquid‐phase photocatalytic hydrogen production,international journal of hydrogen energy,2019.0,estahbanati et al.,needs_review,catalyst loading calc: 1.55 g/l × 5.0 ml = 7.75 mg; glycerol std: (15.5/100×1261)/92.09 = 2.1224 m; doi resolved via crossref api,high,medium,high,high,low,low,low,0.5,d17ca5e46782bfe8,3.2,4.21,86.0,1.0,3.89,5.65,-2.25,139.0,2.28,5.0,4.02535169073515
397,tio2,,,100.0,,pt,1.0,nanoparticle,anatase-rutile,,1wt%pt/tio2,,,0.0,photodeposition,,0.0,uv,hg lamp,40.0,40 w,,0,1,0,1,0,3.0,15.0,3 g/l,5.0,30.0,4.1079,30 vol%,25.0,,78 μmol g⁻¹ h⁻¹,78.0,10.1002/aic.16724,https://doi.org/10.1002/aic.16724,an intrinsic kinetic model for liquid‐phase photocatalytic hydrogen production,international journal of hydrogen energy,2019.0,estahbanati et al.,needs_review,catalyst loading calc: 3.0 g/l × 5.0 ml = 15.00 mg; glycerol std: (30.0/100×1261)/92.09 = 4.1079 m; doi resolved via crossref api,high,medium,high,high,low,low,low,0.5,2987070a4b70f594,3.2,4.21,86.0,1.0,3.89,5.65,-2.25,139.0,2.28,5.0,4.3694478524670215
396,tio2,,,100.0,,pt,1.0,nanoparticle,anatase-rutile,,1wt%pt/tio2,,,0.0,photodeposition,,0.0,uv,hg lamp,40.0,40 w,,0,1,0,1,0,0.1,0.5,0.1 g/l,5.0,30.0,4.1079,30 vol%,25.0,,18 μmol g⁻¹ h⁻¹,18.0,10.1002/aic.16724,https://doi.org/10.1002/aic.16724,an intrinsic kinetic model for liquid‐phase photocatalytic hydrogen production,international journal of hydrogen energy,2019.0,estahbanati et al.,needs_review,catalyst loading calc: 0.1 g/l × 5.0 ml = 0.50 mg; glycerol std: (30.0/100×1261)/92.09 = 4.1079 m; doi resolved via crossref api,high,medium,high,high,low,low,low,0.5,3fd5e7f867388dd8,3.2,4.21,86.0,1.0,3.89,5.65,-2.25,139.0,2.28,5.0,2.9444389791664403
395,tio2,,,100.0,,pt,1.0,nanoparticle,anatase-rutile,,1wt%pt/tio2,,,0.0,photodeposition,,0.0,uv,hg lamp,40.0,40 w,,0,1,0,1,0,3.0,15.0,3 g/l,5.0,1.0,0.1369,1 vol%,25.0,,52 μmol g⁻¹ h⁻¹,52.0,10.1002/aic.16724,https://doi.org/10.1002/aic.16724,an intrinsic kinetic model for liquid‐phase photocatalytic hydrogen production,international journal of hydrogen energy,2019.0,estahbanati et al.,needs_review,catalyst loading calc: 3.0 g/l × 5.0 ml = 15.00 mg; glycerol std: (1.0/100×1261)/92.09 = 0.1369 m; doi resolved via crossref api,high,medium,high,high,low,low,low,0.5,3f44457fdb383ca7,3.2,4.21,86.0,1.0,3.89,5.65,-2.25,139.0,2.28,5.0,3.970291913552122
426,tio2,,,100.0,,pt,0.5,nanoparticle,anatase-rutile,,0.5wt%pt/tio2,,,0.0,photodeposition,,0.0,visible,xe lamp,75.0,75 w,420.0,1,0,0,0,1,0.09,1.44,0.09 g/l,16.0,3.7,0.5066,3.7 vol%,25.0,,141000 μmol g⁻¹ h⁻¹,141000.0,10.1002/ep.12998,https://doi.org/10.1002/ep.12998,the influence of process parameters on photocatalytic hydrogen production,sustainable energy,2018.0,bednarczyk and m. stelmachowski and m. gmurek,needs_review,"catalyst loading calc: 0.09 g/l × 16.0 ml = 1.44 mg; glycerol std: (3.7/100×1261)/92.09 = 0.5066 m; wavelength_cutoff_nm=420nm inferred (xe lamp, visible cutoff); doi resolved via crossref api",high,medium,high,high,medium,low,low,0.5,f653aec441c5c823,3.2,4.21,86.0,1.0,3.89,5.65,-2.25,139.0,2.28,5.0,11.856522261533737
425,tio2,,,100.0,,pt,0.5,nanoparticle,anatase-rutile,,0.5wt%pt/tio2,,,0.0,photodeposition,,0.0,visible,xe lamp,75.0,75 w,420.0,1,0,0,0,1,0.19,3.04,0.19 g/l,16.0,3.7,0.5066,3.7 vol%,25.0,,126430 μmol g⁻¹ h⁻¹,126430.0,10.1002/ep.12998,https://doi.org/10.1002/ep.12998,the influence of process parameters on photocatalytic hydrogen production,sustainable energy,2018.0,bednarczyk and m. stelmachowski and m. gmurek,needs_review,"catalyst loading calc: 0.19 g/l × 16.0 ml = 3.04 mg; glycerol std: (3.7/100×1261)/92.09 = 0.5066 m; wavelength_cutoff_nm=420nm inferred (xe lamp, visible cutoff); doi resolved via crossref api",high,medium,high,high,medium,low,low,0.5,e5cae8aeabb0c9a0,3.2,4.21,86.0,1.0,3.89,5.65,-2.25,139.0,2.28,5.0,11.74745198378981
424,tio2,,,100.0,,pt,0.5,nanoparticle,anatase-rutile,,0.5wt%pt/tio2,,,0.0,photodeposition,,0.0,visible,xe lamp,75.0,75 w,420.0,1,0,0,0,1,0.31,4.96,0.31 g/l,16.0,3.7,0.5066,3.7 vol%,25.0,,104180 μmol g⁻¹ h⁻¹,104180.0,10.1002/ep.12998,https://doi.org/10.1002/ep.12998,the influence of process parameters on photocatalytic hydrogen production,sustainable energy,2018.0,bednarczyk and m. stelmachowski and m. gmurek,needs_review,"catalyst loading calc: 0.31 g/l × 16.0 ml = 4.96 mg; glycerol std: (3.7/100×1261)/92.09 = 0.5066 m; wavelength_cutoff_nm=420nm inferred (xe lamp, visible cutoff); doi resolved via crossref api",high,medium,high,high,medium,low,low,0.5,e01bd03584c00bd6,3.2,4.21,86.0,1.0,3.89,5.65,-2.25,139.0,2.28,5.0,11.553885050024473
423,tio2,,,100.0,,pt,0.5,nanoparticle,anatase-rutile,,0.5wt%pt/tio2,,,0.0,photodeposition,,0.0,visible,xe lamp,75.0,75 w,420.0,1,0,0,0,1,0.94,15.04,0.94 g/l,16.0,3.7,0.5066,3.7 vol%,25.0,,44492 μmol g⁻¹ h⁻¹,44492.0,10.1002/ep.12998,https://doi.org/10.1002/ep.12998,the influence of process parameters on photocatalytic hydrogen production,sustainable energy,2018.0,bednarczyk and m. stelmachowski and m. gmurek,needs_review,"catalyst loading calc: 0.94 g/l × 16.0 ml = 15.04 mg; glycerol std: (3.7/100×1261)/92.09 = 0.5066 m; wavelength_cutoff_nm=420nm inferred (xe lamp, visible cutoff); doi resolved via crossref api",high,medium,high,high,medium,low,low,0.5,27cc83d088f73717,3.2,4.21,86.0,1.0,3.89,5.65,-2.25,139.0,2.28,5.0,10.703087152410072
422,tio2,,,100.0,,pt,0.5,nanoparticle,anatase-rutile,,0.5wt%pt/tio2,,,0.0,photodeposition,,0.0,visible,xe lamp,75.0,75 w,420.0,1,0,0,0,1,1.88,30.08,1.88 g/l,16.0,3.7,0.5066,3.7 vol%,25.0,,34110 μmol g⁻¹ h⁻¹,34110.0,10.1002/ep.12998,https://doi.org/10.1002/ep.12998,the influence of process parameters on photocatalytic hydrogen production,sustainable energy,2018.0,bednarczyk and m. stelmachowski and m. gmurek,needs_review,"catalyst loading calc: 1.88 g/l × 16.0 ml = 30.08 mg; glycerol std: (3.7/100×1261)/92.09 = 0.5066 m; wavelength_cutoff_nm=420nm inferred (xe lamp, visible cutoff); doi resolved via crossref api",high,medium,high,high,medium,low,low,0.5,7c11cf430df20fa2,3.2,4.21,86.0,1.0,3.89,5.65,-2.25,139.0,2.28,5.0,10.43737519189882
421,tio2,,,100.0,,pt,0.5,nanoparticle,anatase-rutile,,0.5wt%pt/tio2,,,0.0,photodeposition,,0.0,visible,xe lamp,75.0,75 w,420.0,1,0,0,0,1,8.75,140.0,8.75 g/l,16.0,3.7,0.5066,3.7 vol%,25.0,,7044.5 μmol g⁻¹ h⁻¹,7044.5,10.1002/ep.12998,https://doi.org/10.1002/ep.12998,the influence of process parameters on photocatalytic hydrogen production,sustainable energy,2018.0,bednarczyk and m. stelmachowski and m. gmurek,needs_review,"catalyst loading calc: 8.75 g/l × 16.0 ml = 140.00 mg; glycerol std: (3.7/100×1261)/92.09 = 0.5066 m; wavelength_cutoff_nm=420nm inferred (xe lamp, visible cutoff); doi resolved via crossref api",high,medium,high,high,medium,low,low,0.5,c146b050b94c0656,3.2,4.21,86.0,1.0,3.89,5.65,-2.25,139.0,2.28,5.0,8.86014439413516
420,tio2,,,100.0,,pt,0.5,nanoparticle,anatase-rutile,,0.5wt%pt/tio2,,,0.0,photodeposition,,0.0,visible,xe lamp,75.0,75 w,420.0,1,0,0,0,1,4.38,70.08,4.38 g/l,16.0,3.7,0.5066,3.7 vol%,25.0,,21565 μmol g⁻¹ h⁻¹,21565.0,10.1002/ep.12998,https://doi.org/10.1002/ep.12998,the influence of process parameters on photocatalytic hydrogen production,sustainable energy,2018.0,bednarczyk and m. stelmachowski and m. gmurek,needs_review,"catalyst loading calc: 4.38 g/l × 16.0 ml = 70.08 mg; glycerol std: (3.7/100×1261)/92.09 = 0.5066 m; wavelength_cutoff_nm=420nm inferred (xe lamp, visible cutoff); doi resolved via crossref api",high,medium,high,high,medium,low,low,0.5,b41dc7f6dfc63121,3.2,4.21,86.0,1.0,3.89,5.65,-2.25,139.0,2.28,5.0,9.978873279442018
410,tio2,,,100.0,,pt,1.0,nanoparticle,anatase-rutile,,1wt%pt/tio2,,,0.0,photodeposition,,0.0,uv,hg lamp,60.0,60 w,,0,1,0,1,0,1.55,7.75,1.55 g/l,5.0,15.5,2.1224,15.5 vol%,25.0,,72 μmol g⁻¹ h⁻¹,72.0,10.3390/jcs7090361,https://doi.org/10.3390/jcs7090361,needs_verification,journal of composites science,2023.0,"suhag m, h. et al.",ok,catalyst loading calc: 1.55 g/l × 5.0 ml = 7.75 mg; glycerol std: (15.5/100×1261)/92.09 = 2.1224 m,high,medium,high,high,low,low,low,0.5,5873cd9487c1109b,3.2,4.21,86.0,1.0,3.89,5.65,-2.25,139.0,2.28,5.0,4.290459441148391
409,tio2,,,100.0,,pt,1.0,nanoparticle,anatase-rutile,,1wt%pt/tio2,,,0.0,photodeposition,,0.0,uv,hg lamp,60.0,60 w,,0,1,0,1,0,1.55,7.75,1.55 g/l,5.0,1.0,0.1369,1 vol%,25.0,,47 μmol g⁻¹ h⁻¹,47.0,10.1002/aic.16724,https://doi.org/10.1002/aic.16724,an intrinsic kinetic model for liquid‐phase photocatalytic hydrogen production,international journal of hydrogen energy,2019.0,estahbanati et al.,needs_review,catalyst loading calc: 1.55 g/l × 5.0 ml = 7.75 mg; glycerol std: (1.0/100×1261)/92.09 = 0.1369 m; doi resolved via crossref api,high,medium,high,high,low,low,low,0.5,cd6427775291423d,3.2,4.21,86.0,1.0,3.89,5.65,-2.25,139.0,2.28,5.0,3.871201010907891
408,tio2,,,100.0,,pt,1.0,nanoparticle,anatase-rutile,,1wt%pt/tio2,,,0.0,photodeposition,,0.0,uv,hg lamp,60.0,60 w,,0,1,0,1,0,1.55,7.75,1.55 g/l,5.0,30.0,4.1079,30 vol%,25.0,,65 μmol g⁻¹ h⁻¹,65.0,10.1002/cssc.201400028,https://doi.org/10.1002/cssc.201400028,photocatalytic hydrogen evolution from glycerol and water over nickel-hybrid cadmium sulfide quantum dots under visible-light irradiation,chemsuschem,2014.0,wang et al.,needs_review,catalyst loading calc: 1.55 g/l × 5.0 ml = 7.75 mg; glycerol std: (30.0/100×1261)/92.09 = 4.1079 m; doi resolved via crossref api,high,medium,high,high,low,low,low,0.5,8831e7db4770a661,3.2,4.21,86.0,1.0,3.89,5.65,-2.25,139.0,2.28,5.0,4.189654742026425
76,tio2,,,100.0,,au,0.5,nanorod,anatase,,0.5wt%au/tio2,hydrothermal,700.0,0.17,precipitation,,0.0,uv,,100.0,100 w,365.0,0,0,0,1,0,0.33,6.6,0.33 g/l,20.0,10.0,1.3693,10 vol%,,6.0,26200 μmol g⁻¹ h⁻¹,26200.0,10.1016/j.apcata.2018.08.004,https://doi.org/10.1016/j.apcata.2018.08.004,highly reactive anatase nanorod photocatalysts synthesized by calcination of hydrogen titanate nanotubes: effect of calcination conditions on photocatalytic performance for aqueous dye degradation and h2 production in alcohol-water mixtures,applied catalysis a: general,2018.0,chen et al.,needs_review,catalyst loading calc: 0.33 g/l × 20.0 ml = 6.60 mg; glycerol std: (10.0/100×1261)/92.09 = 1.3693 m; doi resolved via crossref api,high,medium,high,low,medium,high,low,0.5,78f5affaf8a9b589,3.2,4.21,86.0,1.0,3.89,5.1,-3.56,144.0,2.54,5.0,10.173552856959743
75,tio2,,,100.0,,au,0.5,nanorod,anatase,,0.5wt%au/tio2,hydrothermal,600.0,2.0,precipitation,,0.0,uv,,100.0,100 w,365.0,0,0,0,1,0,0.33,6.6,0.33 g/l,20.0,10.0,1.3693,10 vol%,,6.0,27200 μmol g⁻¹ h⁻¹,27200.0,10.1016/j.apcata.2018.08.004,https://doi.org/10.1016/j.apcata.2018.08.004,highly reactive anatase nanorod photocatalysts synthesized by calcination of hydrogen titanate nanotubes: effect of calcination conditions on photocatalytic performance for aqueous dye degradation and h2 production in alcohol-water mixtures,applied catalysis a: general,2018.0,chen et al.,needs_review,catalyst loading calc: 0.33 g/l × 20.0 ml = 6.60 mg; glycerol std: (10.0/100×1261)/92.09 = 1.3693 m; doi resolved via crossref api,high,medium,high,low,medium,high,low,0.5,73f2b73a04ea753f,3.2,4.21,86.0,1.0,3.89,5.1,-3.56,144.0,2.54,5.0,10.211009016314167
74,tio2,,,100.0,,au,0.5,nanorod,anatase,,0.5wt%au/tio2,hydrothermal,600.0,0.33,precipitation,,0.0,uv,,100.0,100 w,365.0,0,0,0,1,0,0.33,6.6,0.33 g/l,20.0,10.0,1.3693,10 vol%,,6.0,27700 μmol g⁻¹ h⁻¹,27700.0,10.1016/j.apcata.2018.08.004,https://doi.org/10.1016/j.apcata.2018.08.004,highly reactive anatase nanorod photocatalysts synthesized by calcination of hydrogen titanate nanotubes: effect of calcination conditions on photocatalytic performance for aqueous dye degradation and h2 production in alcohol-water mixtures,applied catalysis a: general,2018.0,chen et al.,needs_review,catalyst loading calc: 0.33 g/l × 20.0 ml = 6.60 mg; glycerol std: (10.0/100×1261)/92.09 = 1.3693 m; doi resolved via crossref api,high,medium,high,low,medium,high,low,0.5,b8e4fc1f4e1f87a7,3.2,4.21,86.0,1.0,3.89,5.1,-3.56,144.0,2.54,5.0,10.229223792606835
73,tio2,,,100.0,,au,0.5,nanorod,anatase,,0.5wt%au/tio2,hydrothermal,500.0,2.0,precipitation,,0.0,uv,,100.0,100 w,365.0,0,0,0,1,0,0.33,6.6,0.33 g/l,20.0,10.0,1.3693,10 vol%,,6.0,26300 μmol g⁻¹ h⁻¹,26300.0,10.1016/j.apcata.2018.08.004,https://doi.org/10.1016/j.apcata.2018.08.004,highly reactive anatase nanorod photocatalysts synthesized by calcination of hydrogen titanate nanotubes: effect of calcination conditions on photocatalytic performance for aqueous dye degradation and h2 production in alcohol-water mixtures,applied catalysis a: general,2018.0,chen et al.,needs_review,catalyst loading calc: 0.33 g/l × 20.0 ml = 6.60 mg; glycerol std: (10.0/100×1261)/92.09 = 1.3693 m; doi resolved via crossref api,high,medium,high,low,medium,high,low,0.5,cb00d9ab1bbf0e9e,3.2,4.21,86.0,1.0,3.89,5.1,-3.56,144.0,2.54,5.0,10.177362240256695
72,tio2,,,100.0,,au,0.5,nanoparticle,anatase-rutile,,0.5wt%au/tio2,,,0.0,sol-gel,400.0,2.0,visible,xe lamp,75.0,75 w,420.0,1,0,0,0,1,4.38,70.08,4.38 g/l,16.0,3.7,0.5066,3.7 vol%,25.0,,11081 μmol g⁻¹ h⁻¹,11081.0,10.1002/ep.12998,https://doi.org/10.1002/ep.12998,the influence of process parameters on photocatalytic hydrogen production,sustainable energy,2018.0,bednarczyk and m. stelmachowski and m. gmurek,needs_review,"catalyst loading calc: 4.38 g/l × 16.0 ml = 70.08 mg; glycerol std: (3.7/100×1261)/92.09 = 0.5066 m; wavelength_cutoff_nm=420nm inferred (xe lamp, visible cutoff); doi resolved via crossref api",high,medium,high,high,medium,low,low,0.5,592d9d30e2ff4fda,3.2,4.21,86.0,1.0,3.89,5.1,-3.56,144.0,2.54,5.0,9.313077449427295
71,tio2,,,100.0,,au,0.1,nanoparticle,anatase-rutile,,0.1wt%au/tio2,,,0.0,sol-gel,400.0,2.0,visible,xe lamp,75.0,75 w,420.0,1,0,0,0,1,4.38,70.08,4.38 g/l,16.0,3.7,0.5066,3.7 vol%,25.0,,12635 μmol g⁻¹ h⁻¹,12635.0,10.1002/ep.12998,https://doi.org/10.1002/ep.12998,the influence of process parameters on photocatalytic hydrogen production,sustainable energy,2018.0,bednarczyk and m. stelmachowski and m. gmurek,needs_review,"catalyst loading calc: 4.38 g/l × 16.0 ml = 70.08 mg; glycerol std: (3.7/100×1261)/92.09 = 0.5066 m; wavelength_cutoff_nm=420nm inferred (xe lamp, visible cutoff); doi resolved via crossref api",high,medium,high,high,medium,low,low,0.5,17aab0c110d8c558,3.2,4.21,86.0,1.0,3.89,5.1,-3.56,144.0,2.54,5.0,9.444305161921976
102,tio2,,,100.0,,au,2.0,nanoparticle,anatase-rutile,,2wt%au/tio2,,,0.0,precipitation,400.0,4.0,visible,xe lamp,300.0,300 w,420.0,1,0,0,0,1,0.5,1.0,0.5 g/l,2.0,10.0,1.3693,10 vol%,25.0,,14965 μmol g⁻¹ h⁻¹,14965.0,10.1016/j,https://doi.org/10.1016/j,needs_verification,energy conversion and management,2023.0,"zhang, j. et al.",ok,"catalyst loading calc: 0.5 g/l × 2.0 ml = 1.00 mg; glycerol std: (10.0/100×1261)/92.09 = 1.3693 m; wavelength_cutoff_nm=420nm inferred (xe lamp, visible cutoff)",high,medium,high,high,medium,low,low,0.5,ef30567343fe918b,3.2,4.21,86.0,1.0,3.89,5.1,-3.56,144.0,2.54,5.0,9.613536240640304
101,tio2,,,100.0,,au,2.0,nanoparticle,anatase-rutile,,2wt%au/tio2,,,0.0,precipitation,400.0,4.0,visible,xe lamp,300.0,300 w,420.0,1,0,0,0,1,0.5,1.0,0.5 g/l,2.0,10.0,1.3693,10 vol%,41.0,,19353 μmol g⁻¹ h⁻¹,19353.0,10.1016/j,https://doi.org/10.1016/j,needs_verification,energy conversion and management,2023.0,"zhang, j. et al.",ok,"catalyst loading calc: 0.5 g/l × 2.0 ml = 1.00 mg; glycerol std: (10.0/100×1261)/92.09 = 1.3693 m; wavelength_cutoff_nm=420nm inferred (xe lamp, visible cutoff)",high,medium,high,high,medium,low,low,0.5,418ccad4161ed6ea,3.2,4.21,86.0,1.0,3.89,5.1,-3.56,144.0,2.54,5.0,9.870654395440887
87,tio2,,,100.0,,au,1.0,nanoparticle,rutile,3.15,1wt%au/tio2,,,0.0,photodeposition,,0.0,visible,,300.0,300 w,,0,0,0,0,1,1.0,50.0,1 g/l,50.0,0.1,0.0137,0.1 vol%,35.0,,0.38 μmol g⁻¹ h⁻¹,0.38,10.3390/j5010006,https://doi.org/10.3390/j5010006,needs_verification,,2022.0,"balsamo s, a. et al.",ok,catalyst loading calc: 1.0 g/l × 50.0 ml = 50.00 mg; glycerol std: (0.1/100×1261)/92.09 = 0.0137 m,high,medium,high,low,low,low,high,0.5,7b4a82d2d1ed86cd,3.2,4.21,86.0,1.0,3.89,5.1,-3.56,144.0,2.54,5.0,0.3220834991691133
788,pbtio3,,,100.0,,,,nanosheets,,2.68,pbtio3,,,0.0,sol-gel,450.0,4.0,visible,xe lamp,500.0,500 w,420.0,1,0,0,0,1,2.5,500.0,2.5 g/l,200.0,10.0,1.3693,10 vol%,25.0,,42 μmol g⁻¹ h⁻¹,42.0,10.1016/j.ceramint.2020.06.271,https://doi.org/10.1016/j.ceramint.2020.06.271,bi2o3/g-c3n4 nanocomposites as proficient photocatalysts for hydrogen generation from aqueous glycerol solutions beneath visible light,ceramics international,2020.0,alhaddad et al.,needs_review,catalyst loading calc: 2.5 g/l × 200.0 ml = 500.00 mg; glycerol std: (10.0/100×1261)/92.09 = 1.3693 m; co_catalyst set to 'none': bare semiconductor; doi resolved via crossref api,high,medium,high,high,medium,low,high,0.5,53ebf972dcc35a54,3.4,3.5,150.0,7.0,7.99,0.0,0.0,0.0,0.0,0.0,3.7612001156935624
783,zno,zns,,76.0,,,,nanocomposite,,3.26,zno/zns,water bath,,0.0,water bath,,0.0,uv,hg lamp,125.0,125 w,,0,1,0,1,0,6.0,60.0,6 g/l,10.0,5.0,0.6847,5 vol%,80.0,,661.06 μmol g⁻¹ h⁻¹,661.06,10.1007/s11051-020-04989-2,https://doi.org/10.1007/s11051-020-04989-2,one-step sol-gel synthesis of pbtio3 nanosheets and photocatalytic enhancement through decoration by platinum,journal of nanoparticle research,2020.0,kadi and m. w. and r. m. mohamed,needs_review,catalyst loading calc: 6.0 g/l × 10.0 ml = 60.00 mg; glycerol std: (5.0/100×1261)/92.09 = 0.6847 m; co_catalyst set to 'none': bare semiconductor; doi resolved via crossref api,high,medium,high,high,low,low,high,0.5,fd9b038ddbd47883,3.37,4.35,8.5,3.0,5.61,0.0,0.0,0.0,0.0,0.0,6.495356186271043
782,zno,zns,,76.0,,,,nanocomposite,,3.26,zno/zns,water bath,,0.0,water bath,,0.0,uv,hg lamp,125.0,125 w,,0,1,0,1,0,6.0,60.0,6 g/l,10.0,5.0,0.6847,5 vol%,60.0,,489.82 μmol g⁻¹ h⁻¹,489.82,10.1007/s11051-020-04989-2,https://doi.org/10.1007/s11051-020-04989-2,one-step sol-gel synthesis of pbtio3 nanosheets and photocatalytic enhancement through decoration by platinum,journal of nanoparticle research,2020.0,kadi and m. w. and r. m. mohamed,needs_review,catalyst loading calc: 6.0 g/l × 10.0 ml = 60.00 mg; glycerol std: (5.0/100×1261)/92.09 = 0.6847 m; co_catalyst set to 'none': bare semiconductor; doi resolved via crossref api,high,medium,high,high,low,low,high,0.5,1797fa69f35e922a,3.37,4.35,8.5,3.0,5.61,0.0,0.0,0.0,0.0,0.0,6.196077461802757
781,zno,zns,,76.0,,,,nanocomposite,,3.26,zno/zns,water bath,,0.0,water bath,,0.0,uv,hg lamp,125.0,125 w,,0,1,0,1,0,6.0,60.0,6 g/l,10.0,5.0,0.6847,5 vol%,40.0,,151.33 μmol g⁻¹ h⁻¹,151.33,10.1007/s11051-020-04989-2,https://doi.org/10.1007/s11051-020-04989-2,one-step sol-gel synthesis of pbtio3 nanosheets and photocatalytic enhancement through decoration by platinum,journal of nanoparticle research,2020.0,kadi and m. w. and r. m. mohamed,needs_review,catalyst loading calc: 6.0 g/l × 10.0 ml = 60.00 mg; glycerol std: (5.0/100×1261)/92.09 = 0.6847 m; co_catalyst set to 'none': bare semiconductor; doi resolved via crossref api,high,medium,high,high,low,low,high,0.5,9b2eb7272dd04292,3.37,4.35,8.5,3.0,5.61,0.0,0.0,0.0,0.0,0.0,5.02604922014861
403,tio2,,,100.0,,pt,1.0,nanoparticle,anatase-rutile,,1wt%pt/tio2,,,0.0,photodeposition,,0.0,uv,hg lamp,60.0,60 w,,0,1,0,1,0,3.0,15.0,3 g/l,5.0,15.5,2.1224,15.5 vol%,25.0,,102 μmol g⁻¹ h⁻¹,102.0,10.1002/aic.16724,https://doi.org/10.1002/aic.16724,an intrinsic kinetic model for liquid‐phase photocatalytic hydrogen production,international journal of hydrogen energy,2019.0,estahbanati et al.,needs_review,catalyst loading calc: 3.0 g/l × 5.0 ml = 15.00 mg; glycerol std: (15.5/100×1261)/92.09 = 2.1224 m; doi resolved via crossref api,high,medium,high,high,low,low,low,0.5,eb5e1af29d29772f,3.2,4.21,86.0,1.0,3.89,5.65,-2.25,139.0,2.28,5.0,4.634728988229636
402,tio2,,,100.0,,pt,1.0,nanoparticle,anatase-rutile,,1wt%pt/tio2,,,0.0,photodeposition,,0.0,uv,hg lamp,60.0,60 w,,0,1,0,1,0,0.1,0.5,0.1 g/l,5.0,15.5,2.1224,15.5 vol%,25.0,,21 μmol g⁻¹ h⁻¹,21.0,10.1002/aic.16724,https://doi.org/10.1002/aic.16724,an intrinsic kinetic model for liquid‐phase photocatalytic hydrogen production,international journal of hydrogen energy,2019.0,estahbanati et al.,needs_review,catalyst loading calc: 0.1 g/l × 5.0 ml = 0.50 mg; glycerol std: (15.5/100×1261)/92.09 = 2.1224 m; doi resolved via crossref api,high,medium,high,high,low,low,low,0.5,aaf20b40c6605003,3.2,4.21,86.0,1.0,3.89,5.65,-2.25,139.0,2.28,5.0,3.091042453358316
401,tio2,,,100.0,,pt,1.0,nanoparticle,anatase-rutile,,1wt%pt/tio2,,,0.0,photodeposition,,0.0,uv,hg lamp,60.0,60 w,,0,1,0,1,0,1.55,7.75,1.55 g/l,5.0,1.0,0.1369,1 vol%,25.0,,52 μmol g⁻¹ h⁻¹,52.0,10.1002/aic.16724,https://doi.org/10.1002/aic.16724,an intrinsic kinetic model for liquid‐phase photocatalytic hydrogen production,international journal of hydrogen energy,2019.0,estahbanati et al.,needs_review,catalyst loading calc: 1.55 g/l × 5.0 ml = 7.75 mg; glycerol std: (1.0/100×1261)/92.09 = 0.1369 m; doi resolved via crossref api,high,medium,high,high,low,low,low,0.5,0c9a51437ebeebce,3.2,4.21,86.0,1.0,3.89,5.65,-2.25,139.0,2.28,5.0,3.970291913552122
428,tio2,fe2o3,,99.5,,pt,0.5,nanocomposite,anatase,2.59,0.5wt%pt/tio2/fe2o3,sol-gel,,0.0,impregnation,,0.0,visible,xe lamp,500.0,500 w,420.0,1,0,0,0,1,0.5,100.0,0.5 g/l,200.0,10.0,1.3693,10 vol%,25.0,,121.98 μmol g⁻¹ h⁻¹,121.98,10.1016/j.ijhydene.2017.04.239,https://doi.org/10.1016/j.ijhydene.2017.04.239,photocatalytic h2 production from glycerol–water mixtures over ni/γ-al2o3 and tio2 composite systems,international journal of hydrogen energy,2017.0,gullapelli and s. m. s. scurrell and d. k. valluri,needs_review,catalyst loading calc: 0.5 g/l × 200.0 ml = 100.00 mg; glycerol std: (10.0/100×1261)/92.09 = 1.3693 m; doi resolved via crossref api,high,medium,high,high,medium,low,high,0.5,c90660c540a9ab36,3.2,4.21,86.0,1.0,3.89,5.65,-2.25,139.0,2.28,5.0,4.812021740525323
427,tio2,fe2o3,,99.9,,pt,0.5,nanocomposite,anatase,2.97,0.5wt%pt/tio2/fe2o3,sol-gel,,0.0,impregnation,,0.0,visible,xe lamp,500.0,500 w,420.0,1,0,0,0,1,0.5,100.0,0.5 g/l,200.0,10.0,1.3693,10 vol%,25.0,,39.67 μmol g⁻¹ h⁻¹,39.67,10.1016/j.ijhydene.2017.04.239,https://doi.org/10.1016/j.ijhydene.2017.04.239,photocatalytic h2 production from glycerol–water mixtures over ni/γ-al2o3 and tio2 composite systems,international journal of hydrogen energy,2017.0,gullapelli and s. m. s. scurrell and d. k. valluri,needs_review,catalyst loading calc: 0.5 g/l × 200.0 ml = 100.00 mg; glycerol std: (10.0/100×1261)/92.09 = 1.3693 m; doi resolved via crossref api,high,medium,high,high,medium,low,high,0.5,551c5c809e199fd8,3.2,4.21,86.0,1.0,3.89,5.65,-2.25,139.0,2.28,5.0,3.7054907199191334
419,tio2,,,100.0,,pt,0.1,nanoparticle,anatase-rutile,,0.1wt%pt/tio2,,,0.0,photodeposition,,0.0,visible,xe lamp,75.0,75 w,420.0,1,0,0,0,1,4.38,70.08,4.38 g/l,16.0,3.7,0.5066,3.7 vol%,25.0,,13810 μmol g⁻¹ h⁻¹,13810.0,10.1002/ep.12998,https://doi.org/10.1002/ep.12998,the influence of process parameters on photocatalytic hydrogen production,sustainable energy,2018.0,bednarczyk and m. stelmachowski and m. gmurek,needs_review,"catalyst loading calc: 4.38 g/l × 16.0 ml = 70.08 mg; glycerol std: (3.7/100×1261)/92.09 = 0.5066 m; wavelength_cutoff_nm=420nm inferred (xe lamp, visible cutoff); doi resolved via crossref api",high,medium,high,high,medium,low,low,0.5,46c358ab83124a57,3.2,4.21,86.0,1.0,3.89,5.65,-2.25,139.0,2.28,5.0,9.533220655077928
418,tio2,,,100.0,,pt,0.5,nanoparticle,anatase-rutile,,0.5wt%pt/tio2,,,0.0,sol-gel,400.0,2.0,visible,xe lamp,75.0,75 w,420.0,1,0,0,0,1,4.38,70.08,4.38 g/l,16.0,3.7,0.5066,3.7 vol%,25.0,,13855 μmol g⁻¹ h⁻¹,13855.0,10.1002/ep.12998,https://doi.org/10.1002/ep.12998,the influence of process parameters on photocatalytic hydrogen production,sustainable energy,2018.0,bednarczyk and m. stelmachowski and m. gmurek,needs_review,"catalyst loading calc: 4.38 g/l × 16.0 ml = 70.08 mg; glycerol std: (3.7/100×1261)/92.09 = 0.5066 m; wavelength_cutoff_nm=420nm inferred (xe lamp, visible cutoff); doi resolved via crossref api",high,medium,high,high,medium,low,low,0.5,47d79c3a9014ee50,3.2,4.21,86.0,1.0,3.89,5.65,-2.25,139.0,2.28,5.0,9.536473630802217
417,tio2,,,100.0,,pt,0.1,nanoparticle,anatase-rutile,,0.1wt%pt/tio2,,,0.0,sol-gel,400.0,2.0,visible,xe lamp,75.0,75 w,420.0,1,0,0,0,1,4.38,70.08,4.38 g/l,16.0,3.7,0.5066,3.7 vol%,25.0,,19016 μmol g⁻¹ h⁻¹,19016.0,10.1002/ep.12998,https://doi.org/10.1002/ep.12998,the influence of process parameters on photocatalytic hydrogen production,sustainable energy,2018.0,bednarczyk and m. stelmachowski and m. gmurek,needs_review,"catalyst loading calc: 4.38 g/l × 16.0 ml = 70.08 mg; glycerol std: (3.7/100×1261)/92.09 = 0.5066 m; wavelength_cutoff_nm=420nm inferred (xe lamp, visible cutoff); doi resolved via crossref api",high,medium,high,high,medium,low,low,0.5,7882e209a1a4a3ef,3.2,4.21,86.0,1.0,3.89,5.65,-2.25,139.0,2.28,5.0,9.853088594952276
416,tio2,,,100.0,,pt,1.0,nanoparticle,anatase-rutile,3.18,1wt%pt/tio2,,,0.0,precipitation,500.0,2.0,uv,,200.0,200 w,365.0,0,0,0,1,0,0.3,6.0,0.3 g/l,20.0,10.0,1.3693,10 vol%,25.0,,27100 μmol g⁻¹ h⁻¹,27100.0,10.1016/j.jcat.2015.06.005,https://doi.org/10.1016/j.jcat.2015.06.005,"the roles of metal co-catalysts and reaction media in photocatalytic hydrogen production: performance evaluation of m/tio2 photocatalysts (m = pd, pt, au) in different alcohol–water mixtures",journal of catalysis,2015.0,"al-, a. et al.",needs_review,catalyst loading calc: 0.3 g/l × 20.0 ml = 6.00 mg; glycerol std: (10.0/100×1261)/92.09 = 1.3693 m; doi resolved via crossref api,high,medium,high,low,medium,low,high,0.5,0ea0bea3b05c7d8d,3.2,4.21,86.0,1.0,3.89,5.65,-2.25,139.0,2.28,5.0,10.207325906555994
442,tio2,,,100.0,,pt,1.0,nanoparticle,anatase,,1wt%pt/tio2,,,0.0,hydrothermal,400.0,2.0,uv,hg lamp,20.0,20 w,,0,1,0,1,0,1.0,5.0,1 g/l,5.0,10.0,1.3693,10 vol%,25.0,,1145 μmol g⁻¹ h⁻¹,1145.0,10.1016/j.ijhydene.2018.12.095,https://doi.org/10.1016/j.ijhydene.2018.12.095,la-modified tio2/carbon nanotubes assembly nanocomposite for efficient photocatalytic hydrogen evolution from glycerol-water mixture,international journal of hydrogen energy,2019.0,tahir,needs_review,catalyst loading calc: 1.0 g/l × 5.0 ml = 5.00 mg; glycerol std: (10.0/100×1261)/92.09 = 1.3693 m; doi resolved via crossref api,high,medium,high,high,low,low,low,0.5,1c7b5f7cdd5f8327,3.2,4.21,86.0,1.0,3.89,5.65,-2.25,139.0,2.28,5.0,7.044032897274685
441,tio2,cs,,95.0,,pt,1.0,nanosphere,rutile,,1wt%pt/tio2/cs,,,0.0,hydrothermal,800.0,2.0,uv,hg lamp,20.0,20 w,,0,1,0,1,0,1.0,5.0,1 g/l,5.0,10.0,1.3693,10 vol%,25.0,,965 μmol g⁻¹ h⁻¹,965.0,10.1016/j.ijhydene.2018.12.095,https://doi.org/10.1016/j.ijhydene.2018.12.095,la-modified tio2/carbon nanotubes assembly nanocomposite for efficient photocatalytic hydrogen evolution from glycerol-water mixture,international journal of hydrogen energy,2019.0,tahir,needs_review,catalyst loading calc: 1.0 g/l × 5.0 ml = 5.00 mg; glycerol std: (10.0/100×1261)/92.09 = 1.3693 m; doi resolved via crossref api,high,medium,high,high,low,low,low,0.5,f51e165198175a21,3.2,4.21,86.0,1.0,3.89,5.65,-2.25,139.0,2.28,5.0,6.873163834212518
440,tio2,cs,,95.0,,pt,1.0,nanosphere,anatase,,1wt%pt/tio2/cs,,,0.0,hydrothermal,600.0,2.0,uv,hg lamp,20.0,20 w,,0,1,0,1,0,1.0,5.0,1 g/l,5.0,10.0,1.3693,10 vol%,25.0,,1210 μmol g⁻¹ h⁻¹,1210.0,10.1016/j.ijhydene.2018.12.095,https://doi.org/10.1016/j.ijhydene.2018.12.095,la-modified tio2/carbon nanotubes assembly nanocomposite for efficient photocatalytic hydrogen evolution from glycerol-water mixture,international journal of hydrogen energy,2019.0,tahir,needs_review,catalyst loading calc: 1.0 g/l × 5.0 ml = 5.00 mg; glycerol std: (10.0/100×1261)/92.09 = 1.3693 m; doi resolved via crossref api,high,medium,high,high,low,low,low,0.5,217879339a646fc9,3.2,4.21,86.0,1.0,3.89,5.65,-2.25,139.0,2.28,5.0,7.099201743553092
439,tio2,cs,,95.0,,pt,1.0,nanosphere,anatase,,1wt%pt/tio2/cs,,,0.0,hydrothermal,500.0,2.0,uv,hg lamp,20.0,20 w,,0,1,0,1,0,1.0,5.0,1 g/l,5.0,10.0,1.3693,10 vol%,25.0,,3000 μmol g⁻¹ h⁻¹,3000.0,10.1016/j.ijhydene.2018.12.095,https://doi.org/10.1016/j.ijhydene.2018.12.095,la-modified tio2/carbon nanotubes assembly nanocomposite for efficient photocatalytic hydrogen evolution from glycerol-water mixture,international journal of hydrogen energy,2019.0,tahir,needs_review,catalyst loading calc: 1.0 g/l × 5.0 ml = 5.00 mg; glycerol std: (10.0/100×1261)/92.09 = 1.3693 m; doi resolved via crossref api,high,medium,high,high,low,low,low,0.5,04177cf8eab5b325,3.2,4.21,86.0,1.0,3.89,5.65,-2.25,139.0,2.28,5.0,8.006700845440367
438,tio2,cs,,95.0,,pt,1.0,nanosphere,anatase,,1wt%pt/tio2/cs,,,0.0,hydrothermal,400.0,2.0,uv,hg lamp,20.0,20 w,,0,1,0,1,0,1.0,5.0,1 g/l,5.0,10.0,1.3693,10 vol%,25.0,,3210 μmol g⁻¹ h⁻¹,3210.0,10.1016/j.ijhydene.2018.12.095,https://doi.org/10.1016/j.ijhydene.2018.12.095,la-modified tio2/carbon nanotubes assembly nanocomposite for efficient photocatalytic hydrogen evolution from glycerol-water mixture,international journal of hydrogen energy,2019.0,tahir,needs_review,catalyst loading calc: 1.0 g/l × 5.0 ml = 5.00 mg; glycerol std: (10.0/100×1261)/92.09 = 1.3693 m; doi resolved via crossref api,high,medium,high,high,low,low,low,0.5,d060bb066dcdb79d,3.2,4.21,86.0,1.0,3.89,5.65,-2.25,139.0,2.28,5.0,8.074337694089515
437,tio2,cs,,95.0,,pt,1.0,nanosphere,anatase,,1wt%pt/tio2/cs,,,0.0,hydrothermal,300.0,2.0,uv,hg lamp,20.0,20 w,,0,1,0,1,0,1.0,5.0,1 g/l,5.0,10.0,1.3693,10 vol%,25.0,,795 μmol g⁻¹ h⁻¹,795.0,10.1016/j.ijhydene.2018.12.095,https://doi.org/10.1016/j.ijhydene.2018.12.095,la-modified tio2/carbon nanotubes assembly nanocomposite for efficient photocatalytic hydrogen evolution from glycerol-water mixture,international journal of hydrogen energy,2019.0,tahir,needs_review,catalyst loading calc: 1.0 g/l × 5.0 ml = 5.00 mg; glycerol std: (10.0/100×1261)/92.09 = 1.3693 m; doi resolved via crossref api,high,medium,high,high,low,low,low,0.5,5856752f68c48299,3.2,4.21,86.0,1.0,3.89,5.65,-2.25,139.0,2.28,5.0,6.679599185844383
436,tio2,cnt,,80.0,,pt,1.0,nanotube,anatase-rutile,,1wt%pt/tio2/cnt,,,0.0,hydrothermal,800.0,2.0,uv,hg lamp,20.0,20 w,,0,1,0,1,0,1.0,5.0,1 g/l,5.0,10.0,1.3693,10 vol%,25.0,,45 μmol g⁻¹ h⁻¹,45.0,10.1016/j.ijhydene.2018.12.095,https://doi.org/10.1016/j.ijhydene.2018.12.095,la-modified tio2/carbon nanotubes assembly nanocomposite for efficient photocatalytic hydrogen evolution from glycerol-water mixture,international journal of hydrogen energy,2019.0,tahir,needs_review,catalyst loading calc: 1.0 g/l × 5.0 ml = 5.00 mg; glycerol std: (10.0/100×1261)/92.09 = 1.3693 m; doi resolved via crossref api,high,medium,high,high,low,low,low,0.5,8e525e136b06b75a,3.2,4.21,86.0,1.0,3.89,5.65,-2.25,139.0,2.28,5.0,3.828641396489095
79,tio2,,,100.0,,au,0.75,nanoparticle,anatase-rutile,,0.75wt%au/tio2,,550.0,2.0,precipitation,,0.0,uv,,100.0,100 w,365.0,0,0,0,1,0,0.33,6.6,0.33 g/l,20.0,10.0,1.3693,10 vol%,25.0,,27927 μmol g⁻¹ h⁻¹,27927.0,10.1016/j.apcata.2018.08.004,https://doi.org/10.1016/j.apcata.2018.08.004,highly reactive anatase nanorod photocatalysts synthesized by calcination of hydrogen titanate nanotubes: effect of calcination conditions on photocatalytic performance for aqueous dye degradation and h2 production in alcohol-water mixtures,applied catalysis a: general,2018.0,chen et al.,needs_review,catalyst loading calc: 0.33 g/l × 20.0 ml = 6.60 mg; glycerol std: (10.0/100×1261)/92.09 = 1.3693 m; doi resolved via crossref api,high,medium,high,low,medium,low,low,0.5,5acd6879aa4742be,3.2,4.21,86.0,1.0,3.89,5.1,-3.56,144.0,2.54,5.0,10.237385048784873
78,tio2,,,100.0,,au,0.5,nanoparticle,anatase-rutile,,0.5wt%au/tio2,,550.0,2.0,precipitation,,0.0,uv,,100.0,100 w,365.0,0,0,0,1,0,0.33,6.6,0.33 g/l,20.0,10.0,1.3693,10 vol%,25.0,,22366 μmol g⁻¹ h⁻¹,22366.0,10.1016/j.apcata.2018.08.004,https://doi.org/10.1016/j.apcata.2018.08.004,highly reactive anatase nanorod photocatalysts synthesized by calcination of hydrogen titanate nanotubes: effect of calcination conditions on photocatalytic performance for aqueous dye degradation and h2 production in alcohol-water mixtures,applied catalysis a: general,2018.0,chen et al.,needs_review,catalyst loading calc: 0.33 g/l × 20.0 ml = 6.60 mg; glycerol std: (10.0/100×1261)/92.09 = 1.3693 m; doi resolved via crossref api,high,medium,high,low,medium,low,low,0.5,b67e86da0f3c0301,3.2,4.21,86.0,1.0,3.89,5.1,-3.56,144.0,2.54,5.0,10.01534193731027
77,tio2,,,100.0,,au,0.25,nanoparticle,anatase-rutile,,0.25wt%au/tio2,,550.0,2.0,precipitation,,0.0,uv,,100.0,100 w,365.0,0,0,0,1,0,0.33,6.6,0.33 g/l,20.0,10.0,1.3693,10 vol%,25.0,,13146 μmol g⁻¹ h⁻¹,13146.0,10.1016/j.apcata.2018.08.004,https://doi.org/10.1016/j.apcata.2018.08.004,highly reactive anatase nanorod photocatalysts synthesized by calcination of hydrogen titanate nanotubes: effect of calcination conditions on photocatalytic performance for aqueous dye degradation and h2 production in alcohol-water mixtures,applied catalysis a: general,2018.0,chen et al.,needs_review,catalyst loading calc: 0.33 g/l × 20.0 ml = 6.60 mg; glycerol std: (10.0/100×1261)/92.09 = 1.3693 m; doi resolved via crossref api,high,medium,high,low,medium,low,low,0.5,25a7430256042aee,3.2,4.21,86.0,1.0,3.89,5.1,-3.56,144.0,2.54,5.0,9.483948874696605
813,g-c3n4,cus,,90.0,,,,nanocomposite,,1.72,g-c3n4/cus,grinding,520.0,2.0,sol-gel,,0.0,visible,xe lamp,500.0,500 w,420.0,1,0,0,0,1,0.25,50.0,0.25 g/l,200.0,10.0,1.3693,10 vol%,25.0,,1016.6 μmol g⁻¹ h⁻¹,1016.6,10.1016/j.ceramint.2020.06.271,https://doi.org/10.1016/j.ceramint.2020.06.271,bi2o3/g-c3n4 nanocomposites as proficient photocatalysts for hydrogen generation from aqueous glycerol solutions beneath visible light,ceramics international,2020.0,alhaddad et al.,needs_review,catalyst loading calc: 0.25 g/l × 200.0 ml = 50.00 mg; glycerol std: (10.0/100×1261)/92.09 = 1.3693 m; co_catalyst set to 'none': bare semiconductor; doi resolved via crossref api,high,medium,high,high,medium,low,high,0.5,61b5bb2398ab2ea3,2.7,4.3,3.0,6.0,1.6,0.0,0.0,0.0,0.0,0.0,6.925202192585858
807,la0.2na0.98tao3,,,100.0,,,,nanoparticle,,4.22,la0.2na0.98tao3,,,0.0,sol-gel,450.0,4.0,uv,xe lamp,500.0,500 w,,1,0,0,1,0,0.25,50.0,0.25 g/l,200.0,10.0,1.3693,10 vol%,25.0,,0.14 μmol g⁻¹ h⁻¹,0.14,10.1016/j.ijhydene.2017.04.239,https://doi.org/10.1016/j.ijhydene.2017.04.239,photocatalytic h2 production from glycerol–water mixtures over ni/γ-al2o3 and tio2 composite systems,international journal of hydrogen energy,2017.0,gullapelli and s. m. s. scurrell and d. k. valluri,needs_review,catalyst loading calc: 0.25 g/l × 200.0 ml = 50.00 mg; glycerol std: (10.0/100×1261)/92.09 = 1.3693 m; co_catalyst set to 'none': bare semiconductor; doi resolved via crossref api,high,medium,high,high,low,low,high,0.5,d2e20c4a86f41f29,4.0,3.5,45.0,7.0,7.8,0.0,0.0,0.0,0.0,0.0,0.13102826240640408
86,tio2,,,100.0,,au,1.0,nanoparticle,brookite,3.18,1wt%au/tio2,,,0.0,photodeposition,,0.0,visible,,300.0,300 w,,0,0,0,0,1,1.0,50.0,1 g/l,50.0,0.1,0.0137,0.1 vol%,35.0,,2.01 μmol g⁻¹ h⁻¹,2.01,10.3390/j5010006,https://doi.org/10.3390/j5010006,needs_verification,,2022.0,"balsamo s, a. et al.",ok,catalyst loading calc: 1.0 g/l × 50.0 ml = 50.00 mg; glycerol std: (0.1/100×1261)/92.09 = 0.0137 m,high,medium,high,low,low,low,high,0.5,f5098ab0fe08b93a,3.2,4.21,86.0,1.0,3.89,5.1,-3.56,144.0,2.54,5.0,1.1019400787607843
85,tio2,,,100.0,,au,1.0,nanoparticle,anatase,3.13,1wt%au/tio2,,,0.0,photodeposition,,0.0,visible,,300.0,300 w,,0,0,0,0,1,1.0,50.0,1 g/l,50.0,0.1,0.0137,0.1 vol%,35.0,,2.55 μmol g⁻¹ h⁻¹,2.55,10.3390/j5010006,https://doi.org/10.3390/j5010006,needs_verification,,2022.0,"balsamo s, a. et al.",ok,catalyst loading calc: 1.0 g/l × 50.0 ml = 50.00 mg; glycerol std: (0.1/100×1261)/92.09 = 0.0137 m,high,medium,high,low,low,low,high,0.5,0265556f608ef6f4,3.2,4.21,86.0,1.0,3.89,5.1,-3.56,144.0,2.54,5.0,1.2669476034873244
84,tio2,,,100.0,,au,2.0,nanoparticle,anatase-rutile,3.15,2wt%au/tio2,,550.0,2.0,precipitation,,0.0,uv,,100.0,100 w,365.0,0,0,0,1,0,0.33,6.6,0.33 g/l,20.0,80.0,10.9545,80 vol%,25.0,,17300 μmol g⁻¹ h⁻¹,17300.0,10.1016/j.apcata.2018.08.004,https://doi.org/10.1016/j.apcata.2018.08.004,highly reactive anatase nanorod photocatalysts synthesized by calcination of hydrogen titanate nanotubes: effect of calcination conditions on photocatalytic performance for aqueous dye degradation and h2 production in alcohol-water mixtures,applied catalysis a: general,2018.0,chen et al.,needs_review,catalyst loading calc: 0.33 g/l × 20.0 ml = 6.60 mg; glycerol std: (80.0/100×1261)/92.09 = 10.9545 m; doi resolved via crossref api,high,medium,high,low,medium,low,high,0.5,59738b7fb18ed24a,3.2,4.21,86.0,1.0,3.89,5.1,-3.56,144.0,2.54,5.0,9.758519582283522
83,tio2,,,100.0,,au,3.0,nanoparticle,anatase-rutile,,3wt%au/tio2,,550.0,2.0,precipitation,,0.0,uv,,100.0,100 w,365.0,0,0,0,1,0,0.33,6.6,0.33 g/l,20.0,10.0,1.3693,10 vol%,25.0,,30561 μmol g⁻¹ h⁻¹,30561.0,needs_verification (10.1016/j.apcata.2018.xxxxxx),,highly reactive anatase nanorod photocatalysts synthesized by calcination of hydrogen titanate nanotubes: effect of calcination conditions on photocatalytic performance for aqueous dye degradation and h2 production in alcohol-water mixtures,applied catalysis a: general,2018.0,chen et al.,needs_review,catalyst loading calc: 0.33 g/l × 20.0 ml = 6.60 mg; glycerol std: (10.0/100×1261)/92.09 = 1.3693 m,high,medium,high,low,medium,low,low,0.5,1850daf4d7a8d10d,3.2,4.21,86.0,1.0,3.89,5.1,-3.56,144.0,2.54,5.0,10.327512686165203
82,tio2,,,100.0,,au,2.0,nanoparticle,anatase-rutile,3.15,2wt%au/tio2,,550.0,2.0,precipitation,,0.0,uv,,100.0,100 w,365.0,0,0,0,1,0,0.33,6.6,0.33 g/l,20.0,10.0,1.3693,10 vol%,25.0,,31366 μmol g⁻¹ h⁻¹,31366.0,10.1016/j.apcata.2018.08.004,https://doi.org/10.1016/j.apcata.2018.08.004,highly reactive anatase nanorod photocatalysts synthesized by calcination of hydrogen titanate nanotubes: effect of calcination conditions on photocatalytic performance for aqueous dye degradation and h2 production in alcohol-water mixtures,applied catalysis a: general,2018.0,chen et al.,needs_review,catalyst loading calc: 0.33 g/l × 20.0 ml = 6.60 mg; glycerol std: (10.0/100×1261)/92.09 = 1.3693 m; doi resolved via crossref api,high,medium,high,low,medium,low,high,0.5,f4b295f17d74ca6e,3.2,4.21,86.0,1.0,3.89,5.1,-3.56,144.0,2.54,5.0,10.353511663841456
81,tio2,,,100.0,,au,1.5,nanoparticle,anatase-rutile,,1.5wt%au/tio2,,550.0,2.0,precipitation,,0.0,uv,,100.0,100 w,365.0,0,0,0,1,0,0.33,6.6,0.33 g/l,20.0,10.0,1.3693,10 vol%,25.0,,30488 μmol g⁻¹ h⁻¹,30488.0,10.1016/j.apcata.2018.08.004,https://doi.org/10.1016/j.apcata.2018.08.004,highly reactive anatase nanorod photocatalysts synthesized by calcination of hydrogen titanate nanotubes: effect of calcination conditions on photocatalytic performance for aqueous dye degradation and h2 production in alcohol-water mixtures,applied catalysis a: general,2018.0,chen et al.,needs_review,catalyst loading calc: 0.33 g/l × 20.0 ml = 6.60 mg; glycerol std: (10.0/100×1261)/92.09 = 1.3693 m; doi resolved via crossref api,high,medium,high,low,medium,low,low,0.5,0f273fee4dddae4f,3.2,4.21,86.0,1.0,3.89,5.1,-3.56,144.0,2.54,5.0,10.325121241805876
80,tio2,,,100.0,,au,1.0,nanoparticle,anatase-rutile,,1wt%au/tio2,,550.0,2.0,precipitation,,0.0,uv,,100.0,100 w,365.0,0,0,0,1,0,0.33,6.6,0.33 g/l,20.0,10.0,1.3693,10 vol%,25.0,,29902 μmol g⁻¹ h⁻¹,29902.0,10.1016/j.apcata.2018.08.004,https://doi.org/10.1016/j.apcata.2018.08.004,highly reactive anatase nanorod photocatalysts synthesized by calcination of hydrogen titanate nanotubes: effect of calcination conditions on photocatalytic performance for aqueous dye degradation and h2 production in alcohol-water mixtures,applied catalysis a: general,2018.0,chen et al.,needs_review,catalyst loading calc: 0.33 g/l × 20.0 ml = 6.60 mg; glycerol std: (10.0/100×1261)/92.09 = 1.3693 m; doi resolved via crossref api,high,medium,high,low,medium,low,low,0.5,060633672f6395d1,3.2,4.21,86.0,1.0,3.89,5.1,-3.56,144.0,2.54,5.0,10.305714088793774
435,tio2,cnt,,80.0,,pt,1.0,nanotube,anatase,,1wt%pt/tio2/cnt,,,0.0,hydrothermal,600.0,2.0,uv,hg lamp,20.0,20 w,,0,1,0,1,0,1.0,5.0,1 g/l,5.0,10.0,1.3693,10 vol%,25.0,,265 μmol g⁻¹ h⁻¹,265.0,10.1016/j.ijhydene.2016.10.131,https://doi.org/10.1016/j.ijhydene.2016.10.131,highly stabilized ag2o-loaded nano tio2 for hydrogen production from glycerol: water mixtures under solar light irradiation,international journal of hydrogen energy,2017.0,sadanandam and d. k. valluri and m. s. scurrell,needs_review,catalyst loading calc: 1.0 g/l × 5.0 ml = 5.00 mg; glycerol std: (10.0/100×1261)/92.09 = 1.3693 m; doi resolved via crossref api,high,medium,high,high,low,low,low,0.5,586e3a5dde95f2f6,3.2,4.21,86.0,1.0,3.89,5.65,-2.25,139.0,2.28,5.0,5.583496308781699
434,tio2,cnt,,80.0,,pt,1.0,nanotube,anatase,,1wt%pt/tio2/cnt,,,0.0,hydrothermal,500.0,2.0,uv,hg lamp,20.0,20 w,,0,1,0,1,0,1.0,5.0,1 g/l,5.0,10.0,1.3693,10 vol%,25.0,,830 μmol g⁻¹ h⁻¹,830.0,10.1016/j.ijhydene.2018.12.095,https://doi.org/10.1016/j.ijhydene.2018.12.095,la-modified tio2/carbon nanotubes assembly nanocomposite for efficient photocatalytic hydrogen evolution from glycerol-water mixture,international journal of hydrogen energy,2019.0,tahir,needs_review,catalyst loading calc: 1.0 g/l × 5.0 ml = 5.00 mg; glycerol std: (10.0/100×1261)/92.09 = 1.3693 m; doi resolved via crossref api,high,medium,high,high,low,low,low,0.5,81af8f5da1b364eb,3.2,4.21,86.0,1.0,3.89,5.65,-2.25,139.0,2.28,5.0,6.7226297948554485
433,tio2,cnt,,80.0,,pt,1.0,nanotube,anatase,,1wt%pt/tio2/cnt,,,0.0,hydrothermal,400.0,2.0,uv,hg lamp,20.0,20 w,,0,1,0,1,0,1.0,5.0,1 g/l,5.0,10.0,1.3693,10 vol%,25.0,,350 μmol g⁻¹ h⁻¹,350.0,10.1016/j,https://doi.org/10.1016/j,needs_verification,international journal of hydrogen energy,2022.0,"zhong, w. et al.",ok,catalyst loading calc: 1.0 g/l × 5.0 ml = 5.00 mg; glycerol std: (10.0/100×1261)/92.09 = 1.3693 m,high,medium,high,high,low,low,low,0.5,fddad6c9d3b2ca23,3.2,4.21,86.0,1.0,3.89,5.65,-2.25,139.0,2.28,5.0,5.860786223465865
432,tio2,cnt,,80.0,,pt,1.0,nanotube,anatase,,1wt%pt/tio2/cnt,,,0.0,hydrothermal,300.0,2.0,uv,,20.0,20 w,,0,0,0,1,0,1.0,5.0,1 g/l,5.0,10.0,1.3693,10 vol%,25.0,,50 μmol g⁻¹ h⁻¹,50.0,10.1016/j.ijhydene.2018.12.095,https://doi.org/10.1016/j.ijhydene.2018.12.095,la-modified tio2/carbon nanotubes assembly nanocomposite for efficient photocatalytic hydrogen evolution from glycerol-water mixture,international journal of hydrogen energy,2019.0,tahir,needs_review,catalyst loading calc: 1.0 g/l × 5.0 ml = 5.00 mg; glycerol std: (10.0/100×1261)/92.09 = 1.3693 m; doi resolved via crossref api,high,medium,high,low,low,low,low,0.5,a58b18a5cf8b0602,3.2,4.21,86.0,1.0,3.89,5.65,-2.25,139.0,2.28,5.0,3.9318256327243257
431,tio2,fe2o3,,95.0,,pt,0.5,nanocomposite,anatase,2.2,0.5wt%pt/tio2/fe2o3,sol-gel,,0.0,impregnation,,0.0,visible,xe lamp,500.0,500 w,420.0,1,0,0,0,1,0.5,100.0,0.5 g/l,200.0,10.0,1.3693,10 vol%,25.0,,1000 μmol g⁻¹ h⁻¹,1000.0,10.1016/j,https://doi.org/10.1016/j,needs_verification,molecular catalysis,2023.0,"balsamo s, a. et al.",ok,catalyst loading calc: 0.5 g/l × 200.0 ml = 100.00 mg; glycerol std: (10.0/100×1261)/92.09 = 1.3693 m,high,medium,high,high,medium,low,high,0.5,e84e2ff772c42a04,3.2,4.21,86.0,1.0,3.89,5.65,-2.25,139.0,2.28,5.0,6.90875477931522
430,tio2,fe2o3,,97.0,,pt,0.5,nanocomposite,anatase,2.22,0.5wt%pt/tio2/fe2o3,sol-gel,,0.0,impregnation,,0.0,visible,xe lamp,500.0,500 w,420.0,1,0,0,0,1,0.5,100.0,0.5 g/l,200.0,10.0,1.3693,10 vol%,25.0,,879.12 μmol g⁻¹ h⁻¹,879.12,10.1016/j.ijhydene.2017.04.239,https://doi.org/10.1016/j.ijhydene.2017.04.239,photocatalytic h2 production from glycerol–water mixtures over ni/γ-al2o3 and tio2 composite systems,international journal of hydrogen energy,2017.0,gullapelli and s. m. s. scurrell and d. k. valluri,needs_review,catalyst loading calc: 0.5 g/l × 200.0 ml = 100.00 mg; glycerol std: (10.0/100×1261)/92.09 = 1.3693 m; doi resolved via crossref api,high,medium,high,high,medium,low,high,0.5,8188137bac9d49a7,3.2,4.21,86.0,1.0,3.89,5.65,-2.25,139.0,2.28,5.0,6.7800582618119405
429,tio2,fe2o3,,99.0,,pt,0.5,nanocomposite,anatase,2.35,0.5wt%pt/tio2/fe2o3,sol-gel,,0.0,impregnation,,0.0,visible,xe lamp,500.0,500 w,420.0,1,0,0,0,1,0.5,100.0,0.5 g/l,200.0,10.0,1.3693,10 vol%,25.0,,424.18 μmol g⁻¹ h⁻¹,424.18,10.1016/j.ijhydene.2017.04.239,https://doi.org/10.1016/j.ijhydene.2017.04.239,photocatalytic h2 production from glycerol–water mixtures over ni/γ-al2o3 and tio2 composite systems,international journal of hydrogen energy,2017.0,gullapelli and s. m. s. scurrell and d. k. valluri,needs_review,catalyst loading calc: 0.5 g/l × 200.0 ml = 100.00 mg; glycerol std: (10.0/100×1261)/92.09 = 1.3693 m; doi resolved via crossref api,high,medium,high,high,medium,low,high,0.5,95eb4d9c6007ed86,3.2,4.21,86.0,1.0,3.89,5.65,-2.25,139.0,2.28,5.0,6.052512608672916
65,tio2,,,100.0,,au,1.5,nanoparticle,rutile,3.03,1.5wt%au/tio2,hydrothermal,300.0,2.0,precipitation,300.0,2.0,uv,,100.0,100 w,365.0,0,0,0,1,0,6.5,162.5,6.5 g/l,25.0,24.4,3.3411,24.4 vol%,,9.5,3200 μmol g⁻¹ h⁻¹,3200.0,10.1016/j.jcat.2015.06.014,https://doi.org/10.1016/j.jcat.2015.06.014,effect of tio2 polymorph and alcohol sacrificial agent on the activity of au/tio2 photocatalysts for h2 production in alcohol–water mixtures,journal of catalysis,2015.0,chen et al.,needs_review,catalyst loading calc: 6.5 g/l × 25.0 ml = 162.50 mg; glycerol std: (24.4/100×1261)/92.09 = 3.3411 m; doi resolved via crossref api,high,medium,high,low,medium,high,high,0.5,7f3a8af0ef156037,3.2,4.21,86.0,1.0,3.89,5.1,-3.56,144.0,2.54,5.0,8.071218539969863
447,tio2,,,100.0,,pt,1.0,nanoparticle,anatase,,1wt%pt/tio2,,,0.0,sol-gel,400.0,2.0,uv,hg lamp,20.0,20 w,,0,1,0,1,0,1.0,5.0,1 g/l,5.0,10.0,1.3693,10 vol%,25.0,,4790 μmol g⁻¹ h⁻¹,4790.0,10.1016/j.ijhydene.2018.12.095,https://doi.org/10.1016/j.ijhydene.2018.12.095,la-modified tio2/carbon nanotubes assembly nanocomposite for efficient photocatalytic hydrogen evolution from glycerol-water mixture,international journal of hydrogen energy,2019.0,tahir,needs_review,catalyst loading calc: 1.0 g/l × 5.0 ml = 5.00 mg; glycerol std: (10.0/100×1261)/92.09 = 1.3693 m; doi resolved via crossref api,high,medium,high,high,low,low,low,0.5,5993c94964247d3b,3.2,4.21,86.0,1.0,3.89,5.65,-2.25,139.0,2.28,5.0,8.474494436883122
446,tio2,cnt,,80.0,,pt,1.0,nanotube,anatase,,1wt%pt/tio2/cnt,,,0.0,sol-gel,400.0,2.0,uv,hg lamp,20.0,20 w,,0,1,0,1,0,1.0,5.0,1 g/l,5.0,10.0,1.3693,10 vol%,25.0,,4360 μmol g⁻¹ h⁻¹,4360.0,10.1016/j.ijhydene.2018.12.095,https://doi.org/10.1016/j.ijhydene.2018.12.095,la-modified tio2/carbon nanotubes assembly nanocomposite for efficient photocatalytic hydrogen evolution from glycerol-water mixture,international journal of hydrogen energy,2019.0,tahir,needs_review,catalyst loading calc: 1.0 g/l × 5.0 ml = 5.00 mg; glycerol std: (10.0/100×1261)/92.09 = 1.3693 m; doi resolved via crossref api,high,medium,high,high,low,low,low,0.5,45af589d59224220,3.2,4.21,86.0,1.0,3.89,5.65,-2.25,139.0,2.28,5.0,8.380456667842767
445,tio2,,,100.0,,pt,1.0,nanoparticle,anatase,,1wt%pt/tio2,,,0.0,sol-gel,400.0,2.0,uv,hg lamp,20.0,20 w,,0,1,0,1,0,1.0,5.0,1 g/l,5.0,10.0,1.3693,10 vol%,25.0,,670 μmol g⁻¹ h⁻¹,670.0,10.1016/j.ijhydene.2018.12.095,https://doi.org/10.1016/j.ijhydene.2018.12.095,la-modified tio2/carbon nanotubes assembly nanocomposite for efficient photocatalytic hydrogen evolution from glycerol-water mixture,international journal of hydrogen energy,2019.0,tahir,needs_review,catalyst loading calc: 1.0 g/l × 5.0 ml = 5.00 mg; glycerol std: (10.0/100×1261)/92.09 = 1.3693 m; doi resolved via crossref api,high,medium,high,high,low,low,low,0.5,1aac9a4091008e2c,3.2,4.21,86.0,1.0,3.89,5.65,-2.25,139.0,2.28,5.0,6.508769136971682
444,tio2,cs,,95.0,,pt,1.0,nanosphere,anatase,,1wt%pt/tio2/cs,,,0.0,sol-gel,400.0,2.0,uv,hg lamp,20.0,20 w,,0,1,0,1,0,1.0,5.0,1 g/l,5.0,10.0,1.3693,10 vol%,25.0,,545 μmol g⁻¹ h⁻¹,545.0,10.1016/j.ijhydene.2018.12.095,https://doi.org/10.1016/j.ijhydene.2018.12.095,la-modified tio2/carbon nanotubes assembly nanocomposite for efficient photocatalytic hydrogen evolution from glycerol-water mixture,international journal of hydrogen energy,2019.0,tahir,needs_review,catalyst loading calc: 1.0 g/l × 5.0 ml = 5.00 mg; glycerol std: (10.0/100×1261)/92.09 = 1.3693 m; doi resolved via crossref api,high,medium,high,high,low,low,low,0.5,d60ddeb5cacfd396,3.2,4.21,86.0,1.0,3.89,5.65,-2.25,139.0,2.28,5.0,6.302618975744905
443,tio2,cnt,,80.0,,pt,1.0,nanotube,anatase,,1wt%pt/tio2/cnt,,,0.0,sol-gel,400.0,2.0,uv,hg lamp,20.0,20 w,,0,1,0,1,0,1.0,5.0,1 g/l,5.0,10.0,1.3693,10 vol%,25.0,,580 μmol g⁻¹ h⁻¹,580.0,10.1016/j.ijhydene.2018.12.095,https://doi.org/10.1016/j.ijhydene.2018.12.095,la-modified tio2/carbon nanotubes assembly nanocomposite for efficient photocatalytic hydrogen evolution from glycerol-water mixture,international journal of hydrogen energy,2019.0,tahir,needs_review,catalyst loading calc: 1.0 g/l × 5.0 ml = 5.00 mg; glycerol std: (10.0/100×1261)/92.09 = 1.3693 m; doi resolved via crossref api,high,medium,high,high,low,low,low,0.5,2963c00c30d90077,3.2,4.21,86.0,1.0,3.89,5.65,-2.25,139.0,2.28,5.0,6.364750756851911
482,hex-cds,,,100.0,,pt,0.3,nanoparticle,,2.4,0.3wt%pt/hex-cds,heat treating,,0.0,photodeposition,,0.0,visible,hg-xe lamp,500.0,500 w,418.0,1,1,0,0,1,1.0,60.0,1 g/l,60.0,30.0,4.1079,30 vol%,25.0,,107 μmol g⁻¹ h⁻¹,107.0,10.1002/cssc.201400028,https://doi.org/10.1002/cssc.201400028,photocatalytic hydrogen evolution from glycerol and water over nickel-hybrid cadmium sulfide quantum dots under visible-light irradiation,chemsuschem,2014.0,wang et al.,needs_review,catalyst loading calc: 1.0 g/l × 60.0 ml = 60.00 mg; glycerol std: (30.0/100×1261)/92.09 = 4.1079 m; doi resolved via crossref api,high,medium,high,high,medium,low,high,0.5,3936e3939af26a9c,3.0,4.2,20.0,1.0,5.0,5.65,-2.25,139.0,2.28,5.0,4.68213122712422
481,tio2,cds,,,,pt,0.3,nanocomposite,anatase,2.44,0.3wt%pt/tio2/cds,heat treating,,0.0,photodeposition,400.0,2.0,visible,hg-xe lamp,500.0,500 w,418.0,1,1,0,0,1,1.0,60.0,1 g/l,60.0,30.0,4.1079,30 vol%,25.0,,65 μmol g⁻¹ h⁻¹,65.0,10.1002/cssc.201400028,https://doi.org/10.1002/cssc.201400028,photocatalytic hydrogen evolution from glycerol and water over nickel-hybrid cadmium sulfide quantum dots under visible-light irradiation,chemsuschem,2014.0,wang et al.,needs_review,catalyst loading calc: 1.0 g/l × 60.0 ml = 60.00 mg; glycerol std: (30.0/100×1261)/92.09 = 4.1079 m; doi resolved via crossref api,high,medium,high,high,medium,low,high,0.5,e43af2c581c73840,3.2,4.21,86.0,1.0,3.89,5.65,-2.25,139.0,2.28,5.0,4.189654742026425
480,tio2,hex-cds,,,,pt,0.3,nanocomposite,anatase,2.33,0.3wt%pt/tio2/hex-cds,heat treating,,0.0,photodeposition,400.0,2.0,visible,hg-xe lamp,500.0,500 w,418.0,1,1,0,0,1,1.0,60.0,1 g/l,60.0,30.0,4.1079,30 vol%,25.0,,22 μmol g⁻¹ h⁻¹,22.0,10.1002/cssc.201400028,https://doi.org/10.1002/cssc.201400028,photocatalytic hydrogen evolution from glycerol and water over nickel-hybrid cadmium sulfide quantum dots under visible-light irradiation,chemsuschem,2014.0,wang et al.,needs_review,catalyst loading calc: 1.0 g/l × 60.0 ml = 60.00 mg; glycerol std: (30.0/100×1261)/92.09 = 4.1079 m; doi resolved via crossref api,high,medium,high,high,medium,low,high,0.5,e592aa955b358a43,3.2,4.21,86.0,1.0,3.89,5.65,-2.25,139.0,2.28,5.0,3.1354942159291497
64,tio2,,,100.0,,au,1.5,nanoparticle,brookite,3.33,1.5wt%au/tio2,,300.0,2.0,precipitation,300.0,2.0,uv,,100.0,100 w,365.0,0,0,0,1,0,6.5,162.5,6.5 g/l,25.0,24.4,3.3411,24.4 vol%,,9.5,13800 μmol g⁻¹ h⁻¹,13800.0,10.1016/j.jcat.2015.06.014,https://doi.org/10.1016/j.jcat.2015.06.014,effect of tio2 polymorph and alcohol sacrificial agent on the activity of au/tio2 photocatalysts for h2 production in alcohol–water mixtures,journal of catalysis,2015.0,chen et al.,needs_review,catalyst loading calc: 6.5 g/l × 25.0 ml = 162.50 mg; glycerol std: (24.4/100×1261)/92.09 = 3.3411 m; doi resolved via crossref api,high,medium,high,low,medium,high,high,0.5,5b78a11af5795a87,3.2,4.21,86.0,1.0,3.89,5.1,-3.56,144.0,2.54,5.0,9.53249633228804
63,tio2,,,100.0,,au,1.5,nanoparticle,anatase,3.27,1.5wt%au/tio2,hydrothermal,300.0,2.0,precipitation,300.0,2.0,uv,,100.0,100 w,365.0,0,0,0,1,0,6.5,162.5,6.5 g/l,25.0,24.4,3.3411,24.4 vol%,,9.5,15000 μmol g⁻¹ h⁻¹,15000.0,10.1016/j.jcat.2015.06.014,https://doi.org/10.1016/j.jcat.2015.06.014,effect of tio2 polymorph and alcohol sacrificial agent on the activity of au/tio2 photocatalysts for h2 production in alcohol–water mixtures,journal of catalysis,2015.0,chen et al.,needs_review,catalyst loading calc: 6.5 g/l × 25.0 ml = 162.50 mg; glycerol std: (24.4/100×1261)/92.09 = 3.3411 m; doi resolved via crossref api,high,medium,high,low,medium,high,high,0.5,4dd19a630cdafc63,3.2,4.21,86.0,1.0,3.89,5.1,-3.56,144.0,2.54,5.0,9.61587214452889
62,tio2,,,100.0,,au,1.5,nanoparticle,anatase,3.24,1.5wt%au/tio2,hydrolysis,300.0,2.0,precipitation,300.0,2.0,uv,,100.0,100 w,365.0,0,0,0,1,0,6.5,162.5,6.5 g/l,25.0,24.4,3.3411,24.4 vol%,,9.5,15500 μmol g⁻¹ h⁻¹,15500.0,10.1016/j.jcat.2015.06.014,https://doi.org/10.1016/j.jcat.2015.06.014,effect of tio2 polymorph and alcohol sacrificial agent on the activity of au/tio2 photocatalysts for h2 production in alcohol–water mixtures,journal of catalysis,2015.0,chen et al.,needs_review,catalyst loading calc: 6.5 g/l × 25.0 ml = 162.50 mg; glycerol std: (24.4/100×1261)/92.09 = 3.3411 m; doi resolved via crossref api,high,medium,high,low,medium,high,high,0.5,b3448a62bdbaea6a,3.2,4.21,86.0,1.0,3.89,5.1,-3.56,144.0,2.54,5.0,9.648659816955295
61,tio2,,,100.0,,au,1.5,nanoparticle,anatase-rutile,3.21,1.5wt%au/tio2,,300.0,2.0,precipitation,300.0,2.0,uv,,100.0,100 w,365.0,0,0,0,1,0,6.5,162.5,6.5 g/l,25.0,24.4,3.3411,24.4 vol%,,9.5,27900 μmol g⁻¹ h⁻¹,27900.0,10.1016/j.jcat.2015.06.014,https://doi.org/10.1016/j.jcat.2015.06.014,effect of tio2 polymorph and alcohol sacrificial agent on the activity of au/tio2 photocatalysts for h2 production in alcohol–water mixtures,journal of catalysis,2015.0,chen et al.,needs_review,catalyst loading calc: 6.5 g/l × 25.0 ml = 162.50 mg; glycerol std: (24.4/100×1261)/92.09 = 3.3411 m; doi resolved via crossref api,high,medium,high,low,medium,high,high,0.5,af9b0c15122f3325,3.2,4.21,86.0,1.0,3.89,5.1,-3.56,144.0,2.54,5.0,10.236417809461043
816,g-c3n4,cus,,97.0,,,,nanocomposite,,2.15,g-c3n4/cus,grinding,520.0,2.0,sol-gel,,0.0,visible,xe lamp,500.0,500 w,420.0,1,0,0,0,1,0.25,50.0,0.25 g/l,200.0,10.0,1.3693,10 vol%,25.0,,74.04 μmol g⁻¹ h⁻¹,74.04,10.1016/j.ceramint.2020.06.271,https://doi.org/10.1016/j.ceramint.2020.06.271,bi2o3/g-c3n4 nanocomposites as proficient photocatalysts for hydrogen generation from aqueous glycerol solutions beneath visible light,ceramics international,2020.0,alhaddad et al.,needs_review,catalyst loading calc: 0.25 g/l × 200.0 ml = 50.00 mg; glycerol std: (10.0/100×1261)/92.09 = 1.3693 m; co_catalyst set to 'none': bare semiconductor; doi resolved via crossref api,high,medium,high,high,medium,low,high,0.5,ae3e46fcaeb2adbf,2.7,4.3,3.0,6.0,1.6,0.0,0.0,0.0,0.0,0.0,4.318021304697969
815,g-c3n4,cus,,95.0,,,,nanocomposite,,2.0,g-c3n4/cus,grinding,520.0,2.0,sol-gel,,0.0,visible,xe lamp,500.0,500 w,420.0,1,0,0,0,1,0.25,50.0,0.25 g/l,200.0,10.0,1.3693,10 vol%,25.0,,372.82 μmol g⁻¹ h⁻¹,372.82,10.1016/j.ceramint.2020.06.271,https://doi.org/10.1016/j.ceramint.2020.06.271,bi2o3/g-c3n4 nanocomposites as proficient photocatalysts for hydrogen generation from aqueous glycerol solutions beneath visible light,ceramics international,2020.0,alhaddad et al.,needs_review,catalyst loading calc: 0.25 g/l × 200.0 ml = 50.00 mg; glycerol std: (10.0/100×1261)/92.09 = 1.3693 m; co_catalyst set to 'none': bare semiconductor; doi resolved via crossref api,high,medium,high,high,medium,low,high,0.5,378e21e47514310a,2.7,4.3,3.0,6.0,1.6,0.0,0.0,0.0,0.0,0.0,5.923774398138032
814,g-c3n4,cus,,93.0,,,,nanocomposite,,1.92,g-c3n4/cus,grinding,520.0,2.0,sol-gel,,0.0,visible,xe lamp,500.0,500 w,420.0,1,0,0,0,1,0.25,50.0,0.25 g/l,200.0,10.0,1.3693,10 vol%,25.0,,579.65 μmol g⁻¹ h⁻¹,579.65,10.1016/j.ceramint.2020.06.271,https://doi.org/10.1016/j.ceramint.2020.06.271,bi2o3/g-c3n4 nanocomposites as proficient photocatalysts for hydrogen generation from aqueous glycerol solutions beneath visible light,ceramics international,2020.0,alhaddad et al.,needs_review,catalyst loading calc: 0.25 g/l × 200.0 ml = 50.00 mg; glycerol std: (10.0/100×1261)/92.09 = 1.3693 m; co_catalyst set to 'none': bare semiconductor; doi resolved via crossref api,high,medium,high,high,medium,low,high,0.5,95ffef9e3c203926,2.7,4.3,3.0,6.0,1.6,0.0,0.0,0.0,0.0,0.0,6.364148165691767
479,tio2,graphene,,90.88,,pt,0.34,nanoparticle,,,0.34wt%pt/tio2/graphene,alcohol thermal,,0.0,photodeposition,,0.0,visible,xe lamp,500.0,500 w,420.0,1,0,0,0,1,0.1,80.0,0.1 g/l,800.0,10.0,1.3693,10 vol%,25.0,,7300 μmol g⁻¹ h⁻¹,7300.0,10.1016/j.ijhydene.2017.09.048,https://doi.org/10.1016/j.ijhydene.2017.09.048,construction of ternary hybrid layered reduced graphene oxide supported g-c3n4-tio2 nanocomposite and its photocatalytic hydrogen production activity,international journal of hydrogen energy,2018.0,hafeez et al.,needs_review,"catalyst loading calc: 0.1 g/l × 800.0 ml = 80.00 mg; glycerol std: (10.0/100×1261)/92.09 = 1.3693 m; wavelength_cutoff_nm=420nm inferred (xe lamp, visible cutoff); doi resolved via crossref api",high,medium,high,high,medium,low,low,0.5,ed5fb52f734e4406,3.2,4.21,86.0,1.0,3.89,5.65,-2.25,139.0,2.28,5.0,8.895766604056085
505,pbtio3,,,100.0,,pt,0.8,nanosheets,,2.41,0.8wt%pt/pbtio3,sol-gel,450.0,4.0,photodeposition,,0.0,visible,xe lamp,500.0,500 w,420.0,1,0,0,0,1,2.5,500.0,2.5 g/l,200.0,10.0,1.3693,10 vol%,25.0,,3503.1 μmol g⁻¹ h⁻¹,3503.1,10.1016/j.ceramint.2020.06.271,https://doi.org/10.1016/j.ceramint.2020.06.271,bi2o3/g-c3n4 nanocomposites as proficient photocatalysts for hydrogen generation from aqueous glycerol solutions beneath visible light,ceramics international,2020.0,alhaddad et al.,needs_review,catalyst loading calc: 2.5 g/l × 200.0 ml = 500.00 mg; glycerol std: (10.0/100×1261)/92.09 = 1.3693 m; doi resolved via crossref api,high,medium,high,high,medium,low,high,0.5,52850a61b0c9a9e3,3.4,3.5,150.0,7.0,7.99,5.65,-2.25,139.0,2.28,5.0,8.161688990461844
504,pbtio3,,,100.0,,pt,0.6,nanosheets,,2.42,0.6wt%pt/pbtio3,sol-gel,450.0,4.0,photodeposition,,0.0,visible,xe lamp,500.0,500 w,420.0,1,0,0,0,1,2.5,500.0,2.5 g/l,200.0,10.0,1.3693,10 vol%,25.0,,3564 μmol g⁻¹ h⁻¹,3564.0,10.1016/j.ceramint.2020.06.271,https://doi.org/10.1016/j.ceramint.2020.06.271,bi2o3/g-c3n4 nanocomposites as proficient photocatalysts for hydrogen generation from aqueous glycerol solutions beneath visible light,ceramics international,2020.0,alhaddad et al.,needs_review,catalyst loading calc: 2.5 g/l × 200.0 ml = 500.00 mg; glycerol std: (10.0/100×1261)/92.09 = 1.3693 m; doi resolved via crossref api,high,medium,high,high,medium,low,high,0.5,0b05c17d8c4a5e26,3.4,3.5,150.0,7.0,7.99,5.65,-2.25,139.0,2.28,5.0,8.178919332848396
503,pbtio3,,,100.0,,pt,0.4,nanosheets,,2.5,0.4wt%pt/pbtio3,sol-gel,450.0,4.0,photodeposition,,0.0,visible,xe lamp,500.0,500 w,420.0,1,0,0,0,1,2.5,500.0,2.5 g/l,200.0,10.0,1.3693,10 vol%,25.0,,1344.3 μmol g⁻¹ h⁻¹,1344.3,10.1016/j.ceramint.2020.06.271,https://doi.org/10.1016/j.ceramint.2020.06.271,bi2o3/g-c3n4 nanocomposites as proficient photocatalysts for hydrogen generation from aqueous glycerol solutions beneath visible light,ceramics international,2020.0,alhaddad et al.,needs_review,catalyst loading calc: 2.5 g/l × 200.0 ml = 500.00 mg; glycerol std: (10.0/100×1261)/92.09 = 1.3693 m; doi resolved via crossref api,high,medium,high,high,medium,low,high,0.5,0b64207ef14deb58,3.4,3.5,150.0,7.0,7.99,5.65,-2.25,139.0,2.28,5.0,7.204372315491497
502,pbtio3,,,100.0,,pt,0.2,nanosheets,,2.62,0.2wt%pt/pbtio3,sol-gel,450.0,4.0,photodeposition,,0.0,visible,xe lamp,500.0,500 w,420.0,1,0,0,0,1,2.5,500.0,2.5 g/l,200.0,10.0,1.3693,10 vol%,25.0,,749.73 μmol g⁻¹ h⁻¹,749.73,10.1016/j.ceramint.2020.06.271,https://doi.org/10.1016/j.ceramint.2020.06.271,bi2o3/g-c3n4 nanocomposites as proficient photocatalysts for hydrogen generation from aqueous glycerol solutions beneath visible light,ceramics international,2020.0,alhaddad et al.,needs_review,catalyst loading calc: 2.5 g/l × 200.0 ml = 500.00 mg; glycerol std: (10.0/100×1261)/92.09 = 1.3693 m; doi resolved via crossref api,high,medium,high,high,medium,low,high,0.5,0fef8526b6644b8e,3.4,3.5,150.0,7.0,7.99,5.65,-2.25,139.0,2.28,5.0,6.621046066481948
44,tio2,g-c3n4,,50.0,,ag,3.0,nanocomposite,anatase,,3wt%ag/tio2/g-c3n4,hydrothermal,,0.0,sol-gel,400.0,3.0,visible,xe lamp,35.0,35 w,420.0,1,0,0,0,1,1.54,200.2,1.54 g/l,130.0,5.0,0.6847,5 vol%,25.0,,5628.7 μmol g⁻¹ h⁻¹,5628.7,10.1016/j.renene.2020.04.020,https://doi.org/10.1016/j.renene.2020.04.020,solar photocatalytic hydrogen production from glycerol reforming using ternary cu/ths/graphene,conference of the south african advanced materials initiative (proceedings),2020.0,seadira et al.,needs_review,"catalyst loading calc: 1.54 g/l × 130.0 ml = 200.20 mg; glycerol std: (5.0/100×1261)/92.09 = 0.6847 m; warning: conference proceedings, not journal article. cannot cite with doi.; wavelength_cutoff_nm=420nm inferred (xe lamp, visible cutoff); doi resolved via crossref api",high,medium,high,high,medium,low,low,0.5,96699a5797b60b29,3.2,4.21,86.0,1.0,3.89,4.26,-4.3,144.0,1.93,4.0,8.63581143374596
43,tio2,g-c3n4,,50.0,,ag,3.0,nanocomposite,anatase,,3wt%ag/tio2/g-c3n4,hydrothermal,,0.0,sol-gel,400.0,3.0,visible,xe lamp,35.0,35 w,420.0,1,0,0,0,1,1.15,149.5,1.15 g/l,130.0,5.0,0.6847,5 vol%,25.0,,10092 μmol g⁻¹ h⁻¹,10092.0,10.1016/j.renene.2020.04.020,https://doi.org/10.1016/j.renene.2020.04.020,solar photocatalytic hydrogen production from glycerol reforming using ternary cu/ths/graphene,conference of the south african advanced materials initiative (proceedings),2020.0,seadira et al.,needs_review,"catalyst loading calc: 1.15 g/l × 130.0 ml = 149.50 mg; glycerol std: (5.0/100×1261)/92.09 = 0.6847 m; warning: conference proceedings, not journal article. cannot cite with doi.; wavelength_cutoff_nm=420nm inferred (xe lamp, visible cutoff); doi resolved via crossref api",high,medium,high,high,medium,low,low,0.5,d5374b9b5705288e,3.2,4.21,86.0,1.0,3.89,4.26,-4.3,144.0,1.93,4.0,9.219597393238859
42,tio2,g-c3n4,,50.0,,ag,3.0,nanocomposite,anatase,,3wt%ag/tio2/g-c3n4,hydrothermal,,0.0,sol-gel,400.0,3.0,visible,xe lamp,35.0,35 w,420.0,1,0,0,0,1,0.77,100.1,0.77 g/l,130.0,5.0,0.6847,5 vol%,25.0,,8670.7 μmol g⁻¹ h⁻¹,8670.7,10.1016/j.renene.2020.04.020,https://doi.org/10.1016/j.renene.2020.04.020,solar photocatalytic hydrogen production from glycerol reforming using ternary cu/ths/graphene,conference of the south african advanced materials initiative (proceedings),2020.0,seadira et al.,needs_review,"catalyst loading calc: 0.77 g/l × 130.0 ml = 100.10 mg; glycerol std: (5.0/100×1261)/92.09 = 0.6847 m; warning: conference proceedings, not journal article. cannot cite with doi.; wavelength_cutoff_nm=420nm inferred (xe lamp, visible cutoff); doi resolved via crossref api",high,medium,high,high,medium,low,low,0.5,1c136ae904e144ba,3.2,4.21,86.0,1.0,3.89,4.26,-4.3,144.0,1.93,4.0,9.067820128985097
41,tio2,g-c3n4,,50.0,,ag,3.0,nanocomposite,anatase,,3wt%ag/tio2/g-c3n4,hydrothermal,,0.0,sol-gel,400.0,3.0,visible,xe lamp,35.0,35 w,420.0,1,0,0,0,1,0.38,49.4,0.38 g/l,130.0,5.0,0.6847,5 vol%,25.0,,7760.5 μmol g⁻¹ h⁻¹,7760.5,10.1016/j.renene.2020.04.020,https://doi.org/10.1016/j.renene.2020.04.020,solar photocatalytic hydrogen production from glycerol reforming using ternary cu/ths/graphene,conference of the south african advanced materials initiative (proceedings),2020.0,seadira et al.,needs_review,"catalyst loading calc: 0.38 g/l × 130.0 ml = 49.40 mg; glycerol std: (5.0/100×1261)/92.09 = 0.6847 m; warning: conference proceedings, not journal article. cannot cite with doi.; wavelength_cutoff_nm=420nm inferred (xe lamp, visible cutoff); doi resolved via crossref api",high,medium,high,high,medium,low,low,0.5,49d8cee542678a38,3.2,4.21,86.0,1.0,3.89,4.26,-4.3,144.0,1.93,4.0,8.956930893466499
39,tio2,,,100.0,,ag,10.0,nanotube,anatase-rutile,2.08,10wt%ag/tio2,,,0.0,impregnation,450.0,5.0,visible,,300.0,300 w,,0,0,0,0,1,0.1,5.0,0.1 g/l,50.0,5.0,0.6847,5 vol%,25.0,,1710.9 μmol g⁻¹ h⁻¹,1710.9,10.1002/cphc.201301140,https://doi.org/10.1002/cphc.201301140,production of hydrogen by glycerol photoreforming using binary nitrogen–metal-promoted n-m-tio2 photocatalysts,chemphyschem,2014.0,taylor and m. mehta and a. samokhvalov,needs_review,light source='artificial' too vague; set to null; catalyst loading calc: 0.1 g/l × 50.0 ml = 5.00 mg; glycerol std: (5.0/100×1261)/92.09 = 0.6847 m; doi resolved via crossref api,high,medium,high,low,low,low,high,0.5,6ff4cd9713488dd3,3.2,4.21,86.0,1.0,3.89,4.26,-4.3,144.0,1.93,4.0,7.445359143780733
821,g-c3n4,cus,,90.0,,,,nanocomposite,,1.72,g-c3n4/cus,grinding,520.0,2.0,sol-gel,,0.0,visible,xe lamp,500.0,500 w,420.0,1,0,0,0,1,2.5,500.0,2.5 g/l,200.0,10.0,1.3693,10 vol%,25.0,,2619.8 μmol g⁻¹ h⁻¹,2619.8,10.1016/j.ceramint.2020.06.271,https://doi.org/10.1016/j.ceramint.2020.06.271,bi2o3/g-c3n4 nanocomposites as proficient photocatalysts for hydrogen generation from aqueous glycerol solutions beneath visible light,ceramics international,2020.0,alhaddad et al.,needs_review,catalyst loading calc: 2.5 g/l × 200.0 ml = 500.00 mg; glycerol std: (10.0/100×1261)/92.09 = 1.3693 m; co_catalyst set to 'none': bare semiconductor; doi resolved via crossref api,high,medium,high,high,medium,low,high,0.5,08fd11e34f9e00d1,2.7,4.3,3.0,6.0,1.6,0.0,0.0,0.0,0.0,0.0,7.87123489365875
820,g-c3n4,cus,,90.0,,,,nanocomposite,,1.72,g-c3n4/cus,grinding,520.0,2.0,sol-gel,,0.0,visible,xe lamp,500.0,500 w,420.0,1,0,0,0,1,2.0,400.0,2 g/l,200.0,10.0,1.3693,10 vol%,25.0,,2018.4 μmol g⁻¹ h⁻¹,2018.4,10.1016/j.ceramint.2020.06.271,https://doi.org/10.1016/j.ceramint.2020.06.271,bi2o3/g-c3n4 nanocomposites as proficient photocatalysts for hydrogen generation from aqueous glycerol solutions beneath visible light,ceramics international,2020.0,alhaddad et al.,needs_review,catalyst loading calc: 2.0 g/l × 200.0 ml = 400.00 mg; glycerol std: (10.0/100×1261)/92.09 = 1.3693 m; co_catalyst set to 'none': bare semiconductor; doi resolved via crossref api,high,medium,high,high,medium,low,high,0.5,748342057e846ea1,2.7,4.3,3.0,6.0,1.6,0.0,0.0,0.0,0.0,0.0,7.610555716570221
819,g-c3n4,cus,,90.0,,,,nanocomposite,,1.72,g-c3n4/cus,grinding,520.0,2.0,sol-gel,,0.0,visible,xe lamp,500.0,500 w,420.0,1,0,0,0,1,1.5,300.0,1.5 g/l,200.0,10.0,1.3693,10 vol%,25.0,,1055.9 μmol g⁻¹ h⁻¹,1055.9,10.1016/j.ceramint.2020.06.271,https://doi.org/10.1016/j.ceramint.2020.06.271,bi2o3/g-c3n4 nanocomposites as proficient photocatalysts for hydrogen generation from aqueous glycerol solutions beneath visible light,ceramics international,2020.0,alhaddad et al.,needs_review,catalyst loading calc: 1.5 g/l × 200.0 ml = 300.00 mg; glycerol std: (10.0/100×1261)/92.09 = 1.3693 m; co_catalyst set to 'none': bare semiconductor; doi resolved via crossref api,high,medium,high,high,medium,low,high,0.5,5f3791bd84eee82b,2.7,4.3,3.0,6.0,1.6,0.0,0.0,0.0,0.0,0.0,6.963095374015301
818,g-c3n4,cus,,90.0,,,,nanocomposite,,1.72,g-c3n4/cus,grinding,520.0,2.0,sol-gel,,0.0,visible,xe lamp,500.0,500 w,420.0,1,0,0,0,1,1.0,200.0,1 g/l,200.0,10.0,1.3693,10 vol%,25.0,,514.57 μmol g⁻¹ h⁻¹,514.57,10.1016/j.ceramint.2020.06.271,https://doi.org/10.1016/j.ceramint.2020.06.271,bi2o3/g-c3n4 nanocomposites as proficient photocatalysts for hydrogen generation from aqueous glycerol solutions beneath visible light,ceramics international,2020.0,alhaddad et al.,needs_review,catalyst loading calc: 1.0 g/l × 200.0 ml = 200.00 mg; glycerol std: (10.0/100×1261)/92.09 = 1.3693 m; co_catalyst set to 'none': bare semiconductor; doi resolved via crossref api,high,medium,high,high,medium,low,high,0.5,7cb9ac3676af7664,2.7,4.3,3.0,6.0,1.6,0.0,0.0,0.0,0.0,0.0,6.245273084732985
817,g-c3n4,cus,,90.0,,,,nanocomposite,,1.72,g-c3n4/cus,grinding,520.0,2.0,sol-gel,,0.0,visible,xe lamp,500.0,500 w,420.0,1,0,0,0,1,0.5,100.0,0.5 g/l,200.0,10.0,1.3693,10 vol%,25.0,,334.16 μmol g⁻¹ h⁻¹,334.16,10.1016/j.ceramint.2020.06.271,https://doi.org/10.1016/j.ceramint.2020.06.271,bi2o3/g-c3n4 nanocomposites as proficient photocatalysts for hydrogen generation from aqueous glycerol solutions beneath visible light,ceramics international,2020.0,alhaddad et al.,needs_review,catalyst loading calc: 0.5 g/l × 200.0 ml = 100.00 mg; glycerol std: (10.0/100×1261)/92.09 = 1.3693 m; co_catalyst set to 'none': bare semiconductor; doi resolved via crossref api,high,medium,high,high,medium,low,high,0.5,e9925b9fc732d7ee,2.7,4.3,3.0,6.0,1.6,0.0,0.0,0.0,0.0,0.0,5.814608029745086
70,tio2,,,100.0,,au,1.0,nanoparticle,anatase-rutile,3.18,1wt%au/tio2,,,0.0,precipitation,500.0,2.0,uv,,200.0,200 w,365.0,0,0,0,1,0,0.3,6.0,0.3 g/l,20.0,10.0,1.3693,10 vol%,25.0,,29800 μmol g⁻¹ h⁻¹,29800.0,10.1016/j.jcat.2015.06.005,https://doi.org/10.1016/j.jcat.2015.06.005,"the roles of metal co-catalysts and reaction media in photocatalytic hydrogen production: performance evaluation of m/tio2 photocatalysts (m = pd, pt, au) in different alcohol–water mixtures",journal of catalysis,2015.0,"al-, a. et al.",needs_review,catalyst loading calc: 0.3 g/l × 20.0 ml = 6.00 mg; glycerol std: (10.0/100×1261)/92.09 = 1.3693 m; doi resolved via crossref api,high,medium,high,low,medium,low,high,0.5,86f2d1410873d9c5,3.2,4.21,86.0,1.0,3.89,5.1,-3.56,144.0,2.54,5.0,10.30229722897745
552,tio2,,,100.0,,pt,0.5,nanoparticle,anatase-brookite,,0.5wt%pt/tio2,,,0.0,photodeposition,,0.0,visible,xe lamp,100.0,100 w,420.0,1,0,0,0,1,0.08,96.0,0.08 g/l,1200.0,4.5,0.6162,4.5 vol%,30.0,,160850 μmol g⁻¹ h⁻¹,160850.0,10.1016/j,https://doi.org/10.1016/j,needs_verification,catalysis today,2024.0,"herrera-beurnio m, c. et al.",ok,"catalyst loading calc: 0.08 g/l × 1200.0 ml = 96.00 mg; glycerol std: (4.5/100×1261)/92.09 = 0.6162 m; wavelength_cutoff_nm=420nm inferred (xe lamp, visible cutoff)",high,medium,high,high,medium,low,low,0.5,32c7c1eb3636732c,3.2,4.21,86.0,1.0,3.89,5.65,-2.25,139.0,2.28,5.0,11.988233749620182
22,tio2,,,100.0,,ag,1.0,nanotube,anatase-rutile,2.28,1wt%ag/tio2,,,0.0,impregnation,450.0,5.0,visible,,300.0,300 w,,0,0,0,0,1,0.05,2.5,0.05 g/l,50.0,5.0,0.6847,5 vol%,25.0,,18426 μmol g⁻¹ h⁻¹,18426.0,10.1002/cphc.201301140,https://doi.org/10.1002/cphc.201301140,production of hydrogen by glycerol photoreforming using binary nitrogen–metal-promoted n-m-tio2 photocatalysts,chemphyschem,2014.0,taylor and m. mehta and a. samokhvalov,needs_review,light source='artificial' too vague; set to null; catalyst loading calc: 0.05 g/l × 50.0 ml = 2.50 mg; glycerol std: (5.0/100×1261)/92.09 = 0.6847 m; doi resolved via crossref api,high,medium,high,low,low,low,high,0.5,04eb022d3b86cf8f,3.2,4.21,86.0,1.0,3.89,4.26,-4.3,144.0,1.93,4.0,9.821572259334861
21,tio2,,,100.0,,ag,1.0,nanotube,anatase-rutile,2.28,1wt%ag/tio2,,,0.0,impregnation,450.0,5.0,visible,,300.0,300 w,,0,0,0,0,1,0.2,10.0,0.2 g/l,50.0,5.0,0.6847,5 vol%,25.0,,13614 μmol g⁻¹ h⁻¹,13614.0,10.1002/cphc.201301140,https://doi.org/10.1002/cphc.201301140,production of hydrogen by glycerol photoreforming using binary nitrogen–metal-promoted n-m-tio2 photocatalysts,chemphyschem,2014.0,taylor and m. mehta and a. samokhvalov,needs_review,catalyst loading calc: 0.2 g/l × 50.0 ml = 10.00 mg; glycerol std: (5.0/100×1261)/92.09 = 0.6847 m; doi resolved via crossref api,high,medium,high,low,low,low,high,0.5,0fe2e8ad211dc2a5,3.2,4.21,86.0,1.0,3.89,4.26,-4.3,144.0,1.93,4.0,9.51892740510786
20,tio2,,,100.0,,ag,1.0,nanotube,anatase-rutile,2.28,1wt%ag/tio2,,,0.0,impregnation,450.0,5.0,visible,,300.0,300 w,,0,0,0,0,1,0.15,7.5,0.15 g/l,50.0,5.0,0.6847,5 vol%,25.0,,17756 μmol g⁻¹ h⁻¹,17756.0,10.1002/cphc.201301140,https://doi.org/10.1002/cphc.201301140,production of hydrogen by glycerol photoreforming using binary nitrogen–metal-promoted n-m-tio2 photocatalysts,chemphyschem,2014.0,taylor and m. mehta and a. samokhvalov,needs_review,catalyst loading calc: 0.15 g/l × 50.0 ml = 7.50 mg; glycerol std: (5.0/100×1261)/92.09 = 0.6847 m; doi resolved via crossref api,high,medium,high,low,low,low,high,0.5,b76382a009853ac7,3.2,4.21,86.0,1.0,3.89,4.26,-4.3,144.0,1.93,4.0,9.784535083358834
19,tio2,,,100.0,,ag,1.0,nanotube,anatase-rutile,2.28,1wt%ag/tio2,,,0.0,impregnation,450.0,5.0,visible,,300.0,300 w,,0,0,0,0,1,0.05,2.5,0.05 g/l,50.0,5.0,0.6847,5 vol%,25.0,,19127 μmol g⁻¹ h⁻¹,19127.0,10.1002/cphc.201301140,https://doi.org/10.1002/cphc.201301140,production of hydrogen by glycerol photoreforming using binary nitrogen–metal-promoted n-m-tio2 photocatalysts,chemphyschem,2014.0,taylor and m. mehta and a. samokhvalov,needs_review,catalyst loading calc: 0.05 g/l × 50.0 ml = 2.50 mg; glycerol std: (5.0/100×1261)/92.09 = 0.6847 m; doi resolved via crossref api,high,medium,high,low,low,low,high,0.5,5369f4b9ebb864b7,3.2,4.21,86.0,1.0,3.89,4.26,-4.3,144.0,1.93,4.0,9.85890850913816
18,tio2,,,100.0,,ag,10.0,nanotube,anatase-rutile,2.08,10wt%ag/tio2,,,0.0,impregnation,450.0,5.0,visible,,300.0,300 w,,0,0,0,0,1,0.1,5.0,0.1 g/l,50.0,5.0,0.6847,5 vol%,25.0,,2123.9 μmol g⁻¹ h⁻¹,2123.9,10.1002/cphc.201301140,https://doi.org/10.1002/cphc.201301140,production of hydrogen by glycerol photoreforming using binary nitrogen–metal-promoted n-m-tio2 photocatalysts,chemphyschem,2014.0,taylor and m. mehta and a. samokhvalov,needs_review,catalyst loading calc: 0.1 g/l × 50.0 ml = 5.00 mg; glycerol std: (5.0/100×1261)/92.09 = 0.6847 m; doi resolved via crossref api,high,medium,high,low,low,low,high,0.5,1c768f6dfe406667,3.2,4.21,86.0,1.0,3.89,4.26,-4.3,144.0,1.93,4.0,7.661480021427686
17,tio2,,,100.0,,ag,8.0,nanotube,anatase-rutile,2.11,8wt%ag/tio2,,,0.0,impregnation,450.0,5.0,visible,,300.0,300 w,,0,0,0,0,1,0.1,5.0,0.1 g/l,50.0,5.0,0.6847,5 vol%,25.0,,7610.6 μmol g⁻¹ h⁻¹,7610.6,10.1002/cphc.201301140,https://doi.org/10.1002/cphc.201301140,production of hydrogen by glycerol photoreforming using binary nitrogen–metal-promoted n-m-tio2 photocatalysts,chemphyschem,2014.0,taylor and m. mehta and a. samokhvalov,needs_review,catalyst loading calc: 0.1 g/l × 50.0 ml = 5.00 mg; glycerol std: (5.0/100×1261)/92.09 = 0.6847 m; doi resolved via crossref api,high,medium,high,low,low,low,high,0.5,0cf165c323de7395,3.2,4.21,86.0,1.0,3.89,4.26,-4.3,144.0,1.93,4.0,8.937428678427851
16,tio2,,,100.0,,ag,6.0,nanotube,anatase-rutile,2.14,6wt%ag/tio2,,,0.0,impregnation,450.0,5.0,visible,,300.0,300 w,,0,0,0,0,1,0.1,5.0,0.1 g/l,50.0,5.0,0.6847,5 vol%,25.0,,10442 μmol g⁻¹ h⁻¹,10442.0,10.1002/cphc.201301140,https://doi.org/10.1002/cphc.201301140,production of hydrogen by glycerol photoreforming using binary nitrogen–metal-promoted n-m-tio2 photocatalysts,chemphyschem,2014.0,taylor and m. mehta and a. samokhvalov,needs_review,catalyst loading calc: 0.1 g/l × 50.0 ml = 5.00 mg; glycerol std: (5.0/100×1261)/92.09 = 0.6847 m; doi resolved via crossref api,high,medium,high,low,low,low,high,0.5,a46cbe024a1242e9,3.2,4.21,86.0,1.0,3.89,4.26,-4.3,144.0,1.93,4.0,9.253687176479549
15,tio2,,,100.0,,ag,5.0,nanotube,anatase-rutile,2.18,5wt%ag/tio2,,,0.0,impregnation,450.0,5.0,visible,,300.0,300 w,,0,0,0,0,1,0.1,5.0,0.1 g/l,50.0,5.0,0.6847,5 vol%,25.0,,14749 μmol g⁻¹ h⁻¹,14749.0,10.1002/cphc.201301140,https://doi.org/10.1002/cphc.201301140,production of hydrogen by glycerol photoreforming using binary nitrogen–metal-promoted n-m-tio2 photocatalysts,chemphyschem,2014.0,taylor and m. mehta and a. samokhvalov,needs_review,catalyst loading calc: 0.1 g/l × 50.0 ml = 5.00 mg; glycerol std: (5.0/100×1261)/92.09 = 0.6847 m; doi resolved via crossref api,high,medium,high,low,low,low,high,0.5,c904c35eb6a5b364,3.2,4.21,86.0,1.0,3.89,4.26,-4.3,144.0,1.93,4.0,9.598998361767967
14,tio2,,,100.0,,ag,4.0,nanotube,anatase-rutile,2.21,4wt%ag/tio2,,,0.0,impregnation,450.0,5.0,visible,,300.0,300 w,,0,0,0,0,1,0.1,5.0,0.1 g/l,50.0,5.0,0.6847,5 vol%,25.0,,17109 μmol g⁻¹ h⁻¹,17109.0,10.1002/cphc.201301140,https://doi.org/10.1002/cphc.201301140,production of hydrogen by glycerol photoreforming using binary nitrogen–metal-promoted n-m-tio2 photocatalysts,chemphyschem,2014.0,taylor and m. mehta and a. samokhvalov,needs_review,catalyst loading calc: 0.1 g/l × 50.0 ml = 5.00 mg; glycerol std: (5.0/100×1261)/92.09 = 0.6847 m; doi resolved via crossref api,high,medium,high,low,low,low,high,0.5,a28d2c822453fb47,3.2,4.21,86.0,1.0,3.89,4.26,-4.3,144.0,1.93,4.0,9.747418366886238
13,tio2,,,100.0,,ag,3.0,nanotube,anatase-rutile,2.24,3wt%ag/tio2,,,0.0,impregnation,450.0,5.0,visible,,300.0,300 w,,0,0,0,0,1,0.1,5.0,0.1 g/l,50.0,5.0,0.6847,5 vol%,25.0,,19233 μmol g⁻¹ h⁻¹,19233.0,10.1002/cphc.201301140,https://doi.org/10.1002/cphc.201301140,production of hydrogen by glycerol photoreforming using binary nitrogen–metal-promoted n-m-tio2 photocatalysts,chemphyschem,2014.0,taylor and m. mehta and a. samokhvalov,needs_review,catalyst loading calc: 0.1 g/l × 50.0 ml = 5.00 mg; glycerol std: (5.0/100×1261)/92.09 = 0.6847 m; doi resolved via crossref api,high,medium,high,low,low,low,high,0.5,f0bbfbfe95197d05,3.2,4.21,86.0,1.0,3.89,4.26,-4.3,144.0,1.93,4.0,9.864434825272427
12,tio2,,,100.0,,ag,2.0,nanotube,anatase-rutile,2.26,2wt%ag/tio2,,,0.0,impregnation,450.0,5.0,visible,,300.0,300 w,,0,0,0,0,1,0.1,5.0,0.1 g/l,50.0,5.0,0.6847,5 vol%,25.0,,20531 μmol g⁻¹ h⁻¹,20531.0,10.1002/cphc.201301140,https://doi.org/10.1002/cphc.201301140,production of hydrogen by glycerol photoreforming using binary nitrogen–metal-promoted n-m-tio2 photocatalysts,chemphyschem,2014.0,taylor and m. mehta and a. samokhvalov,needs_review,catalyst loading calc: 0.1 g/l × 50.0 ml = 5.00 mg; glycerol std: (5.0/100×1261)/92.09 = 0.6847 m; doi resolved via crossref api,high,medium,high,low,low,low,high,0.5,51d3ea59b1ef637e,3.2,4.21,86.0,1.0,3.89,4.26,-4.3,144.0,1.93,4.0,9.929739923680193
11,tio2,,,100.0,,ag,1.0,nanotube,anatase-rutile,2.28,1wt%ag/tio2,,,0.0,impregnation,450.0,5.0,visible,,300.0,300 w,,0,0,0,0,1,0.1,5.0,0.1 g/l,50.0,5.0,0.6847,5 vol%,25.0,,23068 μmol g⁻¹ h⁻¹,23068.0,10.1002/cphc.201301140,https://doi.org/10.1002/cphc.201301140,production of hydrogen by glycerol photoreforming using binary nitrogen–metal-promoted n-m-tio2 photocatalysts,chemphyschem,2014.0,taylor and m. mehta and a. samokhvalov,needs_review,catalyst loading calc: 0.1 g/l × 50.0 ml = 5.00 mg; glycerol std: (5.0/100×1261)/92.09 = 0.6847 m; doi resolved via crossref api,high,medium,high,low,low,low,high,0.5,ca05641009a9382f,3.2,4.21,86.0,1.0,3.89,4.26,-4.3,144.0,1.93,4.0,10.046245003891086
10,tio2,,,100.0,,ag,0.5,nanotube,anatase-rutile,2.31,0.5wt%ag/tio2,,,0.0,impregnation,450.0,5.0,visible,,300.0,300 w,,0,0,0,0,1,0.1,5.0,0.1 g/l,50.0,5.0,0.6847,5 vol%,25.0,,17050 μmol g⁻¹ h⁻¹,17050.0,10.1002/cphc.201301140,https://doi.org/10.1002/cphc.201301140,production of hydrogen by glycerol photoreforming using binary nitrogen–metal-promoted n-m-tio2 photocatalysts,chemphyschem,2014.0,taylor and m. mehta and a. samokhvalov,needs_review,catalyst loading calc: 0.1 g/l × 50.0 ml = 5.00 mg; glycerol std: (5.0/100×1261)/92.09 = 0.6847 m; doi resolved via crossref api,high,medium,high,low,low,low,high,0.5,469ec3db3f32bfed,3.2,4.21,86.0,1.0,3.89,4.26,-4.3,144.0,1.93,4.0,9.743964132018151
33,tio2,,,100.0,,ag,2.0,nanotube,anatase-rutile,2.26,2wt%ag/tio2,,,0.0,impregnation,450.0,5.0,visible,,300.0,300 w,,0,0,0,0,1,0.1,5.0,0.1 g/l,50.0,5.0,0.6847,5 vol%,25.0,,20118 μmol g⁻¹ h⁻¹,20118.0,10.1002/cphc.201301140,https://doi.org/10.1002/cphc.201301140,production of hydrogen by glycerol photoreforming using binary nitrogen–metal-promoted n-m-tio2 photocatalysts,chemphyschem,2014.0,taylor and m. mehta and a. samokhvalov,needs_review,light source='artificial' too vague; set to null; catalyst loading calc: 0.1 g/l × 50.0 ml = 5.00 mg; glycerol std: (5.0/100×1261)/92.09 = 0.6847 m; doi resolved via crossref api,high,medium,high,low,low,low,high,0.5,fdd627184f39f9dc,3.2,4.21,86.0,1.0,3.89,4.26,-4.3,144.0,1.93,4.0,9.909419921189237
32,tio2,,,100.0,,ag,1.0,nanotube,anatase-rutile,2.28,1wt%ag/tio2,,,0.0,impregnation,450.0,5.0,visible,,300.0,300 w,,0,0,0,0,1,0.1,5.0,0.1 g/l,50.0,5.0,0.6847,5 vol%,25.0,,22537 μmol g⁻¹ h⁻¹,22537.0,10.1002/cphc.201301140,https://doi.org/10.1002/cphc.201301140,production of hydrogen by glycerol photoreforming using binary nitrogen–metal-promoted n-m-tio2 photocatalysts,chemphyschem,2014.0,taylor and m. mehta and a. samokhvalov,needs_review,light source='artificial' too vague; set to null; catalyst loading calc: 0.1 g/l × 50.0 ml = 5.00 mg; glycerol std: (5.0/100×1261)/92.09 = 0.6847 m; doi resolved via crossref api,high,medium,high,low,low,low,high,0.5,894a94d23a1a0327,3.2,4.21,86.0,1.0,3.89,4.26,-4.3,144.0,1.93,4.0,10.022958052512294
724,tio2,ag2o,,98.0,,,,nanocomposite,anatase-rutile,3.02,tio2/ag2o,hydrothermal,,0.0,impregnation,400.0,4.0,uv,hg lamp,400.0,400 w,,0,1,0,1,0,0.1,5.0,0.1 g/l,50.0,5.0,0.6847,5 vol%,25.0,,4801 μmol g⁻¹ h⁻¹,4801.0,10.1016/j.ijhydene.2014.07.073,https://doi.org/10.1016/j.ijhydene.2014.07.073,experimental design as a tool to study the reaction parameters in hydrogen production from photoinduced reforming of glycerol over cds photocatalyst,international journal of hydrogen energy,2014.0,bastos et al.,needs_review,catalyst loading calc: 0.1 g/l × 50.0 ml = 5.00 mg; glycerol std: (5.0/100×1261)/92.09 = 0.6847 m; co_catalyst set to 'none': bare semiconductor; doi resolved via crossref api,high,medium,high,high,low,low,high,0.5,791572b4c84e7ce7,3.2,4.21,86.0,1.0,3.89,0.0,0.0,0.0,0.0,0.0,8.4767877767812
723,tio2,ag2o,,99.0,,,,nanocomposite,anatase-rutile,3.06,tio2/ag2o,hydrothermal,,0.0,impregnation,400.0,4.0,uv,hg lamp,400.0,400 w,,0,1,0,1,0,0.1,5.0,0.1 g/l,50.0,5.0,0.6847,5 vol%,25.0,,2700 μmol g⁻¹ h⁻¹,2700.0,10.1016/j.ijhydene.2014.07.073,https://doi.org/10.1016/j.ijhydene.2014.07.073,experimental design as a tool to study the reaction parameters in hydrogen production from photoinduced reforming of glycerol over cds photocatalyst,international journal of hydrogen energy,2014.0,bastos et al.,needs_review,catalyst loading calc: 0.1 g/l × 50.0 ml = 5.00 mg; glycerol std: (5.0/100×1261)/92.09 = 0.6847 m; co_catalyst set to 'none': bare semiconductor; doi resolved via crossref api,high,medium,high,high,low,low,high,0.5,a87ee8d0fd3fe904,3.2,4.21,86.0,1.0,3.89,0.0,0.0,0.0,0.0,0.0,7.901377353792616
722,tio2,ag2o,,99.5,,,,nanocomposite,anatase-rutile,3.1,tio2/ag2o,hydrothermal,,0.0,impregnation,400.0,4.0,uv,hg lamp,400.0,400 w,,0,1,0,1,0,0.1,5.0,0.1 g/l,50.0,5.0,0.6847,5 vol%,25.0,,1500 μmol g⁻¹ h⁻¹,1500.0,10.1016/j.ijhydene.2014.07.073,https://doi.org/10.1016/j.ijhydene.2014.07.073,experimental design as a tool to study the reaction parameters in hydrogen production from photoinduced reforming of glycerol over cds photocatalyst,international journal of hydrogen energy,2014.0,bastos et al.,needs_review,catalyst loading calc: 0.1 g/l × 50.0 ml = 5.00 mg; glycerol std: (5.0/100×1261)/92.09 = 0.6847 m; co_catalyst set to 'none': bare semiconductor; doi resolved via crossref api,high,medium,high,high,low,low,high,0.5,46bb5e6c85b12400,3.2,4.21,86.0,1.0,3.89,0.0,0.0,0.0,0.0,0.0,7.313886831633462
721,tio2,,,100.0,,,,nanocomposite,anatase-rutile,3.04,tio2,,,0.0,hydrothermal,500.0,1.0,uv,hg lamp,400.0,400 w,,0,1,0,1,0,0.1,5.0,0.1 g/l,50.0,5.0,0.6847,5 vol%,25.0,,500 μmol g⁻¹ h⁻¹,500.0,10.1016/j.ijhydene.2014.07.073,https://doi.org/10.1016/j.ijhydene.2014.07.073,experimental design as a tool to study the reaction parameters in hydrogen production from photoinduced reforming of glycerol over cds photocatalyst,international journal of hydrogen energy,2014.0,bastos et al.,needs_review,catalyst loading calc: 0.1 g/l × 50.0 ml = 5.00 mg; glycerol std: (5.0/100×1261)/92.09 = 0.6847 m; co_catalyst set to 'none': bare semiconductor; doi resolved via crossref api,high,medium,high,high,low,low,high,0.5,a368c06871ee8047,3.2,4.21,86.0,1.0,3.89,0.0,0.0,0.0,0.0,0.0,6.2166061010848646
720,tio2,,,100.0,,,,nanocomposite,anatase-rutile,3.18,tio2,,,0.0,hydrothermal,400.0,1.0,uv,hg lamp,400.0,400 w,,0,1,0,1,0,0.1,5.0,0.1 g/l,50.0,5.0,0.6847,5 vol%,25.0,,700 μmol g⁻¹ h⁻¹,700.0,10.1016/j.ijhydene.2014.07.073,https://doi.org/10.1016/j.ijhydene.2014.07.073,experimental design as a tool to study the reaction parameters in hydrogen production from photoinduced reforming of glycerol over cds photocatalyst,international journal of hydrogen energy,2014.0,bastos et al.,needs_review,catalyst loading calc: 0.1 g/l × 50.0 ml = 5.00 mg; glycerol std: (5.0/100×1261)/92.09 = 0.6847 m; co_catalyst set to 'none': bare semiconductor; doi resolved via crossref api,high,medium,high,high,low,low,high,0.5,f884c4fb63040ad3,3.2,4.21,86.0,1.0,3.89,0.0,0.0,0.0,0.0,0.0,6.55250788703459
884,zno,cuo,,,,,,nanocomposite,,3.11,zno/cuo,,,0.0,,,0.0,visible,xe lamp,300.0,300 w,420.0,1,0,0,0,1,0.67,50.25,0.67 g/l,75.0,10.0,1.3693,10 vol%,25.0,,930 μmol g⁻¹ h⁻¹,930.0,10.1016/j,https://doi.org/10.1016/j,needs_verification,international journal of hydrogen energy,2023.0,"ahmad, i. et al.",needs_review,"catalyst loading calc: 0.67 g/l × 75.0 ml = 50.25 mg; glycerol std: (10.0/100×1261)/92.09 = 1.3693 m; co_catalyst set to 'none': bare semiconductor; wavelength_cutoff_nm=420nm inferred (xe lamp, visible cutoff)",high,medium,high,high,medium,low,high,0.5,45127bf43d741a2f,3.37,4.35,8.5,3.0,5.61,0.0,0.0,0.0,0.0,0.0,6.836259277277067
0,tio2,g-c3n4,,50.0,10.0,ag,3.0,nanocomposite,anatase,,3wt%ag/tio2/g-c3n4,hydrothermal,,0.0,sol-gel,400.0,3.0,visible,xe lamp,35.0,35 w,420.0,1,0,0,0,1,0.38,49.4,0.38 g/l,130.0,5.0,0.6847,5 vol%,25.0,,8598.8 μmol g⁻¹ h⁻¹,8598.8,10.1016/j.renene.2020.04.020,https://doi.org/10.1016/j.renene.2020.04.020,solar photocatalytic hydrogen production from glycerol reforming using ternary cu/ths/graphene,conference of the south african advanced materials initiative (proceedings),2020.0,seadira et al.,needs_review,"catalyst loading calc: 0.38 g/l × 130.0 ml = 49.40 mg; glycerol std: (5.0/100×1261)/92.09 = 0.6847 m; warning: conference proceedings, not journal article. cannot cite with doi.; wavelength_cutoff_nm=420nm inferred (xe lamp, visible cutoff); doi resolved via crossref api",high,medium,high,high,medium,low,low,0.5,e38685b6e7c83d79,3.2,4.21,86.0,1.0,3.89,4.26,-4.3,144.0,1.93,4.0,9.059494226157225
1,tio2,g-c3n4,,50.0,10.0,ag,3.0,nanocomposite,anatase,,3wt%ag/tio2/g-c3n4,hydrothermal,,0.0,sol-gel,400.0,3.0,visible,xe lamp,35.0,35 w,420.0,1,0,0,0,1,0.77,100.1,0.77 g/l,130.0,5.0,0.6847,5 vol%,25.0,,8886.2 μmol g⁻¹ h⁻¹,8886.2,10.1016/j.renene.2020.04.020,https://doi.org/10.1016/j.renene.2020.04.020,solar photocatalytic hydrogen production from glycerol reforming using ternary cu/ths/graphene,conference of the south african advanced materials initiative (proceedings),2020.0,seadira et al.,needs_review,"catalyst loading calc: 0.77 g/l × 130.0 ml = 100.10 mg; glycerol std: (5.0/100×1261)/92.09 = 0.6847 m; warning: conference proceedings, not journal article. cannot cite with doi.; wavelength_cutoff_nm=420nm inferred (xe lamp, visible cutoff); doi resolved via crossref api",high,medium,high,high,medium,low,low,0.5,eae0f301bb7395a9,3.2,4.21,86.0,1.0,3.89,4.26,-4.3,144.0,1.93,4.0,9.092367318267513
3,tio2,g-c3n4,,50.0,10.0,ag,3.0,nanocomposite,anatase,,3wt%ag/tio2/g-c3n4,hydrothermal,,0.0,sol-gel,400.0,3.0,visible,xe lamp,35.0,35 w,420.0,1,0,0,0,1,1.54,200.2,1.54 g/l,130.0,5.0,0.6847,5 vol%,25.0,,7856.3 μmol g⁻¹ h⁻¹,7856.3,10.1016/j.renene.2020.04.020,https://doi.org/10.1016/j.renene.2020.04.020,solar photocatalytic hydrogen production from glycerol reforming using ternary cu/ths/graphene,conference of the south african advanced materials initiative (proceedings),2020.0,seadira et al.,needs_review,"catalyst loading calc: 1.54 g/l × 130.0 ml = 200.20 mg; glycerol std: (5.0/100×1261)/92.09 = 0.6847 m; warning: conference proceedings, not journal article. cannot cite with doi.; wavelength_cutoff_nm=420nm inferred (xe lamp, visible cutoff); doi resolved via crossref api",high,medium,high,high,medium,low,low,0.5,016ecdc675f365d9,3.2,4.21,86.0,1.0,3.89,4.26,-4.3,144.0,1.93,4.0,8.969198314959298
38,tio2,,,100.0,,ag,8.0,nanotube,anatase-rutile,2.11,8wt%ag/tio2,,,0.0,impregnation,450.0,5.0,visible,,300.0,300 w,,0,0,0,0,1,0.1,5.0,0.1 g/l,50.0,5.0,0.6847,5 vol%,25.0,,7020.6 μmol g⁻¹ h⁻¹,7020.6,10.1002/cphc.201301140,https://doi.org/10.1002/cphc.201301140,production of hydrogen by glycerol photoreforming using binary nitrogen–metal-promoted n-m-tio2 photocatalysts,chemphyschem,2014.0,taylor and m. mehta and a. samokhvalov,needs_review,light source='artificial' too vague; set to null; catalyst loading calc: 0.1 g/l × 50.0 ml = 5.00 mg; glycerol std: (5.0/100×1261)/92.09 = 0.6847 m; doi resolved via crossref api,high,medium,high,low,low,low,high,0.5,f83eee81c37693d7,3.2,4.21,86.0,1.0,3.89,4.26,-4.3,144.0,1.93,4.0,8.856746391277907
37,tio2,,,100.0,,ag,6.0,nanotube,anatase-rutile,2.14,6wt%ag/tio2,,,0.0,impregnation,450.0,5.0,visible,,300.0,300 w,,0,0,0,0,1,0.1,5.0,0.1 g/l,50.0,5.0,0.6847,5 vol%,25.0,,9793.5 μmol g⁻¹ h⁻¹,9793.5,10.1002/cphc.201301140,https://doi.org/10.1002/cphc.201301140,production of hydrogen by glycerol photoreforming using binary nitrogen–metal-promoted n-m-tio2 photocatalysts,chemphyschem,2014.0,taylor and m. mehta and a. samokhvalov,needs_review,light source='artificial' too vague; set to null; catalyst loading calc: 0.1 g/l × 50.0 ml = 5.00 mg; glycerol std: (5.0/100×1261)/92.09 = 0.6847 m; doi resolved via crossref api,high,medium,high,low,low,low,high,0.5,ce16545f4f2f5997,3.2,4.21,86.0,1.0,3.89,4.26,-4.3,144.0,1.93,4.0,9.189576282623456
36,tio2,,,100.0,,ag,5.0,nanotube,anatase-rutile,2.18,5wt%ag/tio2,,,0.0,impregnation,450.0,5.0,visible,,300.0,300 w,,0,0,0,0,1,0.1,5.0,0.1 g/l,50.0,5.0,0.6847,5 vol%,25.0,,14159 μmol g⁻¹ h⁻¹,14159.0,10.1002/cphc.201301140,https://doi.org/10.1002/cphc.201301140,production of hydrogen by glycerol photoreforming using binary nitrogen–metal-promoted n-m-tio2 photocatalysts,chemphyschem,2014.0,taylor and m. mehta and a. samokhvalov,needs_review,light source='artificial' too vague; set to null; catalyst loading calc: 0.1 g/l × 50.0 ml = 5.00 mg; glycerol std: (5.0/100×1261)/92.09 = 0.6847 m; doi resolved via crossref api,high,medium,high,low,low,low,high,0.5,611afa08cd8084c8,3.2,4.21,86.0,1.0,3.89,4.26,-4.3,144.0,1.93,4.0,9.558176367247711
35,tio2,,,100.0,,ag,4.0,nanotube,anatase-rutile,2.21,4wt%ag/tio2,,,0.0,impregnation,450.0,5.0,visible,,300.0,300 w,,0,0,0,0,1,0.1,5.0,0.1 g/l,50.0,5.0,0.6847,5 vol%,25.0,,16460 μmol g⁻¹ h⁻¹,16460.0,10.1002/cphc.201301140,https://doi.org/10.1002/cphc.201301140,production of hydrogen by glycerol photoreforming using binary nitrogen–metal-promoted n-m-tio2 photocatalysts,chemphyschem,2014.0,taylor and m. mehta and a. samokhvalov,needs_review,light source='artificial' too vague; set to null; catalyst loading calc: 0.1 g/l × 50.0 ml = 5.00 mg; glycerol std: (5.0/100×1261)/92.09 = 0.6847 m; doi resolved via crossref api,high,medium,high,low,low,low,high,0.5,8b1cd898c712faa4,3.2,4.21,86.0,1.0,3.89,4.26,-4.3,144.0,1.93,4.0,9.708749225727084
34,tio2,,,100.0,,ag,3.0,nanotube,anatase-rutile,2.24,3wt%ag/tio2,,,0.0,impregnation,450.0,5.0,visible,,300.0,300 w,,0,0,0,0,1,0.1,5.0,0.1 g/l,50.0,5.0,0.6847,5 vol%,25.0,,18761 μmol g⁻¹ h⁻¹,18761.0,10.1002/cphc.201301140,https://doi.org/10.1002/cphc.201301140,production of hydrogen by glycerol photoreforming using binary nitrogen–metal-promoted n-m-tio2 photocatalysts,chemphyschem,2014.0,taylor and m. mehta and a. samokhvalov,needs_review,light source='artificial' too vague; set to null; catalyst loading calc: 0.1 g/l × 50.0 ml = 5.00 mg; glycerol std: (5.0/100×1261)/92.09 = 0.6847 m; doi resolved via crossref api,high,medium,high,low,low,low,high,0.5,8664c31517b5602a,3.2,4.21,86.0,1.0,3.89,4.26,-4.3,144.0,1.93,4.0,9.839588826685896
554,tio2,,,100.0,,pt,0.1,nanoparticle,anatase-brookite,,0.1wt%pt/tio2,,,0.0,sol-gel,400.0,2.0,visible,xe lamp,100.0,100 w,420.0,1,0,0,0,1,0.08,96.0,0.08 g/l,1200.0,4.5,0.6162,4.5 vol%,30.0,,58227 μmol g⁻¹ h⁻¹,58227.0,10.1016/j,https://doi.org/10.1016/j,needs_verification,catalysis today,2024.0,"herrera-beurnio m, c. et al.",ok,"catalyst loading calc: 0.08 g/l × 1200.0 ml = 96.00 mg; glycerol std: (4.5/100×1261)/92.09 = 0.6162 m; wavelength_cutoff_nm=420nm inferred (xe lamp, visible cutoff)",high,medium,high,high,medium,low,low,0.5,e1fb0b26f3434767,3.2,4.21,86.0,1.0,3.89,5.65,-2.25,139.0,2.28,5.0,10.972121617684552
553,tio2,,,100.0,,pt,0.1,nanoparticle,anatase-brookite,,0.1wt%pt/tio2,,,0.0,photodeposition,,0.0,visible,xe lamp,100.0,100 w,420.0,1,0,0,0,1,0.08,96.0,0.08 g/l,1200.0,4.5,0.6162,4.5 vol%,30.0,,149790 μmol g⁻¹ h⁻¹,149790.0,10.1016/j,https://doi.org/10.1016/j,needs_verification,catalysis today,2024.0,"herrera-beurnio m, c. et al.",ok,"catalyst loading calc: 0.08 g/l × 1200.0 ml = 96.00 mg; glycerol std: (4.5/100×1261)/92.09 = 0.6162 m; wavelength_cutoff_nm=420nm inferred (xe lamp, visible cutoff)",high,medium,high,high,medium,low,low,0.5,92c13e2a6ea1e355,3.2,4.21,86.0,1.0,3.89,5.65,-2.25,139.0,2.28,5.0,11.916996268153564
868,tio2,cunb2o6,,,5.0,,,nanocomposite,anatase,,tio2/cunb2o6,,,0.0,impregnation,,0.0,visible,hg-xe lamp,450.0,450 w,420.0,1,1,0,0,1,0.2,10.0,0.2 g/l,50.0,10.0,1.3693,10 vol%,,,10800 μmol g⁻¹ h⁻¹,10800.0,10.1021/acsaem,https://doi.org/10.1021/acsaem,needs_verification,materials,2023.0,"ravi, p. et al.",needs_review,"catalyst loading calc: 0.2 g/l × 50.0 ml = 10.00 mg; glycerol std: (10.0/100×1261)/92.09 = 1.3693 m; co_catalyst set to 'none': bare semiconductor; wavelength_cutoff_nm=420nm inferred (xe lamp, visible cutoff)",high,medium,high,high,medium,low,low,0.375,79109b92444c4fb9,3.2,4.21,86.0,1.0,3.89,0.0,0.0,0.0,0.0,0.0,9.287394001418473
9,tio2,,,100.0,,ag,2.0,hollow sphere,anatase,2.4,2wt%ag/tio2,hydrothermal,,0.0,impregnation,450.0,5.0,visible,,,,,0,0,0,0,1,2.0,100.0,2 g/l,50.0,5.0,0.6847,5 vol%,25.0,,6370 μmol g⁻¹ h⁻¹,6370.0,10.1016/j.apcatb.2017.09.072,https://doi.org/10.1016/j.apcatb.2017.09.072,preparation and characterization of metals supported on nanostructured tio2 hollow spheres for production of hydrogen via photocatalytic reforming of glycerol,applied catalysis b: environmental,2018.0,seadira et al.,needs_review,catalyst loading calc: 2.0 g/l × 50.0 ml = 100.00 mg; glycerol std: (5.0/100×1261)/92.09 = 0.6847 m; doi resolved via crossref api,high,medium,high,low,low,low,high,0.375,9c15178717e57936,3.2,4.21,86.0,1.0,3.89,4.26,-4.3,144.0,1.93,4.0,8.759511722116487
869,tio2,cunb2o6,,,7.5,,,nanocomposite,anatase,,tio2/cunb2o6,,,0.0,impregnation,,0.0,visible,hg-xe lamp,450.0,450 w,420.0,1,1,0,0,1,0.2,10.0,0.2 g/l,50.0,10.0,1.3693,10 vol%,,,14600 μmol g⁻¹ h⁻¹,14600.0,10.1021/acsaem,https://doi.org/10.1021/acsaem,needs_verification,materials,2023.0,"ravi, p. et al.",needs_review,"catalyst loading calc: 0.2 g/l × 50.0 ml = 10.00 mg; glycerol std: (10.0/100×1261)/92.09 = 1.3693 m; co_catalyst set to 'none': bare semiconductor; wavelength_cutoff_nm=420nm inferred (xe lamp, visible cutoff)",high,medium,high,high,medium,low,low,0.375,4414aa3b39b0fc35,3.2,4.21,86.0,1.0,3.89,0.0,0.0,0.0,0.0,0.0,9.588845298501564
870,tio3,cunb2o6,,,10.0,,,nanocomposite,anatase,,tio3/cunb2o6,,,0.0,impregnation,,0.0,visible,hg-xe lamp,450.0,450 w,420.0,1,1,0,0,1,0.2,10.0,0.2 g/l,50.0,10.0,1.3693,10 vol%,,,11800 μmol g⁻¹ h⁻¹,11800.0,10.1021/acsaem,https://doi.org/10.1021/acsaem,needs_verification,materials,2023.0,"ravi, p. et al.",needs_review,"catalyst loading calc: 0.2 g/l × 50.0 ml = 10.00 mg; glycerol std: (10.0/100×1261)/92.09 = 1.3693 m; co_catalyst unknown - original data did not specify; wavelength_cutoff_nm=420nm inferred (xe lamp, visible cutoff)",high,medium,high,high,medium,low,low,0.375,47bdea63f2a2cf0c,3.0,4.2,20.0,1.0,5.0,0.0,0.0,0.0,0.0,0.0,9.375939552625749
871,ceo2,rgo,,,1.0,,,nanocomposite,,,ceo2/rgo,,,0.0,photodeposition,,0.0,visible,xe lamp,150.0,150 w,420.0,1,0,0,0,1,1.0,5.0,1 g/l,5.0,10.0,1.3693,10 vol%,,,20 μmol g⁻¹ h⁻¹,20.0,10.3390/ma16020747,https://doi.org/10.3390/ma16020747,needs_verification,materials,2023.0,"balsamo s, a. et al.",needs_review,"catalyst loading calc: 1.0 g/l × 5.0 ml = 5.00 mg; glycerol std: (10.0/100×1261)/92.09 = 1.3693 m; co_catalyst set to 'none': bare semiconductor; wavelength_cutoff_nm=420nm inferred (xe lamp, visible cutoff)",high,medium,high,high,medium,low,low,0.375,31dc2679c9efd599,3.1,4.4,26.0,4.0,7.22,0.0,0.0,0.0,0.0,0.0,3.044522437723423
852,sral2o4,ag2o,,97.0,,,,nanocomposite,,2.71,sral2o4/ag2o,sol-gel,,0.0,impregnation,,0.0,visible,xe lamp,,,420.0,1,0,0,0,1,1.2,120.0,1.2 g/l,100.0,10.0,1.3693,10 vol%,25.0,,144.55 μmol g⁻¹ h⁻¹,144.55,10.1016/j.renene.2020.05.168,https://doi.org/10.1016/j.renene.2020.05.168,rational design of ru(ii)-phenanthroline complex embedded porous tio2 photocatalyst for efficient hydrogen production,international journal of hydrogen energy,2020.0,gonuguntla et al.,needs_review,catalyst loading calc: 1.2 g/l × 100.0 ml = 120.00 mg; glycerol std: (10.0/100×1261)/92.09 = 1.3693 m; co_catalyst set to 'none': bare semiconductor; doi resolved via crossref api,high,medium,high,high,medium,low,high,0.375,8c2c5dedf8ce6104,5.8,1.5,9.8,5.0,3.5,0.0,0.0,0.0,0.0,0.0,4.980519670191632
851,sral2o4,ag2o,,98.0,,,,nanocomposite,,2.77,sral2o4/ag2o,sol-gel,,0.0,impregnation,,0.0,visible,xe lamp,,,420.0,1,0,0,0,1,1.2,120.0,1.2 g/l,100.0,10.0,1.3693,10 vol%,25.0,,86.66 μmol g⁻¹ h⁻¹,86.66,10.1016/j.renene.2020.05.168,https://doi.org/10.1016/j.renene.2020.05.168,rational design of ru(ii)-phenanthroline complex embedded porous tio2 photocatalyst for efficient hydrogen production,international journal of hydrogen energy,2020.0,gonuguntla et al.,needs_review,catalyst loading calc: 1.2 g/l × 100.0 ml = 120.00 mg; glycerol std: (10.0/100×1261)/92.09 = 1.3693 m; co_catalyst set to 'none': bare semiconductor; doi resolved via crossref api,high,medium,high,high,medium,low,high,0.375,9854020bebe64b69,5.8,1.5,9.8,5.0,3.5,0.0,0.0,0.0,0.0,0.0,4.473465694990663
850,sral2o4,ag2o,,99.0,,,,nanocomposite,,3.59,sral2o4/ag2o,sol-gel,,0.0,impregnation,,0.0,visible,xe lamp,,,420.0,1,0,0,0,1,1.2,120.0,1.2 g/l,100.0,10.0,1.3693,10 vol%,25.0,,4.97 μmol g⁻¹ h⁻¹,4.97,10.1016/j.renene.2020.05.168,https://doi.org/10.1016/j.renene.2020.05.168,rational design of ru(ii)-phenanthroline complex embedded porous tio2 photocatalyst for efficient hydrogen production,international journal of hydrogen energy,2020.0,gonuguntla et al.,needs_review,catalyst loading calc: 1.2 g/l × 100.0 ml = 120.00 mg; glycerol std: (10.0/100×1261)/92.09 = 1.3693 m; co_catalyst set to 'none': bare semiconductor; doi resolved via crossref api,high,medium,high,high,medium,low,high,0.375,4414e47604ae29b3,5.8,1.5,9.8,5.0,3.5,0.0,0.0,0.0,0.0,0.0,1.7867469274045107
849,sral2o4,ag2o,,99.5,,,,nanocomposite,,4.41,sral2o4/ag2o,sol-gel,,0.0,impregnation,,0.0,visible,xe lamp,,,420.0,1,0,0,0,1,1.2,120.0,1.2 g/l,100.0,10.0,1.3693,10 vol%,25.0,,4.35 μmol g⁻¹ h⁻¹,4.35,10.1016/j.renene.2020.05.168,https://doi.org/10.1016/j.renene.2020.05.168,rational design of ru(ii)-phenanthroline complex embedded porous tio2 photocatalyst for efficient hydrogen production,international journal of hydrogen energy,2020.0,gonuguntla et al.,needs_review,catalyst loading calc: 1.2 g/l × 100.0 ml = 120.00 mg; glycerol std: (10.0/100×1261)/92.09 = 1.3693 m; co_catalyst set to 'none': bare semiconductor; doi resolved via crossref api,high,medium,high,high,medium,low,high,0.375,6d3de187c8df45be,5.8,1.5,9.8,5.0,3.5,0.0,0.0,0.0,0.0,0.0,1.6770965609079151
848,sral2o4,cnt,,96.0,,,,nanocomposite,,4.64,sral2o4/cnt,sol-gel,,0.0,,,0.0,visible,xe lamp,,,420.0,1,0,0,0,1,1.2,120.0,1.2 g/l,100.0,10.0,1.3693,10 vol%,25.0,,3.7 μmol g⁻¹ h⁻¹,3.7,10.1016/j.ijhydene.2018.12.095,https://doi.org/10.1016/j.ijhydene.2018.12.095,la-modified tio2/carbon nanotubes assembly nanocomposite for efficient photocatalytic hydrogen evolution from glycerol-water mixture,international journal of hydrogen energy,2019.0,tahir,needs_review,catalyst loading calc: 1.2 g/l × 100.0 ml = 120.00 mg; glycerol std: (10.0/100×1261)/92.09 = 1.3693 m; co_catalyst set to 'none': bare semiconductor; doi resolved via crossref api,high,medium,high,high,medium,low,high,0.375,6933c35f08d15f5d,5.8,1.5,9.8,5.0,3.5,0.0,0.0,0.0,0.0,0.0,1.547562508716013
847,sral2o4,,,100.0,,,,nanocomposite,,4.69,sral2o4,sol-gel,,0.0,sol-gel,,0.0,visible,xe lamp,,,420.0,1,0,0,0,1,1.2,120.0,1.2 g/l,100.0,10.0,1.3693,10 vol%,25.0,,3.11 μmol g⁻¹ h⁻¹,3.11,10.1016/j.renene.2020.05.168,https://doi.org/10.1016/j.renene.2020.05.168,rational design of ru(ii)-phenanthroline complex embedded porous tio2 photocatalyst for efficient hydrogen production,international journal of hydrogen energy,2020.0,gonuguntla et al.,needs_review,catalyst loading calc: 1.2 g/l × 100.0 ml = 120.00 mg; glycerol std: (10.0/100×1261)/92.09 = 1.3693 m; co_catalyst set to 'none': bare semiconductor; doi resolved via crossref api,high,medium,high,high,medium,low,high,0.375,bad8f22ae389360d,5.8,1.5,9.8,5.0,3.5,0.0,0.0,0.0,0.0,0.0,1.413423028508143
839,tio2,cuo,,98.5,,,,nanocomposite,anatase-rutile,3.03,tio2/cuo,,,0.0,molten salt,500.0,4.0,uv,led,20.0,20 w,365.0,0,0,1,1,0,0.1,5.0,0.1 g/l,50.0,5.0,0.6847,5 vol%,,,20360 μmol g⁻¹ h⁻¹,20360.0,10.1016/j.solener.2020.11.030,https://doi.org/10.1016/j.solener.2020.11.030,reduced graphene oxide as a solid-state mediator in tio2/in0.5wo3 s-scheme photocatalyst for hydrogen production,solar energy,2021.0,shaheer et al.,needs_review,catalyst loading calc: 0.1 g/l × 50.0 ml = 5.00 mg; glycerol std: (5.0/100×1261)/92.09 = 0.6847 m; co_catalyst set to 'none': bare semiconductor; doi resolved via crossref api,high,medium,high,high,medium,low,high,0.375,f1fb85a4a3bf5721,3.2,4.21,86.0,1.0,3.89,0.0,0.0,0.0,0.0,0.0,9.921376585371869
835,zns,nio,,,,,,nanocomposite,,,zns/nio,co-precipitation,,0.0,wet-chemical,,0.0,visible,,,,,0,0,0,0,1,0.06,10.8,0.06 g/l,180.0,10.0,1.3693,10 vol%,25.0,,9300 μmol g⁻¹ h⁻¹,9300.0,10.1021/jp107405u,https://doi.org/10.1021/jp107405u,highly stabilized and finely dispersed cu2o/tio2: a promising visible sensitive photocatalyst for continuous production of hydrogen from glycerol: water mixtures,the journal of physical chemistry c,2010.0,lalitha et al.,needs_review,catalyst loading calc: 0.06 g/l × 180.0 ml = 10.80 mg; glycerol std: (10.0/100×1261)/92.09 = 1.3693 m; co_catalyst unknown - original data did not specify; doi resolved via crossref api,high,medium,high,low,low,low,low,0.375,d167ef4661f3a00c,3.54,3.9,8.3,3.0,4.09,0.0,0.0,0.0,0.0,0.0,9.137877200242468
54,la0.2na0.98tao3,,,100.0,,ag,2.0,nanoparticle,,3.54,2wt%ag/la0.2na0.98tao3,sol-gel,450.0,4.0,photodeposition,,0.0,uv,xe lamp,500.0,500 w,320.0,1,0,0,1,0,0.25,50.0,0.25 g/l,200.0,10.0,1.3693,10 vol%,,,332.43 μmol g⁻¹ h⁻¹,332.43,10.1016/j.ijhydene.2017.04.239,https://doi.org/10.1016/j.ijhydene.2017.04.239,photocatalytic h2 production from glycerol–water mixtures over ni/γ-al2o3 and tio2 composite systems,international journal of hydrogen energy,2017.0,gullapelli and s. m. s. scurrell and d. k. valluri,needs_review,catalyst loading calc: 0.25 g/l × 200.0 ml = 50.00 mg; glycerol std: (10.0/100×1261)/92.09 = 1.3693 m; doi resolved via crossref api,high,medium,high,high,medium,low,high,0.375,d6ae8a8839e91453,4.0,3.5,45.0,7.0,7.8,4.26,-4.3,144.0,1.93,4.0,5.809432948272155
53,la0.2na0.98tao3,,,100.0,,ag,1.5,nanoparticle,,3.54,1.5wt%ag/la0.2na0.98tao3,sol-gel,450.0,4.0,photodeposition,,0.0,uv,xe lamp,500.0,500 w,320.0,1,0,0,1,0,0.25,50.0,0.25 g/l,200.0,10.0,1.3693,10 vol%,,,329.53 μmol g⁻¹ h⁻¹,329.53,10.1016/j.ijhydene.2017.04.239,https://doi.org/10.1016/j.ijhydene.2017.04.239,photocatalytic h2 production from glycerol–water mixtures over ni/γ-al2o3 and tio2 composite systems,international journal of hydrogen energy,2017.0,gullapelli and s. m. s. scurrell and d. k. valluri,needs_review,catalyst loading calc: 0.25 g/l × 200.0 ml = 50.00 mg; glycerol std: (10.0/100×1261)/92.09 = 1.3693 m; doi resolved via crossref api,high,medium,high,high,medium,low,high,0.375,c90a8b0e1516f905,4.0,3.5,45.0,7.0,7.8,4.26,-4.3,144.0,1.93,4.0,5.800697426730498
52,la0.2na0.98tao3,,,100.0,,ag,1.0,nanoparticle,,3.57,1wt%ag/la0.2na0.98tao3,sol-gel,450.0,4.0,photodeposition,,0.0,uv,xe lamp,500.0,500 w,320.0,1,0,0,1,0,0.25,50.0,0.25 g/l,200.0,10.0,1.3693,10 vol%,,,189.27 μmol g⁻¹ h⁻¹,189.27,10.1016/j.ijhydene.2017.04.239,https://doi.org/10.1016/j.ijhydene.2017.04.239,photocatalytic h2 production from glycerol–water mixtures over ni/γ-al2o3 and tio2 composite systems,international journal of hydrogen energy,2017.0,gullapelli and s. m. s. scurrell and d. k. valluri,needs_review,catalyst loading calc: 0.25 g/l × 200.0 ml = 50.00 mg; glycerol std: (10.0/100×1261)/92.09 = 1.3693 m; doi resolved via crossref api,high,medium,high,high,medium,low,high,0.375,2429ba0dc8d26698,4.0,3.5,45.0,7.0,7.8,4.26,-4.3,144.0,1.93,4.0,5.248444116052309
51,la0.2na0.98tao3,,,100.0,,ag,0.5,nanoparticle,,3.78,0.5wt%ag/la0.2na0.98tao3,sol-gel,450.0,4.0,photodeposition,,0.0,uv,xe lamp,500.0,500 w,320.0,1,0,0,1,0,0.25,50.0,0.25 g/l,200.0,10.0,1.3693,10 vol%,,,38.67 μmol g⁻¹ h⁻¹,38.67,10.1016/j.ijhydene.2017.04.239,https://doi.org/10.1016/j.ijhydene.2017.04.239,photocatalytic h2 production from glycerol–water mixtures over ni/γ-al2o3 and tio2 composite systems,international journal of hydrogen energy,2017.0,gullapelli and s. m. s. scurrell and d. k. valluri,needs_review,catalyst loading calc: 0.25 g/l × 200.0 ml = 50.00 mg; glycerol std: (10.0/100×1261)/92.09 = 1.3693 m; doi resolved via crossref api,high,medium,high,high,medium,low,high,0.375,8859b25e21c32239,4.0,3.5,45.0,7.0,7.8,4.26,-4.3,144.0,1.93,4.0,3.6805952345262387
50,la0.2na0.98tao3,,,100.0,,ag,,nanoparticle,,4.23,xwt%ag/la0.2na0.98tao3,sol-gel,450.0,4.0,photodeposition,,0.0,uv,xe lamp,500.0,500 w,320.0,1,0,0,1,0,0.25,50.0,0.25 g/l,200.0,10.0,1.3693,10 vol%,,,8.53 μmol g⁻¹ h⁻¹,8.53,10.1016/j.ijhydene.2017.04.239,https://doi.org/10.1016/j.ijhydene.2017.04.239,photocatalytic h2 production from glycerol–water mixtures over ni/γ-al2o3 and tio2 composite systems,international journal of hydrogen energy,2017.0,gullapelli and s. m. s. scurrell and d. k. valluri,needs_review,catalyst loading calc: 0.25 g/l × 200.0 ml = 50.00 mg; glycerol std: (10.0/100×1261)/92.09 = 1.3693 m; doi resolved via crossref api,high,medium,high,high,medium,low,high,0.375,57aa7a7217d239d5,4.0,3.5,45.0,7.0,7.8,4.26,-4.3,144.0,1.93,4.0,2.254444717666111
40,tio2,,,100.0,,ag,1.0,nanoparticle,anatase,2.72,1wt%ag/tio2,sol-gel,450.0,4.0,impregnation,450.0,5.0,visible,,,,,0,0,0,0,1,0.2,10.0,0.2 g/l,50.0,5.0,0.6847,5 vol%,25.0,,132.4 μmol g⁻¹ h⁻¹,132.4,10.1016/j.ijhydene.2019.05.020,https://doi.org/10.1016/j.ijhydene.2019.05.020,cuo@nio core-shell nanoparticles decorated anatase tio2 nanospheres for enhanced photocatalytic hydrogen production,international journal of hydrogen energy,2020.0,ravi et al.,needs_review,catalyst loading calc: 0.2 g/l × 50.0 ml = 10.00 mg; glycerol std: (5.0/100×1261)/92.09 = 0.6847 m; doi resolved via crossref api,high,medium,high,low,low,low,high,0.375,b8e365cd2f65efdc,3.2,4.21,86.0,1.0,3.89,4.26,-4.3,144.0,1.93,4.0,4.893352133481524
517,cuo,,,100.0,,pt,0.2,nanosheets,,1.84,0.2wt%pt/cuo,sol-gel,450.0,4.0,photodeposition,,0.0,visible,xe lamp,500.0,500 w,420.0,1,0,0,0,1,1.5,300.0,1.5 g/l,200.0,10.0,1.3693,10 vol%,,,604.35 μmol g⁻¹ h⁻¹,604.35,10.1016/j.ceramint.2020.06.271,https://doi.org/10.1016/j.ceramint.2020.06.271,bi2o3/g-c3n4 nanocomposites as proficient photocatalysts for hydrogen generation from aqueous glycerol solutions beneath visible light,ceramics international,2020.0,alhaddad et al.,needs_review,catalyst loading calc: 1.5 g/l × 200.0 ml = 300.00 mg; glycerol std: (10.0/100×1261)/92.09 = 1.3693 m; doi resolved via crossref api,high,medium,high,high,medium,low,high,0.375,9abf90203dc284e2,1.7,4.07,18.1,5.0,6.31,5.65,-2.25,139.0,2.28,5.0,6.405806803153749
516,cuo,,,100.0,,pt,0.2,nanosheets,,1.84,0.2wt%pt/cuo,sol-gel,450.0,4.0,photodeposition,,0.0,visible,xe lamp,500.0,500 w,420.0,1,0,0,0,1,1.0,200.0,1 g/l,200.0,10.0,1.3693,10 vol%,,,480.48 μmol g⁻¹ h⁻¹,480.48,10.1016/j.ceramint.2020.06.271,https://doi.org/10.1016/j.ceramint.2020.06.271,bi2o3/g-c3n4 nanocomposites as proficient photocatalysts for hydrogen generation from aqueous glycerol solutions beneath visible light,ceramics international,2020.0,alhaddad et al.,needs_review,catalyst loading calc: 1.0 g/l × 200.0 ml = 200.00 mg; glycerol std: (10.0/100×1261)/92.09 = 1.3693 m; doi resolved via crossref api,high,medium,high,high,medium,low,high,0.375,814a7e07fd530b7c,1.7,4.07,18.1,5.0,6.31,5.65,-2.25,139.0,2.28,5.0,6.176864693511534
515,cuo,,,100.0,,pt,0.2,nanosheets,,1.84,0.2wt%pt/cuo,sol-gel,450.0,4.0,photodeposition,,0.0,visible,xe lamp,500.0,500 w,420.0,1,0,0,0,1,0.5,100.0,0.5 g/l,200.0,10.0,1.3693,10 vol%,,,360.37 μmol g⁻¹ h⁻¹,360.37,10.1016/j.ceramint.2020.06.271,https://doi.org/10.1016/j.ceramint.2020.06.271,bi2o3/g-c3n4 nanocomposites as proficient photocatalysts for hydrogen generation from aqueous glycerol solutions beneath visible light,ceramics international,2020.0,alhaddad et al.,needs_review,catalyst loading calc: 0.5 g/l × 200.0 ml = 100.00 mg; glycerol std: (10.0/100×1261)/92.09 = 1.3693 m; doi resolved via crossref api,high,medium,high,high,medium,low,high,0.375,7b6b61eeca01f816,1.7,4.07,18.1,5.0,6.31,5.65,-2.25,139.0,2.28,5.0,5.8899023641979
514,cuo,,,100.0,,pt,0.25,nanosheets,,1.83,0.25wt%pt/cuo,sol-gel,450.0,4.0,photodeposition,,0.0,visible,xe lamp,500.0,500 w,420.0,1,0,0,0,1,0.25,50.0,0.25 g/l,200.0,10.0,1.3693,10 vol%,,,610.08 μmol g⁻¹ h⁻¹,610.08,10.1016/j.ceramint.2020.06.271,https://doi.org/10.1016/j.ceramint.2020.06.271,bi2o3/g-c3n4 nanocomposites as proficient photocatalysts for hydrogen generation from aqueous glycerol solutions beneath visible light,ceramics international,2020.0,alhaddad et al.,needs_review,catalyst loading calc: 0.25 g/l × 200.0 ml = 50.00 mg; glycerol std: (10.0/100×1261)/92.09 = 1.3693 m; doi resolved via crossref api,high,medium,high,high,medium,low,high,0.375,b1dfa56396066af2,1.7,4.07,18.1,5.0,6.31,5.65,-2.25,139.0,2.28,5.0,6.415227883497522
513,cuo,,,100.0,,pt,0.2,nanosheets,,1.84,0.2wt%pt/cuo,sol-gel,450.0,4.0,photodeposition,,0.0,visible,xe lamp,500.0,500 w,420.0,1,0,0,0,1,0.25,50.0,0.25 g/l,200.0,10.0,1.3693,10 vol%,,,596.62 μmol g⁻¹ h⁻¹,596.62,10.1016/j.ceramint.2020.06.271,https://doi.org/10.1016/j.ceramint.2020.06.271,bi2o3/g-c3n4 nanocomposites as proficient photocatalysts for hydrogen generation from aqueous glycerol solutions beneath visible light,ceramics international,2020.0,alhaddad et al.,needs_review,catalyst loading calc: 0.25 g/l × 200.0 ml = 50.00 mg; glycerol std: (10.0/100×1261)/92.09 = 1.3693 m; doi resolved via crossref api,high,medium,high,high,medium,low,high,0.375,98e4a5e9804960f6,1.7,4.07,18.1,5.0,6.31,5.65,-2.25,139.0,2.28,5.0,6.3929551004607355
512,cuo,,,100.0,,pt,0.15,nanosheets,,2.03,0.15wt%pt/cuo,sol-gel,450.0,4.0,photodeposition,,0.0,visible,xe lamp,500.0,500 w,420.0,1,0,0,0,1,0.25,50.0,0.25 g/l,200.0,10.0,1.3693,10 vol%,,,300.73 μmol g⁻¹ h⁻¹,300.73,10.1016/j.ceramint.2020.06.271,https://doi.org/10.1016/j.ceramint.2020.06.271,bi2o3/g-c3n4 nanocomposites as proficient photocatalysts for hydrogen generation from aqueous glycerol solutions beneath visible light,ceramics international,2020.0,alhaddad et al.,needs_review,catalyst loading calc: 0.25 g/l × 200.0 ml = 50.00 mg; glycerol std: (10.0/100×1261)/92.09 = 1.3693 m; doi resolved via crossref api,high,medium,high,high,medium,low,high,0.375,086086f676c69abe,1.7,4.07,18.1,5.0,6.31,5.65,-2.25,139.0,2.28,5.0,5.709532577747883
511,cuo,,,100.0,,pt,0.1,nanosheets,,2.07,0.1wt%pt/cuo,sol-gel,450.0,4.0,photodeposition,,0.0,visible,xe lamp,500.0,500 w,420.0,1,0,0,0,1,0.25,50.0,0.25 g/l,200.0,10.0,1.3693,10 vol%,,,150.12 μmol g⁻¹ h⁻¹,150.12,10.1016/j.ceramint.2020.06.271,https://doi.org/10.1016/j.ceramint.2020.06.271,bi2o3/g-c3n4 nanocomposites as proficient photocatalysts for hydrogen generation from aqueous glycerol solutions beneath visible light,ceramics international,2020.0,alhaddad et al.,needs_review,catalyst loading calc: 0.25 g/l × 200.0 ml = 50.00 mg; glycerol std: (10.0/100×1261)/92.09 = 1.3693 m; doi resolved via crossref api,high,medium,high,high,medium,low,high,0.375,19034110e29e426d,1.7,4.07,18.1,5.0,6.31,5.65,-2.25,139.0,2.28,5.0,5.0180742231932545
541,tio2,,,100.0,,pt,3.0,nanotube,anatase,,3wt%pt/tio2,,,0.0,impregnation,500.0,4.0,uv,fluorescent,36.0,36 w,355.0,0,0,0,1,0,0.75,75.0,0.75 g/l,100.0,1.0,0.1369,1 vol%,,,4044.4 μmol g⁻¹ h⁻¹,4044.4,10.1016/j.jphotochem.2018.07.032,https://doi.org/10.1016/j.jphotochem.2018.07.032,photocatalytic h2 production from glycerol aqueous solutions over fluorinated pt- tio2 with high {001} facet exposure,journal of photochemistry and photobiology a: chemistry,2018.0,vaiano et al.,needs_review,catalyst loading calc: 0.75 g/l × 100.0 ml = 75.00 mg; glycerol std: (1.0/100×1261)/92.09 = 0.1369 m; doi resolved via crossref api,high,medium,high,high,medium,low,low,0.375,eda62f8c18a3de4f,3.2,4.21,86.0,1.0,3.89,5.65,-2.25,139.0,2.28,5.0,8.305335712118994
540,tio2,,,100.0,,pt,2.0,nanotube,anatase,,2wt%pt/tio2,,,0.0,impregnation,500.0,4.0,uv,fluorescent,36.0,36 w,355.0,0,0,0,1,0,0.75,75.0,0.75 g/l,100.0,1.0,0.1369,1 vol%,,,4455.6 μmol g⁻¹ h⁻¹,4455.6,10.1016/j.jphotochem.2018.07.032,https://doi.org/10.1016/j.jphotochem.2018.07.032,photocatalytic h2 production from glycerol aqueous solutions over fluorinated pt- tio2 with high {001} facet exposure,journal of photochemistry and photobiology a: chemistry,2018.0,vaiano et al.,needs_review,catalyst loading calc: 0.75 g/l × 100.0 ml = 75.00 mg; glycerol std: (1.0/100×1261)/92.09 = 0.1369 m; doi resolved via crossref api,high,medium,high,high,medium,low,low,0.375,1baa941eeacb0e75,3.2,4.21,86.0,1.0,3.89,5.65,-2.25,139.0,2.28,5.0,8.402141422452868
539,tio2,,,100.0,,pt,1.0,nanotube,anatase,,1wt%pt/tio2,,,0.0,impregnation,500.0,4.0,uv,fluorescent,36.0,36 w,355.0,0,0,0,1,0,0.75,75.0,0.75 g/l,100.0,1.0,0.1369,1 vol%,,,4722.2 μmol g⁻¹ h⁻¹,4722.2,10.1016/j.jphotochem.2018.07.032,https://doi.org/10.1016/j.jphotochem.2018.07.032,photocatalytic h2 production from glycerol aqueous solutions over fluorinated pt- tio2 with high {001} facet exposure,journal of photochemistry and photobiology a: chemistry,2018.0,vaiano et al.,needs_review,catalyst loading calc: 0.75 g/l × 100.0 ml = 75.00 mg; glycerol std: (1.0/100×1261)/92.09 = 0.1369 m; doi resolved via crossref api,high,medium,high,high,medium,low,low,0.375,bd671d38d6a1dd5d,3.2,4.21,86.0,1.0,3.89,5.65,-2.25,139.0,2.28,5.0,8.460241814966098
538,tio2,,,100.0,,pt,0.5,nanotube,anatase,,0.5wt%pt/tio2,,,0.0,impregnation,500.0,4.0,uv,fluorescent,36.0,36 w,355.0,0,0,0,1,0,0.75,75.0,0.75 g/l,100.0,1.0,0.1369,1 vol%,,,4733.3 μmol g⁻¹ h⁻¹,4733.3,10.1016/j.jphotochem.2018.07.032,https://doi.org/10.1016/j.jphotochem.2018.07.032,photocatalytic h2 production from glycerol aqueous solutions over fluorinated pt- tio2 with high {001} facet exposure,journal of photochemistry and photobiology a: chemistry,2018.0,vaiano et al.,needs_review,catalyst loading calc: 0.75 g/l × 100.0 ml = 75.00 mg; glycerol std: (1.0/100×1261)/92.09 = 0.1369 m; doi resolved via crossref api,high,medium,high,high,medium,low,low,0.375,348e7457b0e297f2,3.2,4.21,86.0,1.0,3.89,5.65,-2.25,139.0,2.28,5.0,8.462589159422198
537,tio2,,,100.0,,pt,0.1,nanotube,anatase,,0.1wt%pt/tio2,,,0.0,impregnation,500.0,4.0,uv,fluorescent,36.0,36 w,355.0,0,0,0,1,0,0.75,75.0,0.75 g/l,100.0,1.0,0.1369,1 vol%,,,2466.7 μmol g⁻¹ h⁻¹,2466.7,10.1016/j.jphotochem.2018.07.032,https://doi.org/10.1016/j.jphotochem.2018.07.032,photocatalytic h2 production from glycerol aqueous solutions over fluorinated pt- tio2 with high {001} facet exposure,journal of photochemistry and photobiology a: chemistry,2018.0,vaiano et al.,needs_review,catalyst loading calc: 0.75 g/l × 100.0 ml = 75.00 mg; glycerol std: (1.0/100×1261)/92.09 = 0.1369 m; doi resolved via crossref api,high,medium,high,high,medium,low,low,0.375,b6bbe976353be439,3.2,4.21,86.0,1.0,3.89,5.65,-2.25,139.0,2.28,5.0,7.811041821721038
536,tio2,,,100.0,,pt,0.05,nanotube,anatase,,0.05wt%pt/tio2,,,0.0,impregnation,500.0,4.0,uv,fluorescent,36.0,36 w,355.0,0,0,0,1,0,0.75,75.0,0.75 g/l,100.0,1.0,0.1369,1 vol%,,,2055.6 μmol g⁻¹ h⁻¹,2055.6,10.1016/j.jphotochem.2018.07.032,https://doi.org/10.1016/j.jphotochem.2018.07.032,photocatalytic h2 production from glycerol aqueous solutions over fluorinated pt- tio2 with high {001} facet exposure,journal of photochemistry and photobiology a: chemistry,2018.0,vaiano et al.,needs_review,catalyst loading calc: 0.75 g/l × 100.0 ml = 75.00 mg; glycerol std: (1.0/100×1261)/92.09 = 0.1369 m; doi resolved via crossref api,high,medium,high,high,medium,low,low,0.375,cbe23e4597663a81,3.2,4.21,86.0,1.0,3.89,5.65,-2.25,139.0,2.28,5.0,7.62880941279509
534,la0.2na0.98tao3,,,100.0,,pt,1.5,nanoparticle,,3.89,1.5wt%pt/la0.2na0.98tao3,sol-gel,450.0,4.0,photodeposition,,0.0,uv,xe lamp,500.0,500 w,,1,0,0,1,0,3.0,600.0,3 g/l,200.0,10.0,1.3693,10 vol%,,,181.12 μmol g⁻¹ h⁻¹,181.12,10.1016/j.ijhydene.2017.04.239,https://doi.org/10.1016/j.ijhydene.2017.04.239,photocatalytic h2 production from glycerol–water mixtures over ni/γ-al2o3 and tio2 composite systems,international journal of hydrogen energy,2017.0,gullapelli and s. m. s. scurrell and d. k. valluri,needs_review,catalyst loading calc: 3.0 g/l × 200.0 ml = 600.00 mg; glycerol std: (10.0/100×1261)/92.09 = 1.3693 m; doi resolved via crossref api,high,medium,high,high,low,low,high,0.375,35f3f968d441999f,4.0,3.5,45.0,7.0,7.8,5.65,-2.25,139.0,2.28,5.0,5.204665810466581
533,la0.2na0.98tao3,,,100.0,,pt,1.5,nanoparticle,,3.89,1.5wt%pt/la0.2na0.98tao3,sol-gel,450.0,4.0,photodeposition,,0.0,uv,xe lamp,500.0,500 w,,1,0,0,1,0,2.5,500.0,2.5 g/l,200.0,10.0,1.3693,10 vol%,,,292.87 μmol g⁻¹ h⁻¹,292.87,10.1016/j.ijhydene.2017.04.239,https://doi.org/10.1016/j.ijhydene.2017.04.239,photocatalytic h2 production from glycerol–water mixtures over ni/γ-al2o3 and tio2 composite systems,international journal of hydrogen energy,2017.0,gullapelli and s. m. s. scurrell and d. k. valluri,needs_review,catalyst loading calc: 2.5 g/l × 200.0 ml = 500.00 mg; glycerol std: (10.0/100×1261)/92.09 = 1.3693 m; doi resolved via crossref api,high,medium,high,high,low,low,high,0.375,0df631f4ef7a8d88,4.0,3.5,45.0,7.0,7.8,5.65,-2.25,139.0,2.28,5.0,5.683137492678913
578,wo3,cumn2o4,,,12.0,pt,0.5,nanocomposite,,2.14,0.5wt%pt/wo3/cumn2o4,,,0.0,sol-gel,,0.0,visible,xe lamp,500.0,500 w,420.0,1,0,0,0,1,0.6,120.0,0.6 g/l,200.0,10.0,1.3693,10 vol%,,,1713.6 μmol g⁻¹ h⁻¹,1713.6,needs_verification,,needs_verification,,2024.0,"soha, m. et al.",needs_review,"catalyst loading calc: 0.6 g/l × 200.0 ml = 120.00 mg; glycerol std: (10.0/100×1261)/92.09 = 1.3693 m; wavelength_cutoff_nm=420nm inferred (xe lamp, visible cutoff)",high,medium,high,high,medium,low,high,0.375,59d6c5423c1b4e19,2.7,5.24,42.0,5.0,7.16,5.65,-2.25,139.0,2.28,5.0,7.446935096244656
577,wo3,cumn2o4,,,16.0,pt,0.5,nanocomposite,,2.13,0.5wt%pt/wo3/cumn2o4,,,0.0,sol-gel,,0.0,visible,xe lamp,500.0,500 w,420.0,1,0,0,0,1,1.0,200.0,1 g/l,200.0,10.0,1.3693,10 vol%,,,2871.4 μmol g⁻¹ h⁻¹,2871.4,needs_verification,,needs_verification,,2024.0,"soha, m. et al.",needs_review,"catalyst loading calc: 1.0 g/l × 200.0 ml = 200.00 mg; glycerol std: (10.0/100×1261)/92.09 = 1.3693 m; wavelength_cutoff_nm=420nm inferred (xe lamp, visible cutoff)",high,medium,high,high,medium,low,high,0.375,d5e4716d55719fed,2.7,5.24,42.0,5.0,7.16,5.65,-2.25,139.0,2.28,5.0,7.962903196236162
576,wo3,cumn2o4,,,12.0,pt,0.5,nanocomposite,,2.14,0.5wt%pt/wo3/cumn2o4,,,0.0,sol-gel,,0.0,visible,xe lamp,500.0,500 w,420.0,1,0,0,0,1,1.0,200.0,1 g/l,200.0,10.0,1.3693,10 vol%,,,2856.6 μmol g⁻¹ h⁻¹,2856.6,needs_verification,,needs_verification,,2024.0,"soha, m. et al.",needs_review,"catalyst loading calc: 1.0 g/l × 200.0 ml = 200.00 mg; glycerol std: (10.0/100×1261)/92.09 = 1.3693 m; wavelength_cutoff_nm=420nm inferred (xe lamp, visible cutoff)",high,medium,high,high,medium,low,high,0.375,217b6b14abb85c97,2.7,5.24,42.0,5.0,7.16,5.65,-2.25,139.0,2.28,5.0,7.95773739068218
575,wo3,cumn2o4,,,8.0,pt,0.5,nanocomposite,,2.22,0.5wt%pt/wo3/cumn2o4,,,0.0,sol-gel,,0.0,visible,xe lamp,500.0,500 w,420.0,1,0,0,0,1,1.0,200.0,1 g/l,200.0,10.0,1.3693,10 vol%,,,1921.8 μmol g⁻¹ h⁻¹,1921.8,needs_verification,,needs_verification,,2024.0,"soha, m. et al.",needs_review,"catalyst loading calc: 1.0 g/l × 200.0 ml = 200.00 mg; glycerol std: (10.0/100×1261)/92.09 = 1.3693 m; wavelength_cutoff_nm=420nm inferred (xe lamp, visible cutoff)",high,medium,high,high,medium,low,high,0.375,1beeea1b4193834f,2.7,5.24,42.0,5.0,7.16,5.65,-2.25,139.0,2.28,5.0,7.5615377360198055
574,wo3,cumn2o4,,,4.0,pt,0.5,nanocomposite,,2.41,0.5wt%pt/wo3/cumn2o4,,,0.0,sol-gel,,0.0,visible,xe lamp,500.0,500 w,420.0,1,0,0,0,1,1.0,200.0,1 g/l,200.0,10.0,1.3693,10 vol%,,,962.63 μmol g⁻¹ h⁻¹,962.63,needs_verification,,needs_verification,,2024.0,"soha, m. et al.",needs_review,"catalyst loading calc: 1.0 g/l × 200.0 ml = 200.00 mg; glycerol std: (10.0/100×1261)/92.09 = 1.3693 m; wavelength_cutoff_nm=420nm inferred (xe lamp, visible cutoff)",high,medium,high,high,medium,low,high,0.375,b4ae6ed1aefa529c,2.7,5.24,42.0,5.0,7.16,5.65,-2.25,139.0,2.28,5.0,6.870707403506398
567,tio2,,,100.0,,pt,0.3,nanoparticle,anatase-rutile,,0.3wt%pt/tio2,,,0.0,photodeposition,,0.0,visible,xe lamp,300.0,300 w,420.0,1,0,0,0,1,1.0,25.0,1 g/l,25.0,10.0,1.3693,10 vol%,,,8600 μmol g⁻¹ h⁻¹,8600.0,10.1016/j,https://doi.org/10.1016/j,needs_verification,international journal of hydrogen energy,2023.0,"oliveira mm, r. et al.",ok,"catalyst loading calc: 1.0 g/l × 25.0 ml = 25.00 mg; glycerol std: (10.0/100×1261)/92.09 = 1.3693 m; wavelength_cutoff_nm=420nm inferred (xe lamp, visible cutoff)",high,medium,high,high,medium,low,low,0.375,6531d6d2eea7bf7d,3.2,4.21,86.0,1.0,3.89,5.65,-2.25,139.0,2.28,5.0,9.059633754551479
564,g-c3n4,,,100.0,,pt,0.5,nanoparticle,,2.8,0.5wt%pt/g-c3n4,,,0.0,,,0.0,visible,,,,450.0,0,0,0,0,1,1.0,10.0,1 g/l,10.0,10.0,1.3693,10 vol%,50.0,,540 μmol g⁻¹ h⁻¹,540.0,10.1016/j,https://doi.org/10.1016/j,needs_verification,catalysis today,2024.0,"herrera-beurnio m, c. et al.",ok,catalyst loading calc: 1.0 g/l × 10.0 ml = 10.00 mg; glycerol std: (10.0/100×1261)/92.09 = 1.3693 m,high,medium,high,low,medium,low,high,0.375,eced4f455d30dd1c,2.7,4.3,3.0,6.0,1.6,5.65,-2.25,139.0,2.28,5.0,6.293419278846481
563,tio2,g-c3n4,,,50.0,pt,0.5,nanoparticle,,2.8,0.5wt%pt/tio2/g-c3n4,,,0.0,sol-gel,,0.0,visible,,,,450.0,0,0,0,0,1,1.0,10.0,1 g/l,10.0,10.0,1.3693,10 vol%,50.0,,840 μmol g⁻¹ h⁻¹,840.0,10.1016/j,https://doi.org/10.1016/j,needs_verification,catalysis today,2024.0,"herrera-beurnio m, c. et al.",ok,catalyst loading calc: 1.0 g/l × 10.0 ml = 10.00 mg; glycerol std: (10.0/100×1261)/92.09 = 1.3693 m,high,medium,high,low,medium,low,high,0.375,9377b57be51f37cc,3.2,4.21,86.0,1.0,3.89,5.65,-2.25,139.0,2.28,5.0,6.734591659972948
562,tio2,,,100.0,,pt,0.5,nanoparticle,,3.1,0.5wt%pt/tio2,,,0.0,,,0.0,uv,,,,365.0,0,0,0,1,0,1.0,10.0,1 g/l,10.0,10.0,1.3693,10 vol%,50.0,,27500 μmol g⁻¹ h⁻¹,27500.0,10.1016/j,https://doi.org/10.1016/j,needs_verification,catalysis today,2024.0,"herrera-beurnio m, c. et al.",ok,catalyst loading calc: 1.0 g/l × 10.0 ml = 10.00 mg; glycerol std: (10.0/100×1261)/92.09 = 1.3693 m,high,medium,high,low,medium,low,high,0.375,72ce7534b3977837,3.2,4.21,86.0,1.0,3.89,5.65,-2.25,139.0,2.28,5.0,10.221977646629885
561,tio2,g-c3n4,,,50.0,pt,0.5,nanoparticle,,2.8,0.5wt%pt/tio2/g-c3n4,,,0.0,sol-gel,,0.0,uv,,,,365.0,0,0,0,1,0,1.0,10.0,1 g/l,10.0,10.0,1.3693,10 vol%,50.0,,18800 μmol g⁻¹ h⁻¹,18800.0,10.1016/j,https://doi.org/10.1016/j,needs_verification,catalysis today,2024.0,"herrera-beurnio m, c. et al.",ok,catalyst loading calc: 1.0 g/l × 10.0 ml = 10.00 mg; glycerol std: (10.0/100×1261)/92.09 = 1.3693 m,high,medium,high,low,medium,low,high,0.375,cf13e6fea47a808c,3.2,4.21,86.0,1.0,3.89,5.65,-2.25,139.0,2.28,5.0,9.841665338892785
525,la0.2na0.98tao3,,,100.0,,pt,0.5,nanoparticle,,4.08,0.5wt%pt/la0.2na0.98tao3,sol-gel,450.0,4.0,photodeposition,,0.0,uv,xe lamp,500.0,500 w,,1,0,0,1,0,0.25,50.0,0.25 g/l,200.0,10.0,1.3693,10 vol%,,,0.37 μmol g⁻¹ h⁻¹,0.37,10.1016/j.ijhydene.2017.04.239,https://doi.org/10.1016/j.ijhydene.2017.04.239,photocatalytic h2 production from glycerol–water mixtures over ni/γ-al2o3 and tio2 composite systems,international journal of hydrogen energy,2017.0,gullapelli and s. m. s. scurrell and d. k. valluri,needs_review,catalyst loading calc: 0.25 g/l × 200.0 ml = 50.00 mg; glycerol std: (10.0/100×1261)/92.09 = 1.3693 m; doi resolved via crossref api,high,medium,high,high,low,low,high,0.375,b417eef10da4495b,4.0,3.5,45.0,7.0,7.8,5.65,-2.25,139.0,2.28,5.0,0.31481073984003355
520,cuo,,,100.0,,pt,0.2,nanosheets,,1.84,0.2wt%pt/cuo,sol-gel,450.0,4.0,photodeposition,,0.0,visible,xe lamp,500.0,500 w,420.0,1,0,0,0,1,3.0,600.0,3 g/l,200.0,10.0,1.3693,10 vol%,,,863.37 μmol g⁻¹ h⁻¹,863.37,10.1016/j.ceramint.2020.06.271,https://doi.org/10.1016/j.ceramint.2020.06.271,bi2o3/g-c3n4 nanocomposites as proficient photocatalysts for hydrogen generation from aqueous glycerol solutions beneath visible light,ceramics international,2020.0,alhaddad et al.,needs_review,catalyst loading calc: 3.0 g/l × 200.0 ml = 600.00 mg; glycerol std: (10.0/100×1261)/92.09 = 1.3693 m; doi resolved via crossref api,high,medium,high,high,medium,low,high,0.375,872d360ea62cdc54,1.7,4.07,18.1,5.0,6.31,5.65,-2.25,139.0,2.28,5.0,6.7620009178759
519,cuo,,,100.0,,pt,0.2,nanosheets,,1.84,0.2wt%pt/cuo,sol-gel,450.0,4.0,photodeposition,,0.0,visible,xe lamp,500.0,500 w,420.0,1,0,0,0,1,2.5,500.0,2.5 g/l,200.0,10.0,1.3693,10 vol%,,,1201.2 μmol g⁻¹ h⁻¹,1201.2,10.1016/j.ceramint.2020.06.271,https://doi.org/10.1016/j.ceramint.2020.06.271,bi2o3/g-c3n4 nanocomposites as proficient photocatalysts for hydrogen generation from aqueous glycerol solutions beneath visible light,ceramics international,2020.0,alhaddad et al.,needs_review,catalyst loading calc: 2.5 g/l × 200.0 ml = 500.00 mg; glycerol std: (10.0/100×1261)/92.09 = 1.3693 m; doi resolved via crossref api,high,medium,high,high,medium,low,high,0.375,3dbddea700f6e917,1.7,4.07,18.1,5.0,6.31,5.65,-2.25,139.0,2.28,5.0,7.091908490605062
518,cuo,,,100.0,,pt,0.2,nanosheets,,1.84,0.2wt%pt/cuo,sol-gel,450.0,4.0,photodeposition,,0.0,visible,xe lamp,500.0,500 w,420.0,1,0,0,0,1,2.0,400.0,2 g/l,200.0,10.0,1.3693,10 vol%,,,900.9 μmol g⁻¹ h⁻¹,900.9,10.1016/j.ceramint.2020.06.271,https://doi.org/10.1016/j.ceramint.2020.06.271,bi2o3/g-c3n4 nanocomposites as proficient photocatalysts for hydrogen generation from aqueous glycerol solutions beneath visible light,ceramics international,2020.0,alhaddad et al.,needs_review,catalyst loading calc: 2.0 g/l × 200.0 ml = 400.00 mg; glycerol std: (10.0/100×1261)/92.09 = 1.3693 m; doi resolved via crossref api,high,medium,high,high,medium,low,high,0.375,619339c41b404309,1.7,4.07,18.1,5.0,6.31,5.65,-2.25,139.0,2.28,5.0,6.804503649171663
311,tio2,rgo,,,5.0,pd,1.0,nanorod,anatase,,1wt%pd/tio2/rgo,hydrothermal,400.0,2.0,chemical conversion,350.0,5.0,uv,f,100.0,100 w,,0,0,0,1,0,4.1,118.9,4.1 g/l,29.0,5.0,0.6847,5 vol%,,,35000 μmol g⁻¹ h⁻¹,35000.0,10.3390/hydrogen4010014,https://doi.org/10.3390/hydrogen4010014,needs_verification,,2023.0,"majeed, i. et al.",ok,catalyst loading calc: 4.1 g/l × 29.0 ml = 118.90 mg; glycerol std: (5.0/100×1261)/92.09 = 0.6847 m,high,medium,high,high,low,low,low,0.375,fb487331a036b44f,3.2,4.21,86.0,1.0,3.89,5.22,-1.83,137.0,2.2,5.0,10.463131911491967
310,tio2,rgo,,,4.0,pd,1.0,nanorod,anatase,,1wt%pd/tio2/rgo,hydrothermal,400.0,2.0,chemical conversion,350.0,5.0,uv,f,100.0,100 w,,0,0,0,1,0,3.1,86.8,3.1 g/l,28.0,5.0,0.6847,5 vol%,,,41000 μmol g⁻¹ h⁻¹,41000.0,10.3390/hydrogen4010014,https://doi.org/10.3390/hydrogen4010014,needs_verification,,2023.0,"majeed, i. et al.",ok,catalyst loading calc: 3.1 g/l × 28.0 ml = 86.80 mg; glycerol std: (5.0/100×1261)/92.09 = 0.6847 m,high,medium,high,high,low,low,low,0.375,dd5c9776407f09b7,3.2,4.21,86.0,1.0,3.89,5.22,-1.83,137.0,2.2,5.0,10.62135173563291
309,tio2,rgo,,,3.0,pd,1.0,nanorod,anatase,,1wt%pd/tio2/rgo,hydrothermal,400.0,2.0,chemical conversion,350.0,5.0,uv,f,100.0,100 w,,0,0,0,1,0,2.1,56.7,2.1 g/l,27.0,5.0,0.6847,5 vol%,,,37660 μmol g⁻¹ h⁻¹,37660.0,10.3390/hydrogen4010014,https://doi.org/10.3390/hydrogen4010014,needs_verification,,2023.0,"majeed, i. et al.",ok,catalyst loading calc: 2.1 g/l × 27.0 ml = 56.70 mg; glycerol std: (5.0/100×1261)/92.09 = 0.6847 m,high,medium,high,high,low,low,low,0.375,6eb3932a50fd3598,3.2,4.21,86.0,1.0,3.89,5.22,-1.83,137.0,2.2,5.0,10.536380355230888
308,tio2,rgo,,,2.0,pd,1.0,nanorod,anatase,,1wt%pd/tio2/rgo,hydrothermal,400.0,2.0,chemical conversion,350.0,5.0,uv,f,100.0,100 w,,0,0,0,1,0,1.1,28.6,1.1 g/l,26.0,5.0,0.6847,5 vol%,,,34160 μmol g⁻¹ h⁻¹,34160.0,10.3390/hydrogen4010014,https://doi.org/10.3390/hydrogen4010014,needs_verification,,2023.0,"majeed, i. et al.",ok,catalyst loading calc: 1.1 g/l × 26.0 ml = 28.60 mg; glycerol std: (5.0/100×1261)/92.09 = 0.6847 m,high,medium,high,high,low,low,low,0.375,ae6dcbc817a4387d,3.2,4.21,86.0,1.0,3.89,5.22,-1.83,137.0,2.2,5.0,10.438839921478715
307,tio2,rgo,,,1.0,pd,1.0,nanorod,anatase,,1wt%pd/tio2/rgo,hydrothermal,400.0,2.0,chemical conversion,350.0,5.0,uv,f,100.0,100 w,,0,0,0,1,0,0.1,2.5,0.1 g/l,25.0,5.0,0.6847,5 vol%,,,30600 μmol g⁻¹ h⁻¹,30600.0,10.3390/hydrogen4010014,https://doi.org/10.3390/hydrogen4010014,needs_verification,,2023.0,"majeed, i. et al.",ok,catalyst loading calc: 0.1 g/l × 25.0 ml = 2.50 mg; glycerol std: (5.0/100×1261)/92.09 = 0.6847 m,high,medium,high,high,low,low,low,0.375,d82a682ed6283b70,3.2,4.21,86.0,1.0,3.89,5.22,-1.83,137.0,2.2,5.0,10.328787967145063
588,moo3,agi,,,9.0,pt,0.5,nanocomposite,,2.82,0.5wt%pt/moo3/agi,,,0.0,,,0.0,visible,xe lamp,500.0,500 w,420.0,1,0,0,0,1,3.0,600.0,3 g/l,200.0,10.0,1.3693,10 vol%,,,3052.7 μmol g⁻¹ h⁻¹,3052.7,10.1016/j,https://doi.org/10.1016/j,needs_verification,ceramics international,2024.0,"alsheheri s, z. and ismail aa. novel mesoporous pt@n-agi/n-α-moo3 ternary nanocomposite for enhanced hydrogen production from glycerol under visible illumination. ceramics international 2024",ok,"catalyst loading calc: 3.0 g/l × 200.0 ml = 600.00 mg; glycerol std: (10.0/100×1261)/92.09 = 1.3693 m; wavelength_cutoff_nm=420nm inferred (xe lamp, visible cutoff)",high,medium,high,high,medium,low,high,0.375,1e621cb361ec2f2a,2.9,6.7,12.5,6.0,4.69,5.65,-2.25,139.0,2.28,5.0,8.024109249126404
587,moo3,agi,,,9.0,pt,0.5,nanocomposite,,2.82,0.5wt%pt/moo3/agi,,,0.0,,,0.0,visible,xe lamp,500.0,500 w,420.0,1,0,0,0,1,2.5,500.0,2.5 g/l,200.0,10.0,1.3693,10 vol%,,,3123 μmol g⁻¹ h⁻¹,3123.0,10.1016/j,https://doi.org/10.1016/j,needs_verification,ceramics international,2024.0,"alsheheri s, z. and ismail aa. novel mesoporous pt@n-agi/n-α-moo3 ternary nanocomposite for enhanced hydrogen production from glycerol under visible illumination. ceramics international 2024",ok,"catalyst loading calc: 2.5 g/l × 200.0 ml = 500.00 mg; glycerol std: (10.0/100×1261)/92.09 = 1.3693 m; wavelength_cutoff_nm=420nm inferred (xe lamp, visible cutoff)",high,medium,high,high,medium,low,high,0.375,80c72b3e0e299cf2,2.9,6.7,12.5,6.0,4.69,5.65,-2.25,139.0,2.28,5.0,8.046869510959576
586,moo3,agi,,,9.0,pt,0.5,nanocomposite,,2.82,0.5wt%pt/moo3/agi,,,0.0,,,0.0,visible,xe lamp,500.0,500 w,420.0,1,0,0,0,1,0.5,100.0,0.5 g/l,200.0,10.0,1.3693,10 vol%,,,1875 μmol g⁻¹ h⁻¹,1875.0,10.1016/j,https://doi.org/10.1016/j,needs_verification,ceramics international,2024.0,"alsheheri s, z. and ismail aa. novel mesoporous pt@n-agi/n-α-moo3 ternary nanocomposite for enhanced hydrogen production from glycerol under visible illumination. ceramics international 2024",ok,"catalyst loading calc: 0.5 g/l × 200.0 ml = 100.00 mg; glycerol std: (10.0/100×1261)/92.09 = 1.3693 m; wavelength_cutoff_nm=420nm inferred (xe lamp, visible cutoff)",high,medium,high,high,medium,low,high,0.375,c4a29ef4f9d144d4,2.9,6.7,12.5,6.0,4.69,5.65,-2.25,139.0,2.28,5.0,7.53689712956617
585,moo3,agi,,,12.0,pt,0.5,nanocomposite,,2.81,0.5wt%pt/moo3/agi,,,0.0,,,0.0,visible,xe lamp,500.0,500 w,420.0,1,0,0,0,1,1.0,200.0,1 g/l,200.0,10.0,1.3693,10 vol%,,,2256.3 μmol g⁻¹ h⁻¹,2256.3,10.1016/j,https://doi.org/10.1016/j,needs_verification,ceramics international,2024.0,"alsheheri s, z. and ismail aa. novel mesoporous pt@n-agi/n-α-moo3 ternary nanocomposite for enhanced hydrogen production from glycerol under visible illumination. ceramics international 2024",ok,"catalyst loading calc: 1.0 g/l × 200.0 ml = 200.00 mg; glycerol std: (10.0/100×1261)/92.09 = 1.3693 m; wavelength_cutoff_nm=420nm inferred (xe lamp, visible cutoff)",high,medium,high,high,medium,low,high,0.375,9c93fcb958b4bb90,2.9,6.7,12.5,6.0,4.69,5.65,-2.25,139.0,2.28,5.0,7.7219246877895324
584,moo3,agi,,,9.0,pt,0.5,nanocomposite,,2.82,0.5wt%pt/moo3/agi,,,0.0,,,0.0,visible,xe lamp,500.0,500 w,420.0,1,0,0,0,1,1.0,200.0,1 g/l,200.0,10.0,1.3693,10 vol%,,,2521.8 μmol g⁻¹ h⁻¹,2521.8,10.1016/j,https://doi.org/10.1016/j,needs_verification,ceramics international,2024.0,"alsheheri s, z. and ismail aa. novel mesoporous pt@n-agi/n-α-moo3 ternary nanocomposite for enhanced hydrogen production from glycerol under visible illumination. ceramics international 2024",ok,"catalyst loading calc: 1.0 g/l × 200.0 ml = 200.00 mg; glycerol std: (10.0/100×1261)/92.09 = 1.3693 m; wavelength_cutoff_nm=420nm inferred (xe lamp, visible cutoff)",high,medium,high,high,medium,low,high,0.375,bf4d2188aeb41800,2.9,6.7,12.5,6.0,4.69,5.65,-2.25,139.0,2.28,5.0,7.833124674789496
583,moo3,agi,,,6.0,pt,0.5,nanocomposite,,2.88,0.5wt%pt/moo3/agi,,,0.0,,,0.0,visible,xe lamp,500.0,500 w,420.0,1,0,0,0,1,1.0,200.0,1 g/l,200.0,10.0,1.3693,10 vol%,,,1605.3 μmol g⁻¹ h⁻¹,1605.3,10.1016/j,https://doi.org/10.1016/j,needs_verification,ceramics international,2024.0,"alsheheri s, z. and ismail aa. novel mesoporous pt@n-agi/n-α-moo3 ternary nanocomposite for enhanced hydrogen production from glycerol under visible illumination. ceramics international 2024",ok,"catalyst loading calc: 1.0 g/l × 200.0 ml = 200.00 mg; glycerol std: (10.0/100×1261)/92.09 = 1.3693 m; wavelength_cutoff_nm=420nm inferred (xe lamp, visible cutoff)",high,medium,high,high,medium,low,high,0.375,3867acb7fb030cf4,2.9,6.7,12.5,6.0,4.69,5.65,-2.25,139.0,2.28,5.0,7.38168867656372
582,moo3,agi,,,3.0,pt,0.5,nanocomposite,,2.95,0.5wt%pt/moo3/agi,,,0.0,,,0.0,visible,xe lamp,500.0,500 w,420.0,1,0,0,0,1,1.0,200.0,1 g/l,200.0,10.0,1.3693,10 vol%,,,1119.3 μmol g⁻¹ h⁻¹,1119.3,10.1016/j,https://doi.org/10.1016/j,needs_verification,ceramics international,2024.0,"alsheheri s, z. and ismail aa. novel mesoporous pt@n-agi/n-α-moo3 ternary nanocomposite for enhanced hydrogen production from glycerol under visible illumination. ceramics international 2024",ok,"catalyst loading calc: 1.0 g/l × 200.0 ml = 200.00 mg; glycerol std: (10.0/100×1261)/92.09 = 1.3693 m; wavelength_cutoff_nm=420nm inferred (xe lamp, visible cutoff)",high,medium,high,high,medium,low,high,0.375,f26703d248ad0d98,2.9,6.7,12.5,6.0,4.69,5.65,-2.25,139.0,2.28,5.0,7.021351785564677
581,moo3,,,100.0,,pt,0.5,nanoparticle,,3.08,0.5wt%pt/moo3,,,0.0,,,0.0,visible,xe lamp,500.0,500 w,420.0,1,0,0,0,1,1.0,200.0,1 g/l,200.0,10.0,1.3693,10 vol%,,,73.23 μmol g⁻¹ h⁻¹,73.23,10.1016/j,https://doi.org/10.1016/j,needs_verification,ceramics international,2024.0,"alsheheri s, z. and ismail aa. novel mesoporous pt@n-agi/n-α-moo3 ternary nanocomposite for enhanced hydrogen production from glycerol under visible illumination. ceramics international 2024",ok,"catalyst loading calc: 1.0 g/l × 200.0 ml = 200.00 mg; glycerol std: (10.0/100×1261)/92.09 = 1.3693 m; wavelength_cutoff_nm=420nm inferred (xe lamp, visible cutoff)",high,medium,high,high,medium,low,high,0.375,08133519b5e1a8cb,2.9,6.7,12.5,6.0,4.69,5.65,-2.25,139.0,2.28,5.0,4.307168381129456
580,wo3,cumn2o4,,,12.0,pt,0.5,nanocomposite,,2.14,0.5wt%pt/wo3/cumn2o4,,,0.0,sol-gel,,0.0,visible,xe lamp,500.0,500 w,420.0,1,0,0,0,1,3.0,600.0,3 g/l,200.0,10.0,1.3693,10 vol%,,,3141.6 μmol g⁻¹ h⁻¹,3141.6,needs_verification,,needs_verification,,2024.0,"soha, m. et al.",needs_review,"catalyst loading calc: 3.0 g/l × 200.0 ml = 600.00 mg; glycerol std: (10.0/100×1261)/92.09 = 1.3693 m; wavelength_cutoff_nm=420nm inferred (xe lamp, visible cutoff)",high,medium,high,high,medium,low,high,0.375,8c69520564bd91fa,2.7,5.24,42.0,5.0,7.16,5.65,-2.25,139.0,2.28,5.0,8.052805761756032
579,wo3,cumn2o4,,,12.0,pt,0.5,nanocomposite,,2.14,0.5wt%pt/wo3/cumn2o4,,,0.0,sol-gel,,0.0,visible,xe lamp,500.0,500 w,420.0,1,0,0,0,1,2.4,480.0,2.4 g/l,200.0,10.0,1.3693,10 vol%,,,3427.2 μmol g⁻¹ h⁻¹,3427.2,needs_verification,,needs_verification,,2024.0,"soha, m. et al.",needs_review,"catalyst loading calc: 2.4 g/l × 200.0 ml = 480.00 mg; glycerol std: (10.0/100×1261)/92.09 = 1.3693 m; wavelength_cutoff_nm=420nm inferred (xe lamp, visible cutoff)",high,medium,high,high,medium,low,high,0.375,ca416e28066f8a0b,2.7,5.24,42.0,5.0,7.16,5.65,-2.25,139.0,2.28,5.0,8.139790621072956
252,tio2,gamma-al2o3,,,,ni,,nanocomposite,anatase-rutile,,xwt%ni/tio2/gamma-al2o3,,,0.0,impregnation,500.0,5.0,visible,,,,,0,0,0,0,1,0.2,10.0,0.2 g/l,50.0,5.0,0.6847,5 vol%,25.0,,223.3 μmol g⁻¹ h⁻¹,223.3,10.1016/j.apcatb.2018.03.015,https://doi.org/10.1016/j.apcatb.2018.03.015,natural solar light-driven preparation of plasmonic resonance-based alloy and core-shell catalyst for sustainable enhanced hydrogen production: green approach and characterization,applied catalysis b: environmental,2018.0,kumar et al.,needs_review,catalyst loading calc: 0.2 g/l × 50.0 ml = 10.00 mg; glycerol std: (5.0/100×1261)/92.09 = 0.6847 m; doi resolved via crossref api,high,medium,high,low,low,low,low,0.375,47d9cabc2952d6c2,3.2,4.21,86.0,1.0,3.89,5.15,-1.29,124.0,1.91,2.0,5.412984441526163
251,tio2,gamma-al2o3,,,,ni,,nanocomposite,anatase-rutile,,xwt%ni/tio2/gamma-al2o3,,,0.0,impregnation,500.0,5.0,visible,,,,,0,0,0,0,1,0.2,10.0,0.2 g/l,50.0,5.0,0.6847,5 vol%,25.0,,294.5 μmol g⁻¹ h⁻¹,294.5,10.1016/j.apcatb.2018.03.015,https://doi.org/10.1016/j.apcatb.2018.03.015,natural solar light-driven preparation of plasmonic resonance-based alloy and core-shell catalyst for sustainable enhanced hydrogen production: green approach and characterization,applied catalysis b: environmental,2018.0,kumar et al.,needs_review,catalyst loading calc: 0.2 g/l × 50.0 ml = 10.00 mg; glycerol std: (5.0/100×1261)/92.09 = 0.6847 m; doi resolved via crossref api,high,medium,high,low,low,low,low,0.375,6628d1b31b65cbfc,3.2,4.21,86.0,1.0,3.89,5.15,-1.29,124.0,1.91,2.0,5.688668836846153
250,tio2,gamma-al2o3,,,,ni,10.0,nanocomposite,anatase-rutile,,10wt%ni/tio2/gamma-al2o3,,,0.0,impregnation,500.0,5.0,visible,,,,,0,0,0,0,1,0.2,10.0,0.2 g/l,50.0,5.0,0.6847,5 vol%,25.0,,389.4 μmol g⁻¹ h⁻¹,389.4,10.1016/j.apcatb.2018.03.015,https://doi.org/10.1016/j.apcatb.2018.03.015,natural solar light-driven preparation of plasmonic resonance-based alloy and core-shell catalyst for sustainable enhanced hydrogen production: green approach and characterization,applied catalysis b: environmental,2018.0,kumar et al.,needs_review,catalyst loading calc: 0.2 g/l × 50.0 ml = 10.00 mg; glycerol std: (5.0/100×1261)/92.09 = 0.6847 m; doi resolved via crossref api,high,medium,high,low,low,low,low,0.375,4f832673a7e27e7b,3.2,4.21,86.0,1.0,3.89,5.15,-1.29,124.0,1.91,2.0,5.967171854538937
249,tio2,gamma-al2o3,,,,ni,5.0,nanocomposite,anatase-rutile,,5wt%ni/tio2/gamma-al2o3,,,0.0,impregnation,500.0,5.0,visible,,,,,0,0,0,0,1,0.2,10.0,0.2 g/l,50.0,5.0,0.6847,5 vol%,25.0,,165.3 μmol g⁻¹ h⁻¹,165.3,10.1016/j.apcatb.2018.03.015,https://doi.org/10.1016/j.apcatb.2018.03.015,natural solar light-driven preparation of plasmonic resonance-based alloy and core-shell catalyst for sustainable enhanced hydrogen production: green approach and characterization,applied catalysis b: environmental,2018.0,kumar et al.,needs_review,catalyst loading calc: 0.2 g/l × 50.0 ml = 10.00 mg; glycerol std: (5.0/100×1261)/92.09 = 0.6847 m; doi resolved via crossref api,high,medium,high,low,low,low,low,0.375,32086b06f4f48490,3.2,4.21,86.0,1.0,3.89,5.15,-1.29,124.0,1.91,2.0,5.113793386198882
267,gamma-al2o3,cnt,,,,ni,,nanocomposite,,,xwt%ni/gamma-al2o3/cnt,,,0.0,steam reforming,,0.0,visible,,,,,0,0,0,0,1,0.2,10.0,0.2 g/l,50.0,5.0,0.6847,5 vol%,25.0,,144.8 μmol g⁻¹ h⁻¹,144.8,10.1016/j,https://doi.org/10.1016/j,needs_verification,international journal of hydrogen energy,2023.0,"zhao, h. et al.",ok,catalyst loading calc: 0.2 g/l × 50.0 ml = 10.00 mg; glycerol std: (5.0/100×1261)/92.09 = 0.6847 m,high,medium,high,low,low,low,low,0.375,6c788cea9d142bf3,3.0,4.2,20.0,1.0,5.0,5.15,-1.29,124.0,1.91,2.0,4.982235819574558
266,gamma-al2o3,cnt,,,,ni,,nanocomposite,,,xwt%ni/gamma-al2o3/cnt,,,0.0,steam reforming,,0.0,visible,,,,,0,0,0,0,1,0.2,10.0,0.2 g/l,50.0,5.0,0.6847,5 vol%,25.0,,165.9 μmol g⁻¹ h⁻¹,165.9,10.1016/j.apcatb.2018.03.015,https://doi.org/10.1016/j.apcatb.2018.03.015,natural solar light-driven preparation of plasmonic resonance-based alloy and core-shell catalyst for sustainable enhanced hydrogen production: green approach and characterization,applied catalysis b: environmental,2018.0,kumar et al.,needs_review,catalyst loading calc: 0.2 g/l × 50.0 ml = 10.00 mg; glycerol std: (5.0/100×1261)/92.09 = 0.6847 m; doi resolved via crossref api,high,medium,high,low,low,low,low,0.375,23e704803890681e,3.0,4.2,20.0,1.0,5.0,5.15,-1.29,124.0,1.91,2.0,5.11739483066779
265,gamma-al2o3,cnt,,,,ni,,nanocomposite,,,xwt%ni/gamma-al2o3/cnt,,,0.0,steam reforming,,0.0,visible,,,,,0,0,0,0,1,0.2,10.0,0.2 g/l,50.0,5.0,0.6847,5 vol%,25.0,,204.9 μmol g⁻¹ h⁻¹,204.9,10.1016/j.apcatb.2018.03.015,https://doi.org/10.1016/j.apcatb.2018.03.015,natural solar light-driven preparation of plasmonic resonance-based alloy and core-shell catalyst for sustainable enhanced hydrogen production: green approach and characterization,applied catalysis b: environmental,2018.0,kumar et al.,needs_review,catalyst loading calc: 0.2 g/l × 50.0 ml = 10.00 mg; glycerol std: (5.0/100×1261)/92.09 = 0.6847 m; doi resolved via crossref api,high,medium,high,low,low,low,low,0.375,47188186211d53a3,3.0,4.2,20.0,1.0,5.0,5.15,-1.29,124.0,1.91,2.0,5.327390614033744
316,tio2,,,100.0,,pt,,nanoparticle,,,xwt%pt/tio2,,,0.0,sonication,,0.0,uv,xe lamp,,,,1,0,0,1,0,0.15,15.0,0.15 g/l,100.0,0.22,0.0301,0.22 vol%,25.0,,141 μmol g⁻¹ h⁻¹,141.0,10.1016/j.ultsonch.2018.10.027,https://doi.org/10.1016/j.ultsonch.2018.10.027,effects of sonication on photocatalytic reforming of aqueous glycerol solutio,,2019.0,mizukoshi,needs_review,catalyst loading calc: 0.15 g/l × 100.0 ml = 15.00 mg; glycerol std: (0.22/100×1261)/92.09 = 0.0301 m; doi resolved via crossref api,high,medium,high,high,low,low,low,0.375,b6c33c8cdf9dd56e,3.2,4.21,86.0,1.0,3.89,5.65,-2.25,139.0,2.28,5.0,4.955827057601261
622,zno,zns,pds,76.0,20.4,,,nanocomposite,,3.24,zno/zns,water bath,,0.0,chemical conversion,,0.0,visible,xe lamp,500.0,500 w,420.0,1,0,0,0,1,6.0,60.0,6 g/l,10.0,5.0,0.6847,5 vol%,,,138.23 μmol g⁻¹ h⁻¹,138.23,10.1007/s11051-020-04989-2,https://doi.org/10.1007/s11051-020-04989-2,one-step sol-gel synthesis of pbtio3 nanosheets and photocatalytic enhancement through decoration by platinum,journal of nanoparticle research,2020.0,kadi and m. w. and r. m. mohamed,needs_review,"catalyst loading calc: 6.0 g/l × 10.0 ml = 60.00 mg; glycerol std: (5.0/100×1261)/92.09 = 0.6847 m; co_catalyst set to 'none': bare semiconductor; wavelength_cutoff_nm=420nm inferred (xe lamp, visible cutoff); doi resolved via crossref api",high,medium,high,high,medium,low,high,0.375,90c2160409068bf7,3.37,4.35,8.5,3.0,5.61,0.0,0.0,0.0,0.0,0.0,4.936127241921194
621,zno,zns,pds,76.0,19.4,,,nanocomposite,,3.25,zno/zns,water bath,,0.0,chemical conversion,,0.0,visible,xe lamp,500.0,500 w,420.0,1,0,0,0,1,6.0,60.0,6 g/l,10.0,5.0,0.6847,5 vol%,,,238.1 μmol g⁻¹ h⁻¹,238.1,10.1007/s11051-020-04989-2,https://doi.org/10.1007/s11051-020-04989-2,one-step sol-gel synthesis of pbtio3 nanosheets and photocatalytic enhancement through decoration by platinum,journal of nanoparticle research,2020.0,kadi and m. w. and r. m. mohamed,needs_review,"catalyst loading calc: 6.0 g/l × 10.0 ml = 60.00 mg; glycerol std: (5.0/100×1261)/92.09 = 0.6847 m; co_catalyst set to 'none': bare semiconductor; wavelength_cutoff_nm=420nm inferred (xe lamp, visible cutoff); doi resolved via crossref api",high,medium,high,high,medium,low,high,0.375,becaa5ca9638d1eb,3.37,4.35,8.5,3.0,5.61,0.0,0.0,0.0,0.0,0.0,5.476881874464279
620,zno,zns,pds,76.0,17.7,,,nanocomposite,,3.26,zno/zns,water bath,,0.0,chemical conversion,,0.0,visible,xe lamp,500.0,500 w,420.0,1,0,0,0,1,6.0,60.0,6 g/l,10.0,5.0,0.6847,5 vol%,,,149.18 μmol g⁻¹ h⁻¹,149.18,10.1007/s11051-020-04989-2,https://doi.org/10.1007/s11051-020-04989-2,one-step sol-gel synthesis of pbtio3 nanosheets and photocatalytic enhancement through decoration by platinum,journal of nanoparticle research,2020.0,kadi and m. w. and r. m. mohamed,needs_review,"catalyst loading calc: 6.0 g/l × 10.0 ml = 60.00 mg; glycerol std: (5.0/100×1261)/92.09 = 0.6847 m; co_catalyst set to 'none': bare semiconductor; wavelength_cutoff_nm=420nm inferred (xe lamp, visible cutoff); doi resolved via crossref api",high,medium,high,high,medium,low,high,0.375,911af80cc2224269,3.37,4.35,8.5,3.0,5.61,0.0,0.0,0.0,0.0,0.0,5.011834574671738
619,zno,zns,pds,76.0,10.0,,,nanocomposite,,3.25,zno/zns,water bath,,0.0,chemical conversion,,0.0,visible,xe lamp,500.0,500 w,420.0,1,0,0,0,1,6.0,60.0,6 g/l,10.0,5.0,0.6847,5 vol%,,,95.8 μmol g⁻¹ h⁻¹,95.8,10.1007/s11051-020-04989-2,https://doi.org/10.1007/s11051-020-04989-2,one-step sol-gel synthesis of pbtio3 nanosheets and photocatalytic enhancement through decoration by platinum,journal of nanoparticle research,2020.0,kadi and m. w. and r. m. mohamed,needs_review,"catalyst loading calc: 6.0 g/l × 10.0 ml = 60.00 mg; glycerol std: (5.0/100×1261)/92.09 = 0.6847 m; co_catalyst set to 'none': bare semiconductor; wavelength_cutoff_nm=420nm inferred (xe lamp, visible cutoff); doi resolved via crossref api",high,medium,high,high,medium,low,high,0.375,806f119af1fa1340,3.37,4.35,8.5,3.0,5.61,0.0,0.0,0.0,0.0,0.0,4.572646994282532
264,gamma-al2o3,cnt,,,,ni,10.0,nanocomposite,,,10wt%ni/gamma-al2o3/cnt,,,0.0,steam reforming,,0.0,visible,,,,,0,0,0,0,1,0.2,10.0,0.2 g/l,50.0,5.0,0.6847,5 vol%,25.0,,295.1 μmol g⁻¹ h⁻¹,295.1,10.1016/j.apcatb.2018.03.015,https://doi.org/10.1016/j.apcatb.2018.03.015,natural solar light-driven preparation of plasmonic resonance-based alloy and core-shell catalyst for sustainable enhanced hydrogen production: green approach and characterization,applied catalysis b: environmental,2018.0,kumar et al.,needs_review,catalyst loading calc: 0.2 g/l × 50.0 ml = 10.00 mg; glycerol std: (5.0/100×1261)/92.09 = 0.6847 m; doi resolved via crossref api,high,medium,high,low,low,low,low,0.375,ee8955ce41455c6e,3.0,4.2,20.0,1.0,5.0,5.15,-1.29,124.0,1.91,2.0,5.690697235107546
263,gamma-al2o3,cnt,,,,ni,5.0,nanocomposite,,,5wt%ni/gamma-al2o3/cnt,,,0.0,steam reforming,,0.0,visible,,,,,0,0,0,0,1,0.2,10.0,0.2 g/l,50.0,5.0,0.6847,5 vol%,25.0,,165.9 μmol g⁻¹ h⁻¹,165.9,10.1016/j.apcatb.2018.03.015,https://doi.org/10.1016/j.apcatb.2018.03.015,natural solar light-driven preparation of plasmonic resonance-based alloy and core-shell catalyst for sustainable enhanced hydrogen production: green approach and characterization,applied catalysis b: environmental,2018.0,kumar et al.,needs_review,catalyst loading calc: 0.2 g/l × 50.0 ml = 10.00 mg; glycerol std: (5.0/100×1261)/92.09 = 0.6847 m; doi resolved via crossref api,high,medium,high,low,low,low,low,0.375,3a651105c91f5f90,3.0,4.2,20.0,1.0,5.0,5.15,-1.29,124.0,1.91,2.0,5.11739483066779
262,tio2,gamma-al2o3,,90.0,,ni,,nanocomposite,anatase-rutile,2.94,xwt%ni/tio2/gamma-al2o3,,,0.0,solid-state,,0.0,visible,,,,,0,0,0,0,1,0.2,10.0,0.2 g/l,50.0,5.0,0.6847,5 vol%,25.0,,2400.7 μmol g⁻¹ h⁻¹,2400.7,10.1016/j.apcatb.2018.03.015,https://doi.org/10.1016/j.apcatb.2018.03.015,natural solar light-driven preparation of plasmonic resonance-based alloy and core-shell catalyst for sustainable enhanced hydrogen production: green approach and characterization,applied catalysis b: environmental,2018.0,kumar et al.,needs_review,catalyst loading calc: 0.2 g/l × 50.0 ml = 10.00 mg; glycerol std: (5.0/100×1261)/92.09 = 0.6847 m; doi resolved via crossref api,high,medium,high,low,low,low,high,0.375,14c0a9caef9b2e02,3.2,4.21,86.0,1.0,3.89,5.15,-1.29,124.0,1.91,2.0,7.783932098919717
261,tio2,gamma-al2o3,,90.0,,ni,,nanocomposite,anatase-rutile,3.0,xwt%ni/tio2/gamma-al2o3,,,0.0,solid-state,,0.0,visible,,,,,0,0,0,0,1,0.2,10.0,0.2 g/l,50.0,5.0,0.6847,5 vol%,25.0,,2036.4 μmol g⁻¹ h⁻¹,2036.4,10.1016/j.apcatb.2018.03.015,https://doi.org/10.1016/j.apcatb.2018.03.015,natural solar light-driven preparation of plasmonic resonance-based alloy and core-shell catalyst for sustainable enhanced hydrogen production: green approach and characterization,applied catalysis b: environmental,2018.0,kumar et al.,needs_review,catalyst loading calc: 0.2 g/l × 50.0 ml = 10.00 mg; glycerol std: (5.0/100×1261)/92.09 = 0.6847 m; doi resolved via crossref api,high,medium,high,low,low,low,high,0.375,1eb40cda1b8e6645,3.2,4.21,86.0,1.0,3.89,5.15,-1.29,124.0,1.91,2.0,7.619429764155966
260,tio2,gamma-al2o3,,90.0,,ni,,nanocomposite,anatase-rutile,3.02,xwt%ni/tio2/gamma-al2o3,,,0.0,solid-state,,0.0,visible,,,,,0,0,0,0,1,0.2,10.0,0.2 g/l,50.0,5.0,0.6847,5 vol%,25.0,,1705.3 μmol g⁻¹ h⁻¹,1705.3,10.1016/j.apcatb.2018.03.015,https://doi.org/10.1016/j.apcatb.2018.03.015,natural solar light-driven preparation of plasmonic resonance-based alloy and core-shell catalyst for sustainable enhanced hydrogen production: green approach and characterization,applied catalysis b: environmental,2018.0,kumar et al.,needs_review,catalyst loading calc: 0.2 g/l × 50.0 ml = 10.00 mg; glycerol std: (5.0/100×1261)/92.09 = 0.6847 m; doi resolved via crossref api,high,medium,high,low,low,low,high,0.375,24bfe1a2f2fb25f4,3.2,4.21,86.0,1.0,3.89,5.15,-1.29,124.0,1.91,2.0,7.442082562533219
259,tio2,gamma-al2o3,,90.0,,ni,10.0,nanocomposite,anatase-rutile,3.05,10wt%ni/tio2/gamma-al2o3,,,0.0,solid-state,,0.0,visible,,,,,0,0,0,0,1,0.2,10.0,0.2 g/l,50.0,5.0,0.6847,5 vol%,25.0,,1418.3 μmol g⁻¹ h⁻¹,1418.3,10.1016/j.apcatb.2018.03.015,https://doi.org/10.1016/j.apcatb.2018.03.015,natural solar light-driven preparation of plasmonic resonance-based alloy and core-shell catalyst for sustainable enhanced hydrogen production: green approach and characterization,applied catalysis b: environmental,2018.0,kumar et al.,needs_review,catalyst loading calc: 0.2 g/l × 50.0 ml = 10.00 mg; glycerol std: (5.0/100×1261)/92.09 = 0.6847 m; doi resolved via crossref api,high,medium,high,low,low,low,high,0.375,bab20ecd807b2a22,3.2,4.21,86.0,1.0,3.89,5.15,-1.29,124.0,1.91,2.0,7.257919071305212
258,tio2,gamma-al2o3,,90.0,,ni,5.0,nanocomposite,anatase-rutile,3.09,5wt%ni/tio2/gamma-al2o3,,,0.0,solid-state,,0.0,visible,,,,,0,0,0,0,1,0.2,10.0,0.2 g/l,50.0,5.0,0.6847,5 vol%,25.0,,1192.1 μmol g⁻¹ h⁻¹,1192.1,10.1016/j.apcatb.2018.03.015,https://doi.org/10.1016/j.apcatb.2018.03.015,natural solar light-driven preparation of plasmonic resonance-based alloy and core-shell catalyst for sustainable enhanced hydrogen production: green approach and characterization,applied catalysis b: environmental,2018.0,kumar et al.,needs_review,catalyst loading calc: 0.2 g/l × 50.0 ml = 10.00 mg; glycerol std: (5.0/100×1261)/92.09 = 0.6847 m; doi resolved via crossref api,high,medium,high,low,low,low,high,0.375,926adc80109aa6a6,3.2,4.21,86.0,1.0,3.89,5.15,-1.29,124.0,1.91,2.0,7.084310240881755
257,tio2,gamma-al2o3,,,,ni,,nanocomposite,anatase-rutile,,xwt%ni/tio2/gamma-al2o3,,,0.0,impregnation,500.0,5.0,visible,,,,,0,0,0,0,1,2.0,100.0,2 g/l,50.0,5.0,0.6847,5 vol%,25.0,,199.2 μmol g⁻¹ h⁻¹,199.2,10.1016/j.apcatb.2018.03.015,https://doi.org/10.1016/j.apcatb.2018.03.015,natural solar light-driven preparation of plasmonic resonance-based alloy and core-shell catalyst for sustainable enhanced hydrogen production: green approach and characterization,applied catalysis b: environmental,2018.0,kumar et al.,needs_review,catalyst loading calc: 2.0 g/l × 50.0 ml = 100.00 mg; glycerol std: (5.0/100×1261)/92.09 = 0.6847 m; doi resolved via crossref api,high,medium,high,low,low,low,low,0.375,19745cafc3a8a77a,3.2,4.21,86.0,1.0,3.89,5.15,-1.29,124.0,1.91,2.0,5.29931686688112
256,tio2,gamma-al2o3,,,,ni,,nanocomposite,anatase-rutile,,xwt%ni/tio2/gamma-al2o3,,,0.0,impregnation,500.0,5.0,visible,,,,,0,0,0,0,1,1.0,50.0,1 g/l,50.0,5.0,0.6847,5 vol%,25.0,,261.2 μmol g⁻¹ h⁻¹,261.2,10.1016/j.apcatb.2018.03.015,https://doi.org/10.1016/j.apcatb.2018.03.015,natural solar light-driven preparation of plasmonic resonance-based alloy and core-shell catalyst for sustainable enhanced hydrogen production: green approach and characterization,applied catalysis b: environmental,2018.0,kumar et al.,needs_review,catalyst loading calc: 1.0 g/l × 50.0 ml = 50.00 mg; glycerol std: (5.0/100×1261)/92.09 = 0.6847 m; doi resolved via crossref api,high,medium,high,low,low,low,low,0.375,17e9b94ac99174fa,3.2,4.21,86.0,1.0,3.89,5.15,-1.29,124.0,1.91,2.0,5.569107571329599
255,tio2,gamma-al2o3,,,,ni,,nanocomposite,anatase-rutile,,xwt%ni/tio2/gamma-al2o3,,,0.0,impregnation,500.0,5.0,visible,,,,,0,0,0,0,1,0.5,25.0,0.5 g/l,50.0,5.0,0.6847,5 vol%,25.0,,300.8 μmol g⁻¹ h⁻¹,300.8,10.1016/j.apcatb.2018.03.015,https://doi.org/10.1016/j.apcatb.2018.03.015,natural solar light-driven preparation of plasmonic resonance-based alloy and core-shell catalyst for sustainable enhanced hydrogen production: green approach and characterization,applied catalysis b: environmental,2018.0,kumar et al.,needs_review,catalyst loading calc: 0.5 g/l × 50.0 ml = 25.00 mg; glycerol std: (5.0/100×1261)/92.09 = 0.6847 m; doi resolved via crossref api,high,medium,high,low,low,low,low,0.375,abae0d6b69e935f9,3.2,4.21,86.0,1.0,3.89,5.15,-1.29,124.0,1.91,2.0,5.709764546333749
254,tio2,gamma-al2o3,,,,ni,,nanocomposite,anatase-rutile,,xwt%ni/tio2/gamma-al2o3,,,0.0,impregnation,500.0,5.0,visible,,,,,0,0,0,0,1,0.1,5.0,0.1 g/l,50.0,5.0,0.6847,5 vol%,25.0,,370.2 μmol g⁻¹ h⁻¹,370.2,10.1016/j.apcatb.2018.03.015,https://doi.org/10.1016/j.apcatb.2018.03.015,natural solar light-driven preparation of plasmonic resonance-based alloy and core-shell catalyst for sustainable enhanced hydrogen production: green approach and characterization,applied catalysis b: environmental,2018.0,kumar et al.,needs_review,catalyst loading calc: 0.1 g/l × 50.0 ml = 5.00 mg; glycerol std: (5.0/100×1261)/92.09 = 0.6847 m; doi resolved via crossref api,high,medium,high,low,low,low,low,0.375,248f0b379f59f294,3.2,4.21,86.0,1.0,3.89,5.15,-1.29,124.0,1.91,2.0,5.916741000912046
253,tio2,gamma-al2o3,,,,ni,,nanocomposite,anatase-rutile,,xwt%ni/tio2/gamma-al2o3,,,0.0,impregnation,500.0,5.0,visible,,,,,0,0,0,0,1,0.2,10.0,0.2 g/l,50.0,5.0,0.6847,5 vol%,25.0,,145 μmol g⁻¹ h⁻¹,145.0,10.1016/j.apcatb.2018.03.015,https://doi.org/10.1016/j.apcatb.2018.03.015,natural solar light-driven preparation of plasmonic resonance-based alloy and core-shell catalyst for sustainable enhanced hydrogen production: green approach and characterization,applied catalysis b: environmental,2018.0,kumar et al.,needs_review,catalyst loading calc: 0.2 g/l × 50.0 ml = 10.00 mg; glycerol std: (5.0/100×1261)/92.09 = 0.6847 m; doi resolved via crossref api,high,medium,high,low,low,low,low,0.375,fe870a8911c14577,3.2,4.21,86.0,1.0,3.89,5.15,-1.29,124.0,1.91,2.0,4.983606621708336
247,tio2,gamma-al2o3,cnt,90.0,,ni,,nanocomposite,anatase-rutile,2.88,xwt%ni/tio2/gamma-al2o3,,,0.0,solid-state,,0.0,visible,,,,,0,0,0,0,1,0.2,10.0,0.2 g/l,50.0,5.0,0.6847,5 vol%,25.0,,2390.2 μmol g⁻¹ h⁻¹,2390.2,10.1016/j.apcatb.2018.03.015,https://doi.org/10.1016/j.apcatb.2018.03.015,natural solar light-driven preparation of plasmonic resonance-based alloy and core-shell catalyst for sustainable enhanced hydrogen production: green approach and characterization,applied catalysis b: environmental,2018.0,kumar et al.,needs_review,catalyst loading calc: 0.2 g/l × 50.0 ml = 10.00 mg; glycerol std: (5.0/100×1261)/92.09 = 0.6847 m; doi resolved via crossref api,high,medium,high,low,low,low,high,0.375,8dc3632349b0c0ff,3.2,4.21,86.0,1.0,3.89,5.15,-1.29,124.0,1.91,2.0,7.779550610969728
246,tio2,gamma-al2o3,cnt,90.0,,ni,,nanocomposite,anatase-rutile,2.92,xwt%ni/tio2/gamma-al2o3,,,0.0,solid-state,,0.0,visible,,,,,0,0,0,0,1,0.2,10.0,0.2 g/l,50.0,5.0,0.6847,5 vol%,25.0,,2595.1 μmol g⁻¹ h⁻¹,2595.1,10.1016/j.apcatb.2018.03.015,https://doi.org/10.1016/j.apcatb.2018.03.015,natural solar light-driven preparation of plasmonic resonance-based alloy and core-shell catalyst for sustainable enhanced hydrogen production: green approach and characterization,applied catalysis b: environmental,2018.0,kumar et al.,needs_review,catalyst loading calc: 0.2 g/l × 50.0 ml = 10.00 mg; glycerol std: (5.0/100×1261)/92.09 = 0.6847 m; doi resolved via crossref api,high,medium,high,low,low,low,high,0.375,9d7f8b44508d1117,3.2,4.21,86.0,1.0,3.89,5.15,-1.29,124.0,1.91,2.0,7.8617655978833065
245,tio2,gamma-al2o3,cnt,90.0,,ni,,nanocomposite,anatase-rutile,2.94,xwt%ni/tio2/gamma-al2o3,,,0.0,solid-state,,0.0,visible,,,,,0,0,0,0,1,0.2,10.0,0.2 g/l,50.0,5.0,0.6847,5 vol%,25.0,,2987.8 μmol g⁻¹ h⁻¹,2987.8,10.1016/j.apcatb.2018.03.015,https://doi.org/10.1016/j.apcatb.2018.03.015,natural solar light-driven preparation of plasmonic resonance-based alloy and core-shell catalyst for sustainable enhanced hydrogen production: green approach and characterization,applied catalysis b: environmental,2018.0,kumar et al.,needs_review,catalyst loading calc: 0.2 g/l × 50.0 ml = 10.00 mg; glycerol std: (5.0/100×1261)/92.09 = 0.6847 m; doi resolved via crossref api,high,medium,high,low,low,low,high,0.375,3ade153a6ee926fd,3.2,4.21,86.0,1.0,3.89,5.15,-1.29,124.0,1.91,2.0,8.002627248034523
244,tio2,gamma-al2o3,cnt,90.0,,ni,10.0,nanocomposite,anatase-rutile,2.96,10wt%ni/tio2/gamma-al2o3,,,0.0,solid-state,,0.0,visible,,,,,0,0,0,0,1,0.2,10.0,0.2 g/l,50.0,5.0,0.6847,5 vol%,25.0,,3397.6 μmol g⁻¹ h⁻¹,3397.6,10.1016/j.apcatb.2018.03.015,https://doi.org/10.1016/j.apcatb.2018.03.015,natural solar light-driven preparation of plasmonic resonance-based alloy and core-shell catalyst for sustainable enhanced hydrogen production: green approach and characterization,applied catalysis b: environmental,2018.0,kumar et al.,needs_review,catalyst loading calc: 0.2 g/l × 50.0 ml = 10.00 mg; glycerol std: (5.0/100×1261)/92.09 = 0.6847 m; doi resolved via crossref api,high,medium,high,low,low,low,high,0.375,8538df48b5690a0b,3.2,4.21,86.0,1.0,3.89,5.15,-1.29,124.0,1.91,2.0,8.131118861100004
243,tio2,gamma-al2o3,cnt,90.0,,ni,5.0,nanocomposite,anatase-rutile,3.06,5wt%ni/tio2/gamma-al2o3,,,0.0,solid-state,,0.0,visible,,,,,0,0,0,0,1,0.2,10.0,0.2 g/l,50.0,5.0,0.6847,5 vol%,25.0,,2040.2 μmol g⁻¹ h⁻¹,2040.2,10.1016/j.apcatb.2018.03.015,https://doi.org/10.1016/j.apcatb.2018.03.015,natural solar light-driven preparation of plasmonic resonance-based alloy and core-shell catalyst for sustainable enhanced hydrogen production: green approach and characterization,applied catalysis b: environmental,2018.0,kumar et al.,needs_review,catalyst loading calc: 0.2 g/l × 50.0 ml = 10.00 mg; glycerol std: (5.0/100×1261)/92.09 = 0.6847 m; doi resolved via crossref api,high,medium,high,low,low,low,high,0.375,d3f2e7004f976048,3.2,4.21,86.0,1.0,3.89,5.15,-1.29,124.0,1.91,2.0,7.621293149189817
238,zno,cnt,,94.0,,la,,nanocomposite,,,xwt%la/zno/cnt,,,0.0,sol-gel,700.0,3.0,visible,xe lamp,300.0,300 w,365.0,1,0,0,0,1,0.3,24.0,0.3 g/l,80.0,10.0,1.3693,10 vol%,,,184800 μmol g⁻¹ h⁻¹,184800.0,10.2495/esus170321,https://doi.org/10.2495/esus170321,an experimental study of the photocatalytic hydrogen production in the laboratory-scale set-up depending on the process conditions,,2017.0,stelmachowski and k. bednarczyk and m. gmurek,needs_review,catalyst loading calc: 0.3 g/l × 80.0 ml = 24.00 mg; glycerol std: (10.0/100×1261)/92.09 = 1.3693 m; doi resolved via crossref api,high,medium,high,high,medium,low,low,0.375,2673654e94ef9c67,3.37,4.35,8.5,3.0,5.61,4.9,-2.0,130.0,2.0,3.0,12.12703484943049
237,zno,,,100.0,,la,,nanoparticle,,,xwt%la/zno,,,0.0,,,0.0,visible,xe lamp,300.0,300 w,365.0,1,0,0,0,1,0.3,24.0,0.3 g/l,80.0,10.0,1.3693,10 vol%,,,145900 μmol g⁻¹ h⁻¹,145900.0,10.2495/esus170321,https://doi.org/10.2495/esus170321,an experimental study of the photocatalytic hydrogen production in the laboratory-scale set-up depending on the process conditions,,2017.0,stelmachowski and k. bednarczyk and m. gmurek,needs_review,catalyst loading calc: 0.3 g/l × 80.0 ml = 24.00 mg; glycerol std: (10.0/100×1261)/92.09 = 1.3693 m; doi resolved via crossref api,high,medium,high,high,medium,low,low,0.375,59229ff637dc7e48,3.37,4.35,8.5,3.0,5.61,4.9,-2.0,130.0,2.0,3.0,11.890683588496984
633,tio2,nio,cuo,90.0,9.0,,,nanoparticle,anatase,,tio2/nio,sol-gel,450.0,2.0,uniform loading,,0.0,visible,,,,,0,0,0,0,1,0.4,20.0,0.4 g/l,50.0,0.02,0.0027,0.02 vol%,,6.7,26100 μmol g⁻¹ h⁻¹,26100.0,10.1016/j.ijhydene.2018.01.011,https://doi.org/10.1016/j.ijhydene.2018.01.011,enhanced photocatalytic hydrogen production activity of noble metal free mwcnt-tio2 nanocomposites,international journal of hydrogen energy,2018.0,reddy et al.,needs_review,catalyst loading calc: 0.4 g/l × 50.0 ml = 20.00 mg; glycerol std: (0.02/100×1261)/92.09 = 0.0027 m; co_catalyst set to 'none': bare semiconductor; doi resolved via crossref api,high,medium,high,low,low,high,low,0.375,27bc01f9429a6513,3.2,4.21,86.0,1.0,3.89,0.0,0.0,0.0,0.0,0.0,10.169728906753061
625,tio2,g-c3n4,rgo,67.0,30.0,,,nanocomposite,anatase,2.56,tio2/g-c3n4,hydrolysis,400.0,2.0,impregnation,400.0,1.0,visible,xe lamp,250.0,250 w,420.0,1,0,0,0,1,0.2,10.0,0.2 g/l,50.0,5.2,0.712,5.2 vol%,,,23143 μmol g⁻¹ h⁻¹,23143.0,10.1063/1.5021350,https://doi.org/10.1063/1.5021350,enhanced photocatalytic hydrogen formation over fe-loaded tio2 and g-c3n4 composites from mixed glycerol and water by solar irradiation,journal of renewable and sustainable energy,2018.0,sadanandam and l. zhang and m. s. scurrell,needs_review,"catalyst loading calc: 0.2 g/l × 50.0 ml = 10.00 mg; glycerol std: (5.2/100×1261)/92.09 = 0.7120 m; co_catalyst set to 'none': bare semiconductor; wavelength_cutoff_nm=420nm inferred (xe lamp, visible cutoff); doi resolved via crossref api",high,medium,high,high,medium,low,high,0.375,903db864db03d6f3,3.2,4.21,86.0,1.0,3.89,0.0,0.0,0.0,0.0,0.0,10.04949084665597
624,tio2,cufe2o4,rgo,67.0,30.0,,,nanocomposite,anatase,1.51,tio2/cufe2o4,hydrolysis,400.0,2.0,impregnation,400.0,2.0,visible,xe lamp,250.0,250 w,420.0,1,0,0,0,1,0.1,5.0,0.1 g/l,50.0,5.2,0.712,5.2 vol%,,,35981 μmol g⁻¹ h⁻¹,35981.0,10.1063/1.5021350,https://doi.org/10.1063/1.5021350,enhanced photocatalytic hydrogen formation over fe-loaded tio2 and g-c3n4 composites from mixed glycerol and water by solar irradiation,journal of renewable and sustainable energy,2018.0,sadanandam and l. zhang and m. s. scurrell,needs_review,"catalyst loading calc: 0.1 g/l × 50.0 ml = 5.00 mg; glycerol std: (5.2/100×1261)/92.09 = 0.7120 m; co_catalyst set to 'none': bare semiconductor; wavelength_cutoff_nm=420nm inferred (xe lamp, visible cutoff); doi resolved via crossref api",high,medium,high,high,medium,low,high,0.375,cdb050fc15c907fd,3.2,4.21,86.0,1.0,3.89,0.0,0.0,0.0,0.0,0.0,10.490774092396565
832,tio2,ac,,98.0,,,,nanocomposite,anatase-rutile,2.83,tio2/ac,,,0.0,hydrothermal,400.0,2.0,visible,xe lamp,250.0,250 w,420.0,1,0,0,0,1,0.1,5.0,0.1 g/l,50.0,5.0,0.6847,5 vol%,,,3745.2 μmol g⁻¹ h⁻¹,3745.2,10.1016/j.materresbull.2018.06.009,https://doi.org/10.1016/j.materresbull.2018.06.009,multiwalled carbon nanotubes in titania based nanocomposite as trap for photoexcitons for enhanced photocatalytic hydrogen production under solar light irradiation,materials,2018.0,reddy et al.,needs_review,"catalyst loading calc: 0.1 g/l × 50.0 ml = 5.00 mg; glycerol std: (5.0/100×1261)/92.09 = 0.6847 m; co_catalyst set to 'none': bare semiconductor; wavelength_cutoff_nm=420nm inferred (xe lamp, visible cutoff); doi resolved via crossref api",high,medium,high,high,medium,low,high,0.375,efc655dbeb8717f9,3.2,4.21,86.0,1.0,3.89,0.0,0.0,0.0,0.0,0.0,8.228497271861793
823,tio2,cuo,,99.5,,,,nanobelt,anatase-rutile,,tio2/cuo,hydrothermal,550.0,5.0,impregnation,500.0,5.0,visible,,,,,0,0,0,0,1,2.0,300.0,2 g/l,150.0,5.0,0.6847,5 vol%,25.0,,3408 μmol g⁻¹ h⁻¹,3408.0,10.1039/c3cc44742a,https://doi.org/10.1039/c3cc44742a,nano-size effects on cuo/tio2 catalysts for highly efficient h2 production under solar light irradiation,chemical communications,2013.0,kumar et al.,needs_review,catalyst loading calc: 2.0 g/l × 150.0 ml = 300.00 mg; glycerol std: (5.0/100×1261)/92.09 = 0.6847 m; co_catalyst set to 'none': bare semiconductor; doi resolved via crossref api,high,medium,high,low,low,low,low,0.375,b1fcb648421e0924,3.2,4.21,86.0,1.0,3.89,0.0,0.0,0.0,0.0,0.0,8.134174272137903
66,tio2,,,100.0,,au,0.5,nanotube,anatase,3.19,0.5wt%au/tio2,,,0.0,hydrothermal,600.0,2.0,uv,,100.0,100 w,365.0,0,0,0,1,0,0.3,6.0,0.3 g/l,20.0,10.0,1.3693,10 vol%,,,29200 μmol g⁻¹ h⁻¹,29200.0,10.1016/j.jcat.2015.07.014,https://doi.org/10.1016/j.jcat.2015.07.014,novel au/ tio2 photocatalysts for hydrogen production in alcohol–water mixtures based on hydrogen titanate nanotube precursors,journal of catalysis,2015.0,dosado et al.,needs_review,catalyst loading calc: 0.3 g/l × 20.0 ml = 6.00 mg; glycerol std: (10.0/100×1261)/92.09 = 1.3693 m; doi resolved via crossref api,high,medium,high,low,medium,low,high,0.375,9aedd5923690ed07,3.2,4.21,86.0,1.0,3.89,5.1,-3.56,144.0,2.54,5.0,10.281958234245314
60,tio2,,,100.0,,ag,,nanoflake,anatase,3.08,xwt%ag/tio2,hydrothermal,,0.0,impregnation,500.0,0.5,visible,xe lamp,300.0,300 w,420.0,1,0,0,0,1,1.0,50.0,1 g/l,50.0,10.0,1.3693,10 vol%,,,70 μmol g⁻¹ h⁻¹,70.0,10.1016/j,https://doi.org/10.1016/j,needs_verification,international journal of hydrogen energy,2022.0,"zhong, w. et al.",ok,"catalyst loading calc: 1.0 g/l × 50.0 ml = 50.00 mg; glycerol std: (10.0/100×1261)/92.09 = 1.3693 m; wavelength_cutoff_nm=420nm inferred (xe lamp, visible cutoff)",high,medium,high,high,medium,low,high,0.375,4d757995f23273d2,3.2,4.21,86.0,1.0,3.89,4.26,-4.3,144.0,1.93,4.0,4.2626798770413155
59,tio2,,,100.0,,ag,9.0,nanoflake,anatase,2.93,9wt%ag/tio2,hydrothermal,,0.0,impregnation,500.0,0.5,visible,xe lamp,300.0,300 w,420.0,1,0,0,0,1,1.0,50.0,1 g/l,50.0,10.0,1.3693,10 vol%,,,350 μmol g⁻¹ h⁻¹,350.0,10.1016/j,https://doi.org/10.1016/j,needs_verification,international journal of hydrogen energy,2022.0,"zhong, w. et al.",ok,"catalyst loading calc: 1.0 g/l × 50.0 ml = 50.00 mg; glycerol std: (10.0/100×1261)/92.09 = 1.3693 m; wavelength_cutoff_nm=420nm inferred (xe lamp, visible cutoff)",high,medium,high,high,medium,low,high,0.375,80929b6b303f6612,3.2,4.21,86.0,1.0,3.89,4.26,-4.3,144.0,1.93,4.0,5.860786223465865
58,tio2,,,100.0,,ag,7.0,nanoflake,anatase,2.97,7wt%ag/tio2,hydrothermal,,0.0,impregnation,500.0,0.5,visible,xe lamp,300.0,300 w,420.0,1,0,0,0,1,1.0,50.0,1 g/l,50.0,10.0,1.3693,10 vol%,,,200 μmol g⁻¹ h⁻¹,200.0,10.1016/j,https://doi.org/10.1016/j,needs_verification,international journal of hydrogen energy,2022.0,"zhong, w. et al.",ok,"catalyst loading calc: 1.0 g/l × 50.0 ml = 50.00 mg; glycerol std: (10.0/100×1261)/92.09 = 1.3693 m; wavelength_cutoff_nm=420nm inferred (xe lamp, visible cutoff)",high,medium,high,high,medium,low,high,0.375,b5fba5262acd702c,3.2,4.21,86.0,1.0,3.89,4.26,-4.3,144.0,1.93,4.0,5.303304908059076
57,tio2,,,100.0,,ag,5.0,nanoflake,anatase,3.02,5wt%ag/tio2,hydrothermal,,0.0,impregnation,500.0,0.5,visible,xe lamp,300.0,300 w,420.0,1,0,0,0,1,1.0,50.0,1 g/l,50.0,10.0,1.3693,10 vol%,,,375 μmol g⁻¹ h⁻¹,375.0,10.1016/j,https://doi.org/10.1016/j,needs_verification,international journal of hydrogen energy,2022.0,"zhong, w. et al.",ok,"catalyst loading calc: 1.0 g/l × 50.0 ml = 50.00 mg; glycerol std: (10.0/100×1261)/92.09 = 1.3693 m; wavelength_cutoff_nm=420nm inferred (xe lamp, visible cutoff)",high,medium,high,high,medium,low,high,0.375,6d3f39737ed7c86e,3.2,4.21,86.0,1.0,3.89,4.26,-4.3,144.0,1.93,4.0,5.929589143389895
56,tio2,,,100.0,,ag,3.0,nanoflake,anatase,3.03,3wt%ag/tio2,hydrothermal,,0.0,impregnation,500.0,0.5,visible,xe lamp,300.0,300 w,420.0,1,0,0,0,1,1.0,50.0,1 g/l,50.0,10.0,1.3693,10 vol%,,,400 μmol g⁻¹ h⁻¹,400.0,10.1016/j,https://doi.org/10.1016/j,needs_verification,international journal of hydrogen energy,2022.0,"zhong, w. et al.",ok,"catalyst loading calc: 1.0 g/l × 50.0 ml = 50.00 mg; glycerol std: (10.0/100×1261)/92.09 = 1.3693 m; wavelength_cutoff_nm=420nm inferred (xe lamp, visible cutoff)",high,medium,high,high,medium,low,high,0.375,4ed456f5c1c5cc84,3.2,4.21,86.0,1.0,3.89,4.26,-4.3,144.0,1.93,4.0,5.993961427306569
654,sral2o4,ag2o,cnt,93.0,,,,nanocomposite,,2.49,sral2o4/ag2o,sol-gel,,0.0,impregnation,,0.0,visible,xe lamp,,,420.0,1,0,0,0,1,0.8,80.0,0.8 g/l,100.0,10.0,1.3693,10 vol%,25.0,,300.1 μmol g⁻¹ h⁻¹,300.1,10.1016/j.renene.2020.05.168,https://doi.org/10.1016/j.renene.2020.05.168,rational design of ru(ii)-phenanthroline complex embedded porous tio2 photocatalyst for efficient hydrogen production,international journal of hydrogen energy,2020.0,gonuguntla et al.,needs_review,catalyst loading calc: 0.8 g/l × 100.0 ml = 80.00 mg; glycerol std: (10.0/100×1261)/92.09 = 1.3693 m; co_catalyst set to 'none': bare semiconductor; doi resolved via crossref api,high,medium,high,high,medium,low,high,0.375,40b0cc88fa7e7c65,5.8,1.5,9.8,5.0,3.5,0.0,0.0,0.0,0.0,0.0,5.707442435487688
653,sral2o4,ag2o,cnt,93.0,,,,nanocomposite,,2.49,sral2o4/ag2o,sol-gel,,0.0,impregnation,,0.0,visible,xe lamp,,,420.0,1,0,0,0,1,0.4,40.0,0.4 g/l,100.0,10.0,1.3693,10 vol%,25.0,,150 μmol g⁻¹ h⁻¹,150.0,10.1016/j.ijhydene.2017.04.239,https://doi.org/10.1016/j.ijhydene.2017.04.239,photocatalytic h2 production from glycerol–water mixtures over ni/γ-al2o3 and tio2 composite systems,international journal of hydrogen energy,2017.0,gullapelli and s. m. s. scurrell and d. k. valluri,needs_review,catalyst loading calc: 0.4 g/l × 100.0 ml = 40.00 mg; glycerol std: (10.0/100×1261)/92.09 = 1.3693 m; co_catalyst set to 'none': bare semiconductor; doi resolved via crossref api,high,medium,high,high,medium,low,high,0.375,a914a2823b8d1155,5.8,1.5,9.8,5.0,3.5,0.0,0.0,0.0,0.0,0.0,5.017279836814924
652,sral2o4,ag2o,cnt,93.0,,,,nanocomposite,,2.49,sral2o4/ag2o,sol-gel,,0.0,impregnation,,0.0,visible,xe lamp,,,420.0,1,0,0,0,1,1.2,120.0,1.2 g/l,100.0,10.0,1.3693,10 vol%,25.0,,346.66 μmol g⁻¹ h⁻¹,346.66,10.1016/j.renene.2020.05.168,https://doi.org/10.1016/j.renene.2020.05.168,rational design of ru(ii)-phenanthroline complex embedded porous tio2 photocatalyst for efficient hydrogen production,international journal of hydrogen energy,2020.0,gonuguntla et al.,needs_review,catalyst loading calc: 1.2 g/l × 100.0 ml = 120.00 mg; glycerol std: (10.0/100×1261)/92.09 = 1.3693 m; co_catalyst set to 'none': bare semiconductor; doi resolved via crossref api,high,medium,high,high,medium,low,high,0.375,7e79547d7c6dda8d,5.8,1.5,9.8,5.0,3.5,0.0,0.0,0.0,0.0,0.0,5.851224990693394
650,tio2,rgo,cu2o,97.0,3.0,,,nanocomposite,anatase-rutile,2.87,tio2/rgo,hydrolysis,400.0,2.0,impregnation,500.0,5.0,visible,xe lamp,250.0,250 w,420.0,1,0,0,0,1,0.1,50.0,0.1 g/l,500.0,5.0,0.6847,5 vol%,,,110968 μmol g⁻¹ h⁻¹,110968.0,10.1016/j.jphotochem.2011.10.012,https://doi.org/10.1016/j.jphotochem.2011.10.012,visible light-induced hydrogen production from glycerol aqueous solution on hybrid pt–cds– tio2 photocatalysts,journal of photochemistry and photobiology a: chemistry,2011.0,"de oliveira, m. and m. and l. a. silva",needs_review,"catalyst loading calc: 0.1 g/l × 500.0 ml = 50.00 mg; glycerol std: (5.0/100×1261)/92.09 = 0.6847 m; co_catalyst set to 'none': bare semiconductor; wavelength_cutoff_nm=420nm inferred (xe lamp, visible cutoff); doi resolved via crossref api",high,medium,high,high,medium,low,high,0.375,8c71d2afce378dc8,3.2,4.21,86.0,1.0,3.89,0.0,0.0,0.0,0.0,0.0,11.61700616200947
649,tio2,nio,cuo,90.0,9.0,,,nanoparticle,anatase,,tio2/nio,sol-gel,450.0,2.0,uniform loading,,0.0,visible,,,,,0,0,0,0,1,2.0,100.0,2 g/l,50.0,0.02,0.0027,0.02 vol%,,6.7,17579 μmol g⁻¹ h⁻¹,17579.0,10.1016/j.ijhydene.2018.01.011,https://doi.org/10.1016/j.ijhydene.2018.01.011,enhanced photocatalytic hydrogen production activity of noble metal free mwcnt-tio2 nanocomposites,international journal of hydrogen energy,2018.0,reddy et al.,needs_review,catalyst loading calc: 2.0 g/l × 50.0 ml = 100.00 mg; glycerol std: (0.02/100×1261)/92.09 = 0.0027 m; co_catalyst set to 'none': bare semiconductor; doi resolved via crossref api,high,medium,high,low,low,high,low,0.375,e7246735541b89d0,3.2,4.21,86.0,1.0,3.89,0.0,0.0,0.0,0.0,0.0,9.774517171239168
648,tio2,nio,cuo,90.0,9.0,,,nanoparticle,anatase,,tio2/nio,sol-gel,450.0,2.0,uniform loading,,0.0,visible,,,,,0,0,0,0,1,1.0,50.0,1 g/l,50.0,0.02,0.0027,0.02 vol%,,6.7,19548 μmol g⁻¹ h⁻¹,19548.0,10.1016/j.ijhydene.2018.01.011,https://doi.org/10.1016/j.ijhydene.2018.01.011,enhanced photocatalytic hydrogen production activity of noble metal free mwcnt-tio2 nanocomposites,international journal of hydrogen energy,2018.0,reddy et al.,needs_review,catalyst loading calc: 1.0 g/l × 50.0 ml = 50.00 mg; glycerol std: (0.02/100×1261)/92.09 = 0.0027 m; co_catalyst set to 'none': bare semiconductor; doi resolved via crossref api,high,medium,high,low,low,high,low,0.375,42a573e6abb95da9,3.2,4.21,86.0,1.0,3.89,0.0,0.0,0.0,0.0,0.0,9.88067941321012
647,tio2,nio,cuo,90.0,9.0,,,nanoparticle,anatase,,tio2/nio,sol-gel,450.0,2.0,uniform loading,,0.0,visible,,,,,0,0,0,0,1,0.1,5.0,0.1 g/l,50.0,0.02,0.0027,0.02 vol%,,6.7,21041 μmol g⁻¹ h⁻¹,21041.0,10.1016/j.ijhydene.2018.01.011,https://doi.org/10.1016/j.ijhydene.2018.01.011,enhanced photocatalytic hydrogen production activity of noble metal free mwcnt-tio2 nanocomposites,international journal of hydrogen energy,2018.0,reddy et al.,needs_review,catalyst loading calc: 0.1 g/l × 50.0 ml = 5.00 mg; glycerol std: (0.02/100×1261)/92.09 = 0.0027 m; co_catalyst set to 'none': bare semiconductor; doi resolved via crossref api,high,medium,high,low,low,high,low,0.375,19d5ba94619965fe,3.2,4.21,86.0,1.0,3.89,0.0,0.0,0.0,0.0,0.0,9.954275719368233
646,tio2,nio,cuo,90.0,9.0,,,nanoparticle,anatase,,tio2/nio,sol-gel,450.0,2.0,uniform loading,,0.0,visible,,,,,0,0,0,0,1,0.4,20.0,0.4 g/l,50.0,0.02,0.0027,0.02 vol%,,10.0,20071 μmol g⁻¹ h⁻¹,20071.0,10.1016/j.ijhydene.2018.01.011,https://doi.org/10.1016/j.ijhydene.2018.01.011,enhanced photocatalytic hydrogen production activity of noble metal free mwcnt-tio2 nanocomposites,international journal of hydrogen energy,2018.0,reddy et al.,needs_review,catalyst loading calc: 0.4 g/l × 50.0 ml = 20.00 mg; glycerol std: (0.02/100×1261)/92.09 = 0.0027 m; co_catalyst set to 'none': bare semiconductor; doi resolved via crossref api,high,medium,high,low,low,high,low,0.375,f65fd8488f43e811,3.2,4.21,86.0,1.0,3.89,0.0,0.0,0.0,0.0,0.0,9.907081088046258
645,tio2,nio,cuo,90.0,9.0,,,nanoparticle,anatase,,tio2/nio,sol-gel,450.0,2.0,uniform loading,,0.0,visible,,,,,0,0,0,0,1,0.4,20.0,0.4 g/l,50.0,0.02,0.0027,0.02 vol%,,8.0,24033 μmol g⁻¹ h⁻¹,24033.0,10.1016/j.ijhydene.2018.01.011,https://doi.org/10.1016/j.ijhydene.2018.01.011,enhanced photocatalytic hydrogen production activity of noble metal free mwcnt-tio2 nanocomposites,international journal of hydrogen energy,2018.0,reddy et al.,needs_review,catalyst loading calc: 0.4 g/l × 50.0 ml = 20.00 mg; glycerol std: (0.02/100×1261)/92.09 = 0.0027 m; co_catalyst set to 'none': bare semiconductor; doi resolved via crossref api,high,medium,high,low,low,high,low,0.375,e2d8e5e08767a3a7,3.2,4.21,86.0,1.0,3.89,0.0,0.0,0.0,0.0,0.0,10.087224773471245
644,tio2,nio,cuo,90.0,9.0,,,nanoparticle,anatase,,tio2/nio,sol-gel,450.0,2.0,uniform loading,,0.0,visible,,,,,0,0,0,0,1,0.4,20.0,0.4 g/l,50.0,0.02,0.0027,0.02 vol%,,7.0,25011 μmol g⁻¹ h⁻¹,25011.0,10.1016/j.ijhydene.2018.01.011,https://doi.org/10.1016/j.ijhydene.2018.01.011,enhanced photocatalytic hydrogen production activity of noble metal free mwcnt-tio2 nanocomposites,international journal of hydrogen energy,2018.0,reddy et al.,needs_review,catalyst loading calc: 0.4 g/l × 50.0 ml = 20.00 mg; glycerol std: (0.02/100×1261)/92.09 = 0.0027 m; co_catalyst set to 'none': bare semiconductor; doi resolved via crossref api,high,medium,high,low,low,high,low,0.375,f92e149641e0f9f8,3.2,4.21,86.0,1.0,3.89,0.0,0.0,0.0,0.0,0.0,10.127110988687189
643,tio2,nio,cuo,90.0,9.0,,,nanoparticle,anatase,,tio2/nio,sol-gel,450.0,2.0,uniform loading,,0.0,visible,,,,,0,0,0,0,1,0.4,20.0,0.4 g/l,50.0,0.02,0.0027,0.02 vol%,,6.0,22027 μmol g⁻¹ h⁻¹,22027.0,10.1016/j.ijhydene.2018.01.011,https://doi.org/10.1016/j.ijhydene.2018.01.011,enhanced photocatalytic hydrogen production activity of noble metal free mwcnt-tio2 nanocomposites,international journal of hydrogen energy,2018.0,reddy et al.,needs_review,catalyst loading calc: 0.4 g/l × 50.0 ml = 20.00 mg; glycerol std: (0.02/100×1261)/92.09 = 0.0027 m; co_catalyst set to 'none': bare semiconductor; doi resolved via crossref api,high,medium,high,low,low,high,low,0.375,c0f514e66e9fbef3,3.2,4.21,86.0,1.0,3.89,0.0,0.0,0.0,0.0,0.0,10.000069650382372
642,tio2,nio,cuo,90.0,9.0,,,nanoparticle,anatase,,tio2/nio,sol-gel,450.0,2.0,uniform loading,,0.0,visible,,,,,0,0,0,0,1,0.4,20.0,0.4 g/l,50.0,0.02,0.0027,0.02 vol%,,4.0,20120 μmol g⁻¹ h⁻¹,20120.0,10.1016/j.ijhydene.2018.01.011,https://doi.org/10.1016/j.ijhydene.2018.01.011,enhanced photocatalytic hydrogen production activity of noble metal free mwcnt-tio2 nanocomposites,international journal of hydrogen energy,2018.0,reddy et al.,needs_review,catalyst loading calc: 0.4 g/l × 50.0 ml = 20.00 mg; glycerol std: (0.02/100×1261)/92.09 = 0.0027 m; co_catalyst set to 'none': bare semiconductor; doi resolved via crossref api,high,medium,high,low,low,high,low,0.375,98231b0ced12b22e,3.2,4.21,86.0,1.0,3.89,0.0,0.0,0.0,0.0,0.0,9.909519324767848
248,tio2,,,100.0,,ni,2.0,hollow sphere,anatase,2.8,2wt%ni/tio2,hydrothermal,,0.0,impregnation,450.0,5.0,visible,,,,,0,0,0,0,1,2.0,100.0,2 g/l,50.0,5.0,0.6847,5 vol%,25.0,,1473 μmol g⁻¹ h⁻¹,1473.0,10.1016/j.apcatb.2017.09.072,https://doi.org/10.1016/j.apcatb.2017.09.072,preparation and characterization of metals supported on nanostructured tio2 hollow spheres for production of hydrogen via photocatalytic reforming of glycerol,applied catalysis b: environmental,2018.0,seadira et al.,needs_review,catalyst loading calc: 2.0 g/l × 50.0 ml = 100.00 mg; glycerol std: (5.0/100×1261)/92.09 = 0.6847 m; doi resolved via crossref api,high,medium,high,low,low,low,high,0.375,e5f9fa41e8af1e5b,3.2,4.21,86.0,1.0,3.89,5.15,-1.29,124.0,1.91,2.0,7.295735072749282
676,tio2,ni(oh)2,,99.5,,,,nanotube,anatase,3.06,tio2/ni(oh)2,hydrothermal,350.0,5.0,impregnation,350.0,3.0,visible,,,,,0,0,0,0,1,0.1,5.0,0.1 g/l,50.0,5.0,0.6847,5 vol%,25.0,,3202.9 μmol g⁻¹ h⁻¹,3202.9,10.1021/acs.iecr.8b05815,https://doi.org/10.1021/acs.iecr.8b05815,effects of carbon nanotube and carbon sphere templates in tio2 composites for photocatalytic hydrogen production,chemistry research,2019.0,estahbanati et al.,needs_review,catalyst loading calc: 0.1 g/l × 50.0 ml = 5.00 mg; glycerol std: (5.0/100×1261)/92.09 = 0.6847 m; co_catalyst set to 'none': bare semiconductor; doi resolved via crossref api,high,medium,high,low,low,low,high,0.375,1965692bf83e216e,3.2,4.21,86.0,1.0,3.89,0.0,0.0,0.0,0.0,0.0,8.07212409671491
666,tio2,,,100.0,,,,nanorod,anatase-rutile,3.5,tio2,,,0.0,ionothermal,400.0,3.0,visible,xe lamp,300.0,300 w,400.0,1,0,0,0,1,0.2,1.0,0.2 g/l,5.0,5.0,0.6847,5 vol%,,,3615 μmol g⁻¹ h⁻¹,3615.0,10.1016/j.apsusc.2018.01.282,https://doi.org/10.1016/j.apsusc.2018.01.282,facile construction of ternary cufe2o4-tio2 nanocomposite supported reduced graphene oxide (rgo) photocatalysts for the efficient hydrogen production,applied surface science,2018.0,hafeez et al.,needs_review,catalyst loading calc: 0.2 g/l × 5.0 ml = 1.00 mg; glycerol std: (5.0/100×1261)/92.09 = 0.6847 m; co_catalyst set to 'none': bare semiconductor; doi resolved via crossref api,high,medium,high,high,medium,low,high,0.375,4ff019ef6ec15300,3.2,4.21,86.0,1.0,3.89,0.0,0.0,0.0,0.0,0.0,8.193123721512068
665,tio2,,,100.0,,,,nanorod,anatase-rutile,3.5,tio2,,,0.0,ionothermal,400.0,3.0,visible,xe lamp,300.0,300 w,420.0,1,0,0,0,1,0.2,1.0,0.2 g/l,5.0,5.0,0.6847,5 vol%,,,1037 μmol g⁻¹ h⁻¹,1037.0,10.1007/s10854-018-0376-3,https://doi.org/10.1007/s10854-018-0376-3,facile ionothermal synthesis of tio2 nanorods for photocatalytic h2 generation,materials,2018.0,manukumar et al.,needs_review,"catalyst loading calc: 0.2 g/l × 5.0 ml = 1.00 mg; glycerol std: (5.0/100×1261)/92.09 = 0.6847 m; co_catalyst set to 'none': bare semiconductor; wavelength_cutoff_nm=420nm inferred (xe lamp, visible cutoff); doi resolved via crossref api",high,medium,high,high,medium,low,high,0.375,7cec097cb458e081,3.2,4.21,86.0,1.0,3.89,0.0,0.0,0.0,0.0,0.0,6.945051063725834
664,tio2,,,100.0,,,,nanorod,anatase-rutile,3.33,tio2,,,0.0,hydrothermal,400.0,2.0,visible,,,,,0,0,0,0,1,0.1,5.0,0.1 g/l,50.0,5.0,0.6847,5 vol%,25.0,,467 μmol g⁻¹ h⁻¹,467.0,10.1007/s12039-016-1061-9,https://doi.org/10.1007/s12039-016-1061-9,co-catalyst free titanate nanorods for improved hydrogen production under solar light irradiation,journal of chemical sciences,2016.0,reddy et al.,needs_review,catalyst loading calc: 0.1 g/l × 50.0 ml = 5.00 mg; glycerol std: (5.0/100×1261)/92.09 = 0.6847 m; co_catalyst set to 'none': bare semiconductor; doi resolved via crossref api,high,medium,high,low,low,low,high,0.375,9ef2118957daf6ac,3.2,4.21,86.0,1.0,3.89,0.0,0.0,0.0,0.0,0.0,6.148468295917647
663,tio2,,,100.0,,,,nanorod,anatase-rutile,,tio2,,,0.0,hydrothermal,300.0,2.0,visible,,,,,0,0,0,0,1,0.1,5.0,0.1 g/l,50.0,5.0,0.6847,5 vol%,25.0,,628 μmol g⁻¹ h⁻¹,628.0,10.1007/s12039-016-1061-9,https://doi.org/10.1007/s12039-016-1061-9,co-catalyst free titanate nanorods for improved hydrogen production under solar light irradiation,journal of chemical sciences,2016.0,reddy et al.,needs_review,catalyst loading calc: 0.1 g/l × 50.0 ml = 5.00 mg; glycerol std: (5.0/100×1261)/92.09 = 0.6847 m; co_catalyst set to 'none': bare semiconductor; doi resolved via crossref api,high,medium,high,low,low,low,low,0.375,a3ca5e9b452a98bd,3.2,4.21,86.0,1.0,3.89,0.0,0.0,0.0,0.0,0.0,6.444131256700441
662,tio2,,,100.0,,,,nanorod,anatase-rutile,,tio2,,,0.0,hydrothermal,250.0,3.0,visible,,,,,0,0,0,0,1,0.1,5.0,0.1 g/l,50.0,5.0,0.6847,5 vol%,25.0,,100 μmol g⁻¹ h⁻¹,100.0,10.1007/s12039-016-1061-9,https://doi.org/10.1007/s12039-016-1061-9,co-catalyst free titanate nanorods for improved hydrogen production under solar light irradiation,journal of chemical sciences,2016.0,reddy et al.,needs_review,catalyst loading calc: 0.1 g/l × 50.0 ml = 5.00 mg; glycerol std: (5.0/100×1261)/92.09 = 0.6847 m; co_catalyst set to 'none': bare semiconductor; doi resolved via crossref api,high,medium,high,low,low,low,low,0.375,751761a78709332f,3.2,4.21,86.0,1.0,3.89,0.0,0.0,0.0,0.0,0.0,4.61512051684126
661,tio2,,,100.0,,,,nanorod,anatase-rutile,,tio2,,,0.0,hydrothermal,250.0,2.0,visible,,,,,0,0,0,0,1,0.1,5.0,0.1 g/l,50.0,5.0,0.6847,5 vol%,25.0,,707 μmol g⁻¹ h⁻¹,707.0,10.1007/s12039-016-1061-9,https://doi.org/10.1007/s12039-016-1061-9,co-catalyst free titanate nanorods for improved hydrogen production under solar light irradiation,journal of chemical sciences,2016.0,reddy et al.,needs_review,catalyst loading calc: 0.1 g/l × 50.0 ml = 5.00 mg; glycerol std: (5.0/100×1261)/92.09 = 0.6847 m; co_catalyst set to 'none': bare semiconductor; doi resolved via crossref api,high,medium,high,low,low,low,low,0.375,d06261d178d3370d,3.2,4.21,86.0,1.0,3.89,0.0,0.0,0.0,0.0,0.0,6.56244409369372
660,tio2,,,100.0,,,,nanorod,anatase-rutile,,tio2,,,0.0,hydrothermal,250.0,1.0,visible,,,,,0,0,0,0,1,0.1,5.0,0.1 g/l,50.0,5.0,0.6847,5 vol%,25.0,,300 μmol g⁻¹ h⁻¹,300.0,10.1016/j.apcatb.2011.05.046,https://doi.org/10.1016/j.apcatb.2011.05.046,photocatalytic reforming of c3-polyols for h2 production: part (i). role of their oh groups,applied catalysis b: environmental,2011.0,fu et al.,needs_review,catalyst loading calc: 0.1 g/l × 50.0 ml = 5.00 mg; glycerol std: (5.0/100×1261)/92.09 = 0.6847 m; co_catalyst set to 'none': bare semiconductor; doi resolved via crossref api,high,medium,high,low,low,low,low,0.375,9d38e89cc53d163f,3.2,4.21,86.0,1.0,3.89,0.0,0.0,0.0,0.0,0.0,5.707110264748875
659,tio2,,,100.0,,,,nanorod,anatase-rutile,,tio2,,,0.0,hydrothermal,200.0,2.0,visible,,,,,0,0,0,0,1,0.1,5.0,0.1 g/l,50.0,5.0,0.6847,5 vol%,25.0,,556 μmol g⁻¹ h⁻¹,556.0,10.1007/s12039-016-1061-9,https://doi.org/10.1007/s12039-016-1061-9,co-catalyst free titanate nanorods for improved hydrogen production under solar light irradiation,journal of chemical sciences,2016.0,reddy et al.,needs_review,catalyst loading calc: 0.1 g/l × 50.0 ml = 5.00 mg; glycerol std: (5.0/100×1261)/92.09 = 0.6847 m; co_catalyst set to 'none': bare semiconductor; doi resolved via crossref api,high,medium,high,low,low,low,low,0.375,5c2263cf86e41273,3.2,4.21,86.0,1.0,3.89,0.0,0.0,0.0,0.0,0.0,6.322565239927284
658,sral2o4,ag2o,cnt,93.0,,,,nanocomposite,,2.49,sral2o4/ag2o,sol-gel,,0.0,impregnation,,0.0,visible,xe lamp,,,420.0,1,0,0,0,1,2.4,240.0,2.4 g/l,100.0,10.0,1.3693,10 vol%,25.0,,172.2 μmol g⁻¹ h⁻¹,172.2,10.1016/j.renene.2020.05.168,https://doi.org/10.1016/j.renene.2020.05.168,rational design of ru(ii)-phenanthroline complex embedded porous tio2 photocatalyst for efficient hydrogen production,international journal of hydrogen energy,2020.0,gonuguntla et al.,needs_review,catalyst loading calc: 2.4 g/l × 100.0 ml = 240.00 mg; glycerol std: (10.0/100×1261)/92.09 = 1.3693 m; co_catalyst set to 'none': bare semiconductor; doi resolved via crossref api,high,medium,high,high,medium,low,high,0.375,b4d21691fe636418,5.8,1.5,9.8,5.0,3.5,0.0,0.0,0.0,0.0,0.0,5.154446996128335
657,sral2o4,ag2o,cnt,93.0,,,,nanocomposite,,2.49,sral2o4/ag2o,sol-gel,,0.0,impregnation,,0.0,visible,xe lamp,,,420.0,1,0,0,0,1,2.0,200.0,2 g/l,100.0,10.0,1.3693,10 vol%,25.0,,378.2 μmol g⁻¹ h⁻¹,378.2,10.1016/j.renene.2020.05.168,https://doi.org/10.1016/j.renene.2020.05.168,rational design of ru(ii)-phenanthroline complex embedded porous tio2 photocatalyst for efficient hydrogen production,international journal of hydrogen energy,2020.0,gonuguntla et al.,needs_review,catalyst loading calc: 2.0 g/l × 100.0 ml = 200.00 mg; glycerol std: (10.0/100×1261)/92.09 = 1.3693 m; co_catalyst set to 'none': bare semiconductor; doi resolved via crossref api,high,medium,high,high,medium,low,high,0.375,7ed9d19b0779088b,5.8,1.5,9.8,5.0,3.5,0.0,0.0,0.0,0.0,0.0,5.938063770380866
656,sral2o4,ag2o,cnt,93.0,,,,nanocomposite,,2.49,sral2o4/ag2o,sol-gel,,0.0,impregnation,,0.0,visible,xe lamp,,,420.0,1,0,0,0,1,1.6,160.0,1.6 g/l,100.0,10.0,1.3693,10 vol%,25.0,,455.5 μmol g⁻¹ h⁻¹,455.5,10.1016/j.renene.2020.05.168,https://doi.org/10.1016/j.renene.2020.05.168,rational design of ru(ii)-phenanthroline complex embedded porous tio2 photocatalyst for efficient hydrogen production,international journal of hydrogen energy,2020.0,gonuguntla et al.,needs_review,catalyst loading calc: 1.6 g/l × 100.0 ml = 160.00 mg; glycerol std: (10.0/100×1261)/92.09 = 1.3693 m; co_catalyst set to 'none': bare semiconductor; doi resolved via crossref api,high,medium,high,high,medium,low,high,0.375,4e75c9609fa21fe6,5.8,1.5,9.8,5.0,3.5,0.0,0.0,0.0,0.0,0.0,6.1235887000350235
655,sral2o4,ag2o,cnt,93.0,,,,nanocomposite,,2.49,sral2o4/ag2o,sol-gel,,0.0,impregnation,,0.0,visible,xe lamp,,,420.0,1,0,0,0,1,1.2,120.0,1.2 g/l,100.0,10.0,1.3693,10 vol%,25.0,,346.6 μmol g⁻¹ h⁻¹,346.6,10.1016/j.renene.2020.05.168,https://doi.org/10.1016/j.renene.2020.05.168,rational design of ru(ii)-phenanthroline complex embedded porous tio2 photocatalyst for efficient hydrogen production,international journal of hydrogen energy,2020.0,gonuguntla et al.,needs_review,catalyst loading calc: 1.2 g/l × 100.0 ml = 120.00 mg; glycerol std: (10.0/100×1261)/92.09 = 1.3693 m; co_catalyst set to 'none': bare semiconductor; doi resolved via crossref api,high,medium,high,high,medium,low,high,0.375,e4af64f1c07d8c08,5.8,1.5,9.8,5.0,3.5,0.0,0.0,0.0,0.0,0.0,5.851052393391237
55,tio2,,,100.0,,ag,1.0,nanoflake,anatase,3.06,1wt%ag/tio2,hydrothermal,,0.0,impregnation,500.0,0.5,visible,xe lamp,300.0,300 w,420.0,1,0,0,0,1,1.0,50.0,1 g/l,50.0,10.0,1.3693,10 vol%,,,910 μmol g⁻¹ h⁻¹,910.0,10.1016/j,https://doi.org/10.1016/j,needs_verification,international journal of hydrogen energy,2022.0,"zhong, w. et al.",ok,"catalyst loading calc: 1.0 g/l × 50.0 ml = 50.00 mg; glycerol std: (10.0/100×1261)/92.09 = 1.3693 m; wavelength_cutoff_nm=420nm inferred (xe lamp, visible cutoff)",high,medium,high,high,medium,low,high,0.375,80feb0853760866c,3.2,4.21,86.0,1.0,3.89,4.26,-4.3,144.0,1.93,4.0,6.814542897259958
812,la0.2na0.98tao3,in2o3,,,,,,nanocomposite,,3.45,la0.2na0.98tao3/in2o3,sol-gel,700.0,8.0,impregnation,400.0,3.0,uv,xe lamp,500.0,500 w,,1,0,0,1,0,0.25,50.0,0.25 g/l,200.0,10.0,1.3693,10 vol%,,,235.3 μmol g⁻¹ h⁻¹,235.3,10.1016/j.ijhydene.2017.04.239,https://doi.org/10.1016/j.ijhydene.2017.04.239,photocatalytic h2 production from glycerol–water mixtures over ni/γ-al2o3 and tio2 composite systems,international journal of hydrogen energy,2017.0,gullapelli and s. m. s. scurrell and d. k. valluri,needs_review,catalyst loading calc: 0.25 g/l × 200.0 ml = 50.00 mg; glycerol std: (10.0/100×1261)/92.09 = 1.3693 m; co_catalyst set to 'none': bare semiconductor; doi resolved via crossref api,high,medium,high,high,low,low,high,0.375,1a4ff6b8f104effd,4.0,3.5,45.0,7.0,7.8,0.0,0.0,0.0,0.0,0.0,5.465102184192863
811,la0.2na0.98tao3,in2o3,,,,,,nanocomposite,,3.62,la0.2na0.98tao3/in2o3,sol-gel,700.0,8.0,impregnation,400.0,3.0,uv,xe lamp,500.0,500 w,,1,0,0,1,0,0.25,50.0,0.25 g/l,200.0,10.0,1.3693,10 vol%,,,255.2 μmol g⁻¹ h⁻¹,255.2,10.1016/j.ijhydene.2017.04.239,https://doi.org/10.1016/j.ijhydene.2017.04.239,photocatalytic h2 production from glycerol–water mixtures over ni/γ-al2o3 and tio2 composite systems,international journal of hydrogen energy,2017.0,gullapelli and s. m. s. scurrell and d. k. valluri,needs_review,catalyst loading calc: 0.25 g/l × 200.0 ml = 50.00 mg; glycerol std: (10.0/100×1261)/92.09 = 1.3693 m; co_catalyst set to 'none': bare semiconductor; doi resolved via crossref api,high,medium,high,high,low,low,high,0.375,a13c9d115514997e,4.0,3.5,45.0,7.0,7.8,0.0,0.0,0.0,0.0,0.0,5.545958389462633
810,la0.2na0.98tao3,in2o3,,,,,,nanocomposite,,3.67,la0.2na0.98tao3/in2o3,sol-gel,700.0,8.0,impregnation,400.0,3.0,uv,xe lamp,500.0,500 w,,1,0,0,1,0,0.25,50.0,0.25 g/l,200.0,10.0,1.3693,10 vol%,,,145.6 μmol g⁻¹ h⁻¹,145.6,10.1016/j.ijhydene.2017.04.239,https://doi.org/10.1016/j.ijhydene.2017.04.239,photocatalytic h2 production from glycerol–water mixtures over ni/γ-al2o3 and tio2 composite systems,international journal of hydrogen energy,2017.0,gullapelli and s. m. s. scurrell and d. k. valluri,needs_review,catalyst loading calc: 0.25 g/l × 200.0 ml = 50.00 mg; glycerol std: (10.0/100×1261)/92.09 = 1.3693 m; co_catalyst set to 'none': bare semiconductor; doi resolved via crossref api,high,medium,high,high,low,low,high,0.375,21ac966159346b53,4.0,3.5,45.0,7.0,7.8,0.0,0.0,0.0,0.0,0.0,4.987707789452551
809,la0.2na0.98tao3,in2o3,,,,,,nanocomposite,,3.83,la0.2na0.98tao3/in2o3,sol-gel,700.0,8.0,impregnation,400.0,3.0,uv,xe lamp,500.0,500 w,,1,0,0,1,0,0.25,50.0,0.25 g/l,200.0,10.0,1.3693,10 vol%,,,3.28 μmol g⁻¹ h⁻¹,3.28,10.1016/j.ijhydene.2017.04.239,https://doi.org/10.1016/j.ijhydene.2017.04.239,photocatalytic h2 production from glycerol–water mixtures over ni/γ-al2o3 and tio2 composite systems,international journal of hydrogen energy,2017.0,gullapelli and s. m. s. scurrell and d. k. valluri,needs_review,catalyst loading calc: 0.25 g/l × 200.0 ml = 50.00 mg; glycerol std: (10.0/100×1261)/92.09 = 1.3693 m; co_catalyst set to 'none': bare semiconductor; doi resolved via crossref api,high,medium,high,high,low,low,high,0.375,df62b5b1208d10c6,4.0,3.5,45.0,7.0,7.8,0.0,0.0,0.0,0.0,0.0,1.4539530095937052
808,la0.2na0.98tao3,,,100.0,,,,nanocomposite,,4.23,la0.2na0.98tao3,sol-gel,700.0,8.0,,,0.0,uv,xe lamp,500.0,500 w,,1,0,0,1,0,0.25,50.0,0.25 g/l,200.0,10.0,1.3693,10 vol%,,,0.54 μmol g⁻¹ h⁻¹,0.54,10.1016/j.ijhydene.2017.04.239,https://doi.org/10.1016/j.ijhydene.2017.04.239,photocatalytic h2 production from glycerol–water mixtures over ni/γ-al2o3 and tio2 composite systems,international journal of hydrogen energy,2017.0,gullapelli and s. m. s. scurrell and d. k. valluri,needs_review,catalyst loading calc: 0.25 g/l × 200.0 ml = 50.00 mg; glycerol std: (10.0/100×1261)/92.09 = 1.3693 m; co_catalyst set to 'none': bare semiconductor; doi resolved via crossref api,high,medium,high,high,low,low,high,0.375,cb9f1fdefe54b526,4.0,3.5,45.0,7.0,7.8,0.0,0.0,0.0,0.0,0.0,0.43178241642553783
806,la0.2na0.98tao3,,,100.0,,,,nanoparticle,,4.17,la0.2na0.98tao3,,,0.0,sol-gel,,0.0,uv,xe lamp,500.0,500 w,,1,0,0,1,0,0.25,50.0,0.25 g/l,200.0,10.0,1.3693,10 vol%,,,0.32 μmol g⁻¹ h⁻¹,0.32,10.1016/j.ijhydene.2017.04.239,https://doi.org/10.1016/j.ijhydene.2017.04.239,photocatalytic h2 production from glycerol–water mixtures over ni/γ-al2o3 and tio2 composite systems,international journal of hydrogen energy,2017.0,gullapelli and s. m. s. scurrell and d. k. valluri,needs_review,catalyst loading calc: 0.25 g/l × 200.0 ml = 50.00 mg; glycerol std: (10.0/100×1261)/92.09 = 1.3693 m; co_catalyst set to 'none': bare semiconductor; doi resolved via crossref api,high,medium,high,high,low,low,high,0.375,86d248d44e102086,4.0,3.5,45.0,7.0,7.8,0.0,0.0,0.0,0.0,0.0,0.2776317365982795
805,cu0.02ti0.98o2-delta,,,100.0,,cu,,nanoparticle,,2.92,xwt%cu/cu0.02ti0.98o2-delta,,,0.0,sol-gel,500.0,4.0,visible,,,,,0,0,0,0,1,0.78,198.9,0.78 g/l,255.0,20.0,2.7386,20 vol%,25.0,,243.4 μmol g⁻¹ h⁻¹,243.4,10.1016/j.mcat.2020.110885,https://doi.org/10.1016/j.mcat.2020.110885,mesoporous pt/la0.02na0.98tao3 nanocomposites as efficient photocatalyst for hydrogen evolution,molecular catalysis,2020.0,mohamed and r. m. and a. a. ismail,needs_review,catalyst loading calc: 0.78 g/l × 255.0 ml = 198.90 mg; glycerol std: (20.0/100×1261)/92.09 = 2.7386 m; co_catalyst extracted from full_catalyst ('cu'); doi resolved via crossref api,high,medium,high,low,low,low,high,0.375,aa83738b4c04f4b2,3.0,4.2,20.0,1.0,5.0,4.65,-2.67,128.0,1.9,2.0,5.4988062272974405
804,cu0.02ti0.98o2-delta,,,100.0,,cu,,nanoparticle,,2.92,xwt%cu/cu0.02ti0.98o2-delta,,,0.0,sol-gel,500.0,4.0,visible,,,,,0,0,0,0,1,0.67,170.85,0.67 g/l,255.0,20.0,2.7386,20 vol%,25.0,,200.8 μmol g⁻¹ h⁻¹,200.8,10.1016/j.mcat.2020.110885,https://doi.org/10.1016/j.mcat.2020.110885,mesoporous pt/la0.02na0.98tao3 nanocomposites as efficient photocatalyst for hydrogen evolution,molecular catalysis,2020.0,mohamed and r. m. and a. a. ismail,needs_review,catalyst loading calc: 0.67 g/l × 255.0 ml = 170.85 mg; glycerol std: (20.0/100×1261)/92.09 = 2.7386 m; co_catalyst extracted from full_catalyst ('cu'); doi resolved via crossref api,high,medium,high,low,low,low,high,0.375,f001dfdb42a76d62,3.0,4.2,20.0,1.0,5.0,4.65,-2.67,128.0,1.9,2.0,5.307277107919509
803,cu0.02ti0.98o2-delta,,,100.0,,cu,,nanoparticle,,2.92,xwt%cu/cu0.02ti0.98o2-delta,,,0.0,sol-gel,500.0,4.0,visible,,,,,0,0,0,0,1,0.44,112.2,0.44 g/l,255.0,20.0,2.7386,20 vol%,25.0,,135.9 μmol g⁻¹ h⁻¹,135.9,10.1016/j.mcat.2020.110885,https://doi.org/10.1016/j.mcat.2020.110885,mesoporous pt/la0.02na0.98tao3 nanocomposites as efficient photocatalyst for hydrogen evolution,molecular catalysis,2020.0,mohamed and r. m. and a. a. ismail,needs_review,catalyst loading calc: 0.44 g/l × 255.0 ml = 112.20 mg; glycerol std: (20.0/100×1261)/92.09 = 2.7386 m; co_catalyst extracted from full_catalyst ('cu'); doi resolved via crossref api,high,medium,high,low,low,low,high,0.375,f608df0d1efe452c,3.0,4.2,20.0,1.0,5.0,4.65,-2.67,128.0,1.9,2.0,4.919250732294404
802,cu0.02ti0.98o2-delta,,,100.0,,cu,,nanoparticle,,2.92,xwt%cu/cu0.02ti0.98o2-delta,,,0.0,sol-gel,500.0,4.0,visible,,,,,0,0,0,0,1,0.22,56.1,0.22 g/l,255.0,20.0,2.7386,20 vol%,25.0,,64.91 μmol g⁻¹ h⁻¹,64.91,10.1016/j.mcat.2020.110885,https://doi.org/10.1016/j.mcat.2020.110885,mesoporous pt/la0.02na0.98tao3 nanocomposites as efficient photocatalyst for hydrogen evolution,molecular catalysis,2020.0,mohamed and r. m. and a. a. ismail,needs_review,catalyst loading calc: 0.22 g/l × 255.0 ml = 56.10 mg; glycerol std: (20.0/100×1261)/92.09 = 2.7386 m; co_catalyst extracted from full_catalyst ('cu'); doi resolved via crossref api,high,medium,high,low,low,low,high,0.375,e0a45bc5dca52ec0,3.0,4.2,20.0,1.0,5.0,4.65,-2.67,128.0,1.9,2.0,4.188290175064629
801,cuo,,,100.0,,,,nanosheets,,2.21,cuo,,,0.0,sol-gel,450.0,4.0,visible,xe lamp,500.0,500 w,420.0,1,0,0,0,1,0.25,50.0,0.25 g/l,200.0,10.0,1.3693,10 vol%,,,86.61 μmol g⁻¹ h⁻¹,86.61,10.1016/j.ceramint.2020.06.271,https://doi.org/10.1016/j.ceramint.2020.06.271,bi2o3/g-c3n4 nanocomposites as proficient photocatalysts for hydrogen generation from aqueous glycerol solutions beneath visible light,ceramics international,2020.0,alhaddad et al.,needs_review,catalyst loading calc: 0.25 g/l × 200.0 ml = 50.00 mg; glycerol std: (10.0/100×1261)/92.09 = 1.3693 m; co_catalyst set to 'none': bare semiconductor; doi resolved via crossref api,high,medium,high,high,medium,low,high,0.375,d53c1a70e987f978,1.7,4.07,18.1,5.0,6.31,0.0,0.0,0.0,0.0,0.0,4.4728951466782725
100,tio2,rgo,,,1.0,au,1.0,nanocomposite,anatase-rutile,2.9,1wt%au/tio2/rgo,,,0.0,photodeposition,,0.0,uv,hg lamp,150.0,150 w,365.0,0,1,0,1,0,0.5,5.0,0.5 g/l,10.0,10.0,1.3693,10 vol%,,,64000 μmol g⁻¹ h⁻¹,64000.0,10.1016/j,https://doi.org/10.1016/j,needs_verification,molecular catalysis,2023.0,"balsamo s, a. et al.",ok,catalyst loading calc: 0.5 g/l × 10.0 ml = 5.00 mg; glycerol std: (10.0/100×1261)/92.09 = 1.3693 m,high,medium,high,high,medium,low,high,0.375,1aa36409d2059970,3.2,4.21,86.0,1.0,3.89,5.1,-3.56,144.0,2.54,5.0,11.06665398721974
99,tio2,,,100.0,,au,1.0,nanocomposite,,3.0,1wt%au/tio2,,,0.0,photodeposition,,0.0,visible,xe lamp,150.0,150 w,420.0,1,0,0,0,1,1.0,5.0,1 g/l,5.0,10.0,1.3693,10 vol%,,,1000 μmol g⁻¹ h⁻¹,1000.0,10.1016/j,https://doi.org/10.1016/j,needs_verification,molecular catalysis,2023.0,"balsamo s, a. et al.",ok,"catalyst loading calc: 1.0 g/l × 5.0 ml = 5.00 mg; glycerol std: (10.0/100×1261)/92.09 = 1.3693 m; wavelength_cutoff_nm=420nm inferred (xe lamp, visible cutoff)",high,medium,high,high,medium,low,high,0.375,d7484df1138bf1b0,3.2,4.21,86.0,1.0,3.89,5.1,-3.56,144.0,2.54,5.0,6.90875477931522
98,tio2,go,,,1.0,au,1.0,nanocomposite,,,1wt%au/tio2/go,,,0.0,photodeposition,,0.0,visible,xe lamp,150.0,150 w,420.0,1,0,0,0,1,1.0,5.0,1 g/l,5.0,10.0,1.3693,10 vol%,,,1100 μmol g⁻¹ h⁻¹,1100.0,10.1016/j,https://doi.org/10.1016/j,needs_verification,molecular catalysis,2023.0,"balsamo s, a. et al.",ok,"catalyst loading calc: 1.0 g/l × 5.0 ml = 5.00 mg; glycerol std: (10.0/100×1261)/92.09 = 1.3693 m; wavelength_cutoff_nm=420nm inferred (xe lamp, visible cutoff)",high,medium,high,high,medium,low,low,0.375,0e6909eb158eb8cd,3.2,4.21,86.0,1.0,3.89,5.1,-3.56,144.0,2.54,5.0,7.00397413672268
97,tio2,rgo,,,1.0,au,1.0,nanocomposite,anatase-rutile,2.9,1wt%au/tio2/rgo,,,0.0,photodeposition,,0.0,visible,xe lamp,150.0,150 w,420.0,1,0,0,0,1,1.0,5.0,1 g/l,5.0,10.0,1.3693,10 vol%,,,1600 μmol g⁻¹ h⁻¹,1600.0,10.1016/j,https://doi.org/10.1016/j,needs_verification,molecular catalysis,2023.0,"balsamo s, a. et al.",ok,"catalyst loading calc: 1.0 g/l × 5.0 ml = 5.00 mg; glycerol std: (10.0/100×1261)/92.09 = 1.3693 m; wavelength_cutoff_nm=420nm inferred (xe lamp, visible cutoff)",high,medium,high,high,medium,low,high,0.375,dd36823219d08633,3.2,4.21,86.0,1.0,3.89,5.1,-3.56,144.0,2.54,5.0,7.3783837129967145
680,tio2,ni(oh)2,,96.0,,,,nanotube,anatase,2.92,tio2/ni(oh)2,hydrothermal,350.0,5.0,impregnation,350.0,3.0,visible,,,,,0,0,0,0,1,0.1,5.0,0.1 g/l,50.0,5.0,0.6847,5 vol%,25.0,,2591.7 μmol g⁻¹ h⁻¹,2591.7,10.1021/acs.iecr.8b05815,https://doi.org/10.1021/acs.iecr.8b05815,effects of carbon nanotube and carbon sphere templates in tio2 composites for photocatalytic hydrogen production,chemistry research,2019.0,estahbanati et al.,needs_review,catalyst loading calc: 0.1 g/l × 50.0 ml = 5.00 mg; glycerol std: (5.0/100×1261)/92.09 = 0.6847 m; co_catalyst set to 'none': bare semiconductor; doi resolved via crossref api,high,medium,high,low,low,low,high,0.375,ffe94547b762c73f,3.2,4.21,86.0,1.0,3.89,0.0,0.0,0.0,0.0,0.0,7.860455082740456
679,tio2,ni(oh)2,,97.0,,,,nanotube,anatase,2.85,tio2/ni(oh)2,hydrothermal,350.0,5.0,impregnation,350.0,3.0,visible,,,,,0,0,0,0,1,0.1,5.0,0.1 g/l,50.0,5.0,0.6847,5 vol%,25.0,,3569.7 μmol g⁻¹ h⁻¹,3569.7,10.1021/acs.iecr.8b05815,https://doi.org/10.1021/acs.iecr.8b05815,effects of carbon nanotube and carbon sphere templates in tio2 composites for photocatalytic hydrogen production,chemistry research,2019.0,estahbanati et al.,needs_review,catalyst loading calc: 0.1 g/l × 50.0 ml = 5.00 mg; glycerol std: (5.0/100×1261)/92.09 = 0.6847 m; co_catalyst set to 'none': bare semiconductor; doi resolved via crossref api,high,medium,high,low,low,low,high,0.375,5efb7561a2d6dd67,3.2,4.21,86.0,1.0,3.89,0.0,0.0,0.0,0.0,0.0,8.180516933984194
678,tio2,ni(oh)2,,98.0,,,,nanotube,anatase,2.95,tio2/ni(oh)2,hydrothermal,350.0,5.0,impregnation,350.0,3.0,visible,,,,,0,0,0,0,1,0.1,5.0,0.1 g/l,50.0,5.0,0.6847,5 vol%,25.0,,4743.3 μmol g⁻¹ h⁻¹,4743.3,10.1021/acs.iecr.8b05815,https://doi.org/10.1021/acs.iecr.8b05815,effects of carbon nanotube and carbon sphere templates in tio2 composites for photocatalytic hydrogen production,chemistry research,2019.0,estahbanati et al.,needs_review,catalyst loading calc: 0.1 g/l × 50.0 ml = 5.00 mg; glycerol std: (5.0/100×1261)/92.09 = 0.6847 m; co_catalyst set to 'none': bare semiconductor; doi resolved via crossref api,high,medium,high,low,low,low,high,0.375,e5d4b60d4d178733,3.2,4.21,86.0,1.0,3.89,0.0,0.0,0.0,0.0,0.0,8.464699176452168
677,tio2,ni(oh)2,,99.0,,,,nanotube,anatase,3.0,tio2/ni(oh)2,hydrothermal,350.0,5.0,impregnation,350.0,3.0,visible,,,,,0,0,0,0,1,0.1,5.0,0.1 g/l,50.0,5.0,0.6847,5 vol%,25.0,,3459.7 μmol g⁻¹ h⁻¹,3459.7,10.1021/acs.iecr.8b05815,https://doi.org/10.1021/acs.iecr.8b05815,effects of carbon nanotube and carbon sphere templates in tio2 composites for photocatalytic hydrogen production,chemistry research,2019.0,estahbanati et al.,needs_review,catalyst loading calc: 0.1 g/l × 50.0 ml = 5.00 mg; glycerol std: (5.0/100×1261)/92.09 = 0.6847 m; co_catalyst set to 'none': bare semiconductor; doi resolved via crossref api,high,medium,high,low,low,low,high,0.375,5987ab6700ff1806,3.2,4.21,86.0,1.0,3.89,0.0,0.0,0.0,0.0,0.0,8.149226159728157
209,tio2,rgo,,96.0,,cu,0.5,nanoparticle,anatase,,0.5wt%cu/tio2/rgo,hydrothermal,,0.0,impregnation,,0.0,visible,,,,,0,0,0,0,1,2.0,100.0,2 g/l,50.0,10.0,1.3693,10 vol%,25.0,,47981 μmol g⁻¹ h⁻¹,47981.0,10.1016/j.apsusc.2018.01.282,https://doi.org/10.1016/j.apsusc.2018.01.282,facile construction of ternary cufe2o4-tio2 nanocomposite supported reduced graphene oxide (rgo) photocatalysts for the efficient hydrogen production,applied surface science,2018.0,hafeez et al.,needs_review,catalyst loading calc: 2.0 g/l × 50.0 ml = 100.00 mg; glycerol std: (10.0/100×1261)/92.09 = 1.3693 m; doi resolved via crossref api,high,medium,high,low,low,low,low,0.375,20364524546f14f0,3.2,4.21,86.0,1.0,3.89,4.65,-2.67,128.0,1.9,2.0,10.778581219559944
208,tio2,rgo,,96.0,,cu,0.5,nanoparticle,anatase,,0.5wt%cu/tio2/rgo,hydrothermal,,0.0,impregnation,,0.0,visible,,,,,0,0,0,0,1,1.6,80.0,1.6 g/l,50.0,10.0,1.3693,10 vol%,25.0,,60634 μmol g⁻¹ h⁻¹,60634.0,10.1016/j.apsusc.2018.01.282,https://doi.org/10.1016/j.apsusc.2018.01.282,facile construction of ternary cufe2o4-tio2 nanocomposite supported reduced graphene oxide (rgo) photocatalysts for the efficient hydrogen production,applied surface science,2018.0,hafeez et al.,needs_review,catalyst loading calc: 1.6 g/l × 50.0 ml = 80.00 mg; glycerol std: (10.0/100×1261)/92.09 = 1.3693 m; doi resolved via crossref api,high,medium,high,low,low,low,low,0.375,733222e08acd9534,3.2,4.21,86.0,1.0,3.89,4.65,-2.67,128.0,1.9,2.0,11.012627563090891
207,tio2,rgo,,96.0,,cu,0.5,nanoparticle,anatase,,0.5wt%cu/tio2/rgo,hydrothermal,,0.0,impregnation,,0.0,visible,,,,,0,0,0,0,1,1.2,60.0,1.2 g/l,50.0,10.0,1.3693,10 vol%,25.0,,18404 μmol g⁻¹ h⁻¹,18404.0,10.1016/j.apsusc.2018.01.282,https://doi.org/10.1016/j.apsusc.2018.01.282,facile construction of ternary cufe2o4-tio2 nanocomposite supported reduced graphene oxide (rgo) photocatalysts for the efficient hydrogen production,applied surface science,2018.0,hafeez et al.,needs_review,catalyst loading calc: 1.2 g/l × 50.0 ml = 60.00 mg; glycerol std: (10.0/100×1261)/92.09 = 1.3693 m; doi resolved via crossref api,high,medium,high,low,low,low,low,0.375,4167698764d00953,3.2,4.21,86.0,1.0,3.89,4.65,-2.67,128.0,1.9,2.0,9.820377645813121
206,tio2,rgo,,96.0,,cu,0.5,nanoparticle,anatase,,0.5wt%cu/tio2/rgo,hydrothermal,,0.0,impregnation,,0.0,visible,,,,,0,0,0,0,1,0.8,40.0,0.8 g/l,50.0,10.0,1.3693,10 vol%,25.0,,4272.3 μmol g⁻¹ h⁻¹,4272.3,10.1016/j.apsusc.2018.01.282,https://doi.org/10.1016/j.apsusc.2018.01.282,facile construction of ternary cufe2o4-tio2 nanocomposite supported reduced graphene oxide (rgo) photocatalysts for the efficient hydrogen production,applied surface science,2018.0,hafeez et al.,needs_review,catalyst loading calc: 0.8 g/l × 50.0 ml = 40.00 mg; glycerol std: (10.0/100×1261)/92.09 = 1.3693 m; doi resolved via crossref api,high,medium,high,low,low,low,low,0.375,a7c2cfbac1939170,3.2,4.21,86.0,1.0,3.89,4.65,-2.67,128.0,1.9,2.0,8.360141641464116
205,tio2,rgo,,96.0,,cu,0.5,nanoparticle,anatase,,0.5wt%cu/tio2/rgo,hydrothermal,,0.0,impregnation,,0.0,visible,,,,,0,0,0,0,1,0.4,20.0,0.4 g/l,50.0,10.0,1.3693,10 vol%,25.0,,3615 μmol g⁻¹ h⁻¹,3615.0,10.1016/j.apsusc.2018.01.282,https://doi.org/10.1016/j.apsusc.2018.01.282,facile construction of ternary cufe2o4-tio2 nanocomposite supported reduced graphene oxide (rgo) photocatalysts for the efficient hydrogen production,applied surface science,2018.0,hafeez et al.,needs_review,catalyst loading calc: 0.4 g/l × 50.0 ml = 20.00 mg; glycerol std: (10.0/100×1261)/92.09 = 1.3693 m; doi resolved via crossref api,high,medium,high,low,low,low,low,0.375,08652effea30f672,3.2,4.21,86.0,1.0,3.89,4.65,-2.67,128.0,1.9,2.0,8.193123721512068
204,tio2,rgo,,96.0,,cu,0.5,nanoparticle,anatase,,0.5wt%cu/tio2/rgo,hydrothermal,,0.0,impregnation,,0.0,visible,,,,,0,0,0,0,1,,,,50.0,10.0,1.3693,10 vol%,25.0,10.0,19434 μmol g⁻¹ h⁻¹,19434.0,10.1016/j.apsusc.2018.01.282,https://doi.org/10.1016/j.apsusc.2018.01.282,facile construction of ternary cufe2o4-tio2 nanocomposite supported reduced graphene oxide (rgo) photocatalysts for the efficient hydrogen production,applied surface science,2018.0,hafeez et al.,needs_review,glycerol std: (10.0/100×1261)/92.09 = 1.3693 m; doi resolved via crossref api,high,low,high,low,low,high,low,0.375,d8a9aa5a83446cab,3.2,4.21,86.0,1.0,3.89,4.65,-2.67,128.0,1.9,2.0,9.874830843286324
203,tio2,rgo,,96.0,,cu,0.5,nanoparticle,anatase,,0.5wt%cu/tio2/rgo,hydrothermal,,0.0,impregnation,,0.0,visible,,,,,0,0,0,0,1,,,,50.0,10.0,1.3693,10 vol%,25.0,8.0,23723 μmol g⁻¹ h⁻¹,23723.0,10.1016/j.apsusc.2018.01.282,https://doi.org/10.1016/j.apsusc.2018.01.282,facile construction of ternary cufe2o4-tio2 nanocomposite supported reduced graphene oxide (rgo) photocatalysts for the efficient hydrogen production,applied surface science,2018.0,hafeez et al.,needs_review,glycerol std: (10.0/100×1261)/92.09 = 1.3693 m; doi resolved via crossref api,high,low,high,low,low,high,low,0.375,dbd9b2a9723a5e67,3.2,4.21,86.0,1.0,3.89,4.65,-2.67,128.0,1.9,2.0,10.074242472958618
202,tio2,rgo,,96.0,,cu,0.5,nanoparticle,anatase,,0.5wt%cu/tio2/rgo,hydrothermal,,0.0,impregnation,,0.0,visible,,,,,0,0,0,0,1,,,,50.0,10.0,1.3693,10 vol%,25.0,6.0,48054 μmol g⁻¹ h⁻¹,48054.0,10.1016/j.apsusc.2018.01.282,https://doi.org/10.1016/j.apsusc.2018.01.282,facile construction of ternary cufe2o4-tio2 nanocomposite supported reduced graphene oxide (rgo) photocatalysts for the efficient hydrogen production,applied surface science,2018.0,hafeez et al.,needs_review,glycerol std: (10.0/100×1261)/92.09 = 1.3693 m; doi resolved via crossref api,high,low,high,low,low,high,low,0.375,23e0ac113cb41a4d,3.2,4.21,86.0,1.0,3.89,4.65,-2.67,128.0,1.9,2.0,10.780101467257385
201,tio2,rgo,,96.0,,cu,0.5,nanoparticle,anatase,,0.5wt%cu/tio2/rgo,hydrothermal,,0.0,impregnation,,0.0,visible,,,,,0,0,0,0,1,,,,50.0,10.0,1.3693,10 vol%,25.0,4.0,13212 μmol g⁻¹ h⁻¹,13212.0,10.1016/j.apsusc.2018.01.282,https://doi.org/10.1016/j.apsusc.2018.01.282,facile construction of ternary cufe2o4-tio2 nanocomposite supported reduced graphene oxide (rgo) photocatalysts for the efficient hydrogen production,applied surface science,2018.0,hafeez et al.,needs_review,glycerol std: (10.0/100×1261)/92.09 = 1.3693 m; doi resolved via crossref api,high,low,high,low,low,high,low,0.375,aa9c0e1ca6edb9e0,3.2,4.21,86.0,1.0,3.89,4.65,-2.67,128.0,1.9,2.0,9.488956472414216
692,tio2,,,100.0,,,,nanotube,anatase-rutile,,tio2,hydrothermal,350.0,5.0,,,0.0,visible,,,,,0,0,0,0,1,2.0,100.0,2 g/l,50.0,5.0,0.6847,5 vol%,25.0,,362.3 μmol g⁻¹ h⁻¹,362.3,10.1039/c3cc44742a,https://doi.org/10.1039/c3cc44742a,nano-size effects on cuo/tio2 catalysts for highly efficient h2 production under solar light irradiation,chemical communications,2013.0,kumar et al.,needs_review,catalyst loading calc: 2.0 g/l × 50.0 ml = 100.00 mg; glycerol std: (5.0/100×1261)/92.09 = 0.6847 m; co_catalyst set to 'none': bare semiconductor; doi resolved via crossref api,high,medium,high,low,low,low,low,0.375,4b705ad62815720f,3.2,4.21,86.0,1.0,3.89,0.0,0.0,0.0,0.0,0.0,5.895228939227156
691,tio2,,,100.0,,,,nanotube,anatase-rutile,,tio2,hydrothermal,350.0,5.0,,,0.0,visible,,,,,0,0,0,0,1,0.2,10.0,0.2 g/l,50.0,5.0,0.6847,5 vol%,25.0,,1203.8 μmol g⁻¹ h⁻¹,1203.8,10.1039/c3cc44742a,https://doi.org/10.1039/c3cc44742a,nano-size effects on cuo/tio2 catalysts for highly efficient h2 production under solar light irradiation,chemical communications,2013.0,kumar et al.,needs_review,catalyst loading calc: 0.2 g/l × 50.0 ml = 10.00 mg; glycerol std: (5.0/100×1261)/92.09 = 0.6847 m; co_catalyst set to 'none': bare semiconductor; doi resolved via crossref api,high,medium,high,low,low,low,low,0.375,caa30bfc65440e8f,3.2,4.21,86.0,1.0,3.89,0.0,0.0,0.0,0.0,0.0,7.094068857045629
690,tio2,,,100.0,,,,nanotube,anatase-rutile,,tio2,hydrothermal,350.0,5.0,,,0.0,visible,,,,,0,0,0,0,1,0.1,5.0,0.1 g/l,50.0,5.0,0.6847,5 vol%,25.0,,4239 μmol g⁻¹ h⁻¹,4239.0,10.1039/c3cc44742a,https://doi.org/10.1039/c3cc44742a,nano-size effects on cuo/tio2 catalysts for highly efficient h2 production under solar light irradiation,chemical communications,2013.0,kumar et al.,needs_review,catalyst loading calc: 0.1 g/l × 50.0 ml = 5.00 mg; glycerol std: (5.0/100×1261)/92.09 = 0.6847 m; co_catalyst set to 'none': bare semiconductor; doi resolved via crossref api,high,medium,high,low,low,low,low,0.375,f91ccbac6bd6972e,3.2,4.21,86.0,1.0,3.89,0.0,0.0,0.0,0.0,0.0,8.352318548226004
689,tio2,,,100.0,,,,nanotube,anatase-rutile,,tio2,hydrothermal,350.0,5.0,,,0.0,visible,,,,,0,0,0,0,1,0.06,3.0,0.06 g/l,50.0,5.0,0.6847,5 vol%,25.0,,1649.3 μmol g⁻¹ h⁻¹,1649.3,10.1039/c3cc44742a,https://doi.org/10.1039/c3cc44742a,nano-size effects on cuo/tio2 catalysts for highly efficient h2 production under solar light irradiation,chemical communications,2013.0,kumar et al.,needs_review,catalyst loading calc: 0.06 g/l × 50.0 ml = 3.00 mg; glycerol std: (5.0/100×1261)/92.09 = 0.6847 m; co_catalyst set to 'none': bare semiconductor; doi resolved via crossref api,high,medium,high,low,low,low,low,0.375,29a4413895b33c33,3.2,4.21,86.0,1.0,3.89,0.0,0.0,0.0,0.0,0.0,7.408712368549522
688,tio2,,,100.0,,,,nanoparticle,anatase-rutile,,tio2,hydrothermal,350.0,5.0,,,0.0,visible,,,,,0,0,0,0,1,0.1,5.0,0.1 g/l,50.0,5.0,0.6847,5 vol%,25.0,,2087 μmol g⁻¹ h⁻¹,2087.0,10.1039/c3cc44742a,https://doi.org/10.1039/c3cc44742a,nano-size effects on cuo/tio2 catalysts for highly efficient h2 production under solar light irradiation,chemical communications,2013.0,kumar et al.,needs_review,catalyst loading calc: 0.1 g/l × 50.0 ml = 5.00 mg; glycerol std: (5.0/100×1261)/92.09 = 0.6847 m; co_catalyst set to 'none': bare semiconductor; doi resolved via crossref api,high,medium,high,low,low,low,low,0.375,4f9cbe6619a2d444,3.2,4.21,86.0,1.0,3.89,0.0,0.0,0.0,0.0,0.0,7.643961949002529
96,ceo2,,,100.0,1.0,au,1.0,nanocomposite,,,1wt%au/ceo2,,,0.0,photodeposition,,0.0,visible,xe lamp,150.0,150 w,420.0,1,0,0,0,1,1.0,5.0,1 g/l,5.0,10.0,1.3693,10 vol%,,,90 μmol g⁻¹ h⁻¹,90.0,10.3390/ma16020747,https://doi.org/10.3390/ma16020747,needs_verification,materials,2023.0,"balsamo s, a. et al.",ok,"catalyst loading calc: 1.0 g/l × 5.0 ml = 5.00 mg; glycerol std: (10.0/100×1261)/92.09 = 1.3693 m; wavelength_cutoff_nm=420nm inferred (xe lamp, visible cutoff)",high,medium,high,high,medium,low,low,0.375,9e1459611e954ce2,3.1,4.4,26.0,4.0,7.22,5.1,-3.56,144.0,2.54,5.0,4.51085950651685
95,ceo2,go,,,1.0,au,1.0,nanocomposite,,,1wt%au/ceo2/go,,,0.0,photodeposition,,0.0,visible,xe lamp,150.0,150 w,420.0,1,0,0,0,1,1.0,5.0,1 g/l,5.0,10.0,1.3693,10 vol%,,,210 μmol g⁻¹ h⁻¹,210.0,10.3390/ma16020747,https://doi.org/10.3390/ma16020747,needs_verification,materials,2023.0,"balsamo s, a. et al.",ok,"catalyst loading calc: 1.0 g/l × 5.0 ml = 5.00 mg; glycerol std: (10.0/100×1261)/92.09 = 1.3693 m; wavelength_cutoff_nm=420nm inferred (xe lamp, visible cutoff)",high,medium,high,high,medium,low,low,0.375,550333058b211a15,3.1,4.4,26.0,4.0,7.22,5.1,-3.56,144.0,2.54,5.0,5.351858133476067
94,ceo2,rgo,,,2.0,au,1.0,nanocomposite,,,1wt%au/ceo2/rgo,,,0.0,photodeposition,,0.0,visible,xe lamp,150.0,150 w,420.0,1,0,0,0,1,1.0,5.0,1 g/l,5.0,10.0,1.3693,10 vol%,,,190 μmol g⁻¹ h⁻¹,190.0,10.3390/ma16020747,https://doi.org/10.3390/ma16020747,needs_verification,materials,2023.0,"balsamo s, a. et al.",ok,"catalyst loading calc: 1.0 g/l × 5.0 ml = 5.00 mg; glycerol std: (10.0/100×1261)/92.09 = 1.3693 m; wavelength_cutoff_nm=420nm inferred (xe lamp, visible cutoff)",high,medium,high,high,medium,low,low,0.375,bdefd28e1a21e3dd,3.1,4.4,26.0,4.0,7.22,5.1,-3.56,144.0,2.54,5.0,5.25227342804663
93,ceo2,rgo,,,1.0,au,1.0,nanocomposite,,,1wt%au/ceo2/rgo,,,0.0,photodeposition,,0.0,visible,xe lamp,150.0,150 w,420.0,1,0,0,0,1,1.0,5.0,1 g/l,5.0,10.0,1.3693,10 vol%,,,210 μmol g⁻¹ h⁻¹,210.0,10.3390/ma16020747,https://doi.org/10.3390/ma16020747,needs_verification,materials,2023.0,"balsamo s, a. et al.",ok,"catalyst loading calc: 1.0 g/l × 5.0 ml = 5.00 mg; glycerol std: (10.0/100×1261)/92.09 = 1.3693 m; wavelength_cutoff_nm=420nm inferred (xe lamp, visible cutoff)",high,medium,high,high,medium,low,low,0.375,b6fcf625d0b63ed2,3.1,4.4,26.0,4.0,7.22,5.1,-3.56,144.0,2.54,5.0,5.351858133476067
92,ceo2,rgo,,,0.5,au,1.0,nanocomposite,,,1wt%au/ceo2/rgo,,,0.0,photodeposition,,0.0,visible,xe lamp,150.0,150 w,420.0,1,0,0,0,1,1.0,5.0,1 g/l,5.0,10.0,1.3693,10 vol%,,,225 μmol g⁻¹ h⁻¹,225.0,10.3390/ma16020747,https://doi.org/10.3390/ma16020747,needs_verification,materials,2023.0,"balsamo s, a. et al.",ok,"catalyst loading calc: 1.0 g/l × 5.0 ml = 5.00 mg; glycerol std: (10.0/100×1261)/92.09 = 1.3693 m; wavelength_cutoff_nm=420nm inferred (xe lamp, visible cutoff)",high,medium,high,high,medium,low,low,0.375,5afd629cc091f893,3.1,4.4,26.0,4.0,7.22,5.1,-3.56,144.0,2.54,5.0,5.420534999272286
800,g-c3n4,bi2o3,,97.0,,,,nanocomposite,,2.41,g-c3n4/bi2o3,hard-template,,0.0,sonication,,0.0,visible,xe lamp,500.0,500 w,420.0,1,0,0,0,1,3.0,600.0,3 g/l,200.0,10.0,1.3693,10 vol%,,,1164.98 μmol g⁻¹ h⁻¹,1164.98,10.1016/j.ijhydene.2017.11.090,https://doi.org/10.1016/j.ijhydene.2017.11.090,lab scale optimization of various factors for photocatalytic hydrogen generation over low cost cu0.02ti0.98o2-δ photocatalyst under uv/visible irradiation and sunlight,international journal of hydrogen energy,2018.0,rawool et al.,needs_review,catalyst loading calc: 3.0 g/l × 200.0 ml = 600.00 mg; glycerol std: (10.0/100×1261)/92.09 = 1.3693 m; co_catalyst set to 'none': bare semiconductor; doi resolved via crossref api,high,medium,high,high,medium,low,high,0.375,813aac0db1093873,2.7,4.3,3.0,6.0,1.6,0.0,0.0,0.0,0.0,0.0,7.061317214104667
799,g-c3n4,bi2o3,,97.0,,,,nanocomposite,,2.41,g-c3n4/bi2o3,hard-template,,0.0,sonication,,0.0,visible,xe lamp,500.0,500 w,420.0,1,0,0,0,1,2.5,500.0,2.5 g/l,200.0,10.0,1.3693,10 vol%,,,1404.88 μmol g⁻¹ h⁻¹,1404.88,10.1016/j.ijhydene.2017.11.090,https://doi.org/10.1016/j.ijhydene.2017.11.090,lab scale optimization of various factors for photocatalytic hydrogen generation over low cost cu0.02ti0.98o2-δ photocatalyst under uv/visible irradiation and sunlight,international journal of hydrogen energy,2018.0,rawool et al.,needs_review,catalyst loading calc: 2.5 g/l × 200.0 ml = 500.00 mg; glycerol std: (10.0/100×1261)/92.09 = 1.3693 m; co_catalyst set to 'none': bare semiconductor; doi resolved via crossref api,high,medium,high,high,medium,low,high,0.375,737dd5c70005171c,2.7,4.3,3.0,6.0,1.6,0.0,0.0,0.0,0.0,0.0,7.248418720221818
798,g-c3n4,bi2o3,,97.0,,,,nanocomposite,,2.41,g-c3n4/bi2o3,hard-template,,0.0,sonication,,0.0,visible,xe lamp,500.0,500 w,420.0,1,0,0,0,1,2.0,400.0,2 g/l,200.0,10.0,1.3693,10 vol%,,,1286.75 μmol g⁻¹ h⁻¹,1286.75,10.1016/j.ijhydene.2017.11.090,https://doi.org/10.1016/j.ijhydene.2017.11.090,lab scale optimization of various factors for photocatalytic hydrogen generation over low cost cu0.02ti0.98o2-δ photocatalyst under uv/visible irradiation and sunlight,international journal of hydrogen energy,2018.0,rawool et al.,needs_review,catalyst loading calc: 2.0 g/l × 200.0 ml = 400.00 mg; glycerol std: (10.0/100×1261)/92.09 = 1.3693 m; co_catalyst set to 'none': bare semiconductor; doi resolved via crossref api,high,medium,high,high,medium,low,high,0.375,775d19ad89aebde8,2.7,4.3,3.0,6.0,1.6,0.0,0.0,0.0,0.0,0.0,7.160651788445694
797,g-c3n4,bi2o3,,97.0,,,,nanocomposite,,2.41,g-c3n4/bi2o3,hard-template,,0.0,sonication,,0.0,visible,xe lamp,500.0,500 w,420.0,1,0,0,0,1,1.5,300.0,1.5 g/l,200.0,10.0,1.3693,10 vol%,,,1039.34 μmol g⁻¹ h⁻¹,1039.34,10.1016/j.ijhydene.2017.11.090,https://doi.org/10.1016/j.ijhydene.2017.11.090,lab scale optimization of various factors for photocatalytic hydrogen generation over low cost cu0.02ti0.98o2-δ photocatalyst under uv/visible irradiation and sunlight,international journal of hydrogen energy,2018.0,rawool et al.,needs_review,catalyst loading calc: 1.5 g/l × 200.0 ml = 300.00 mg; glycerol std: (10.0/100×1261)/92.09 = 1.3693 m; co_catalyst set to 'none': bare semiconductor; doi resolved via crossref api,high,medium,high,high,medium,low,high,0.375,802da63214ea182f,2.7,4.3,3.0,6.0,1.6,0.0,0.0,0.0,0.0,0.0,6.947302861784636
796,g-c3n4,bi2o3,,97.0,,,,nanocomposite,,2.41,g-c3n4/bi2o3,hard-template,,0.0,sonication,,0.0,visible,xe lamp,500.0,500 w,420.0,1,0,0,0,1,1.0,200.0,1 g/l,200.0,10.0,1.3693,10 vol%,,,765.23 μmol g⁻¹ h⁻¹,765.23,10.1016/j.ijhydene.2017.11.090,https://doi.org/10.1016/j.ijhydene.2017.11.090,lab scale optimization of various factors for photocatalytic hydrogen generation over low cost cu0.02ti0.98o2-δ photocatalyst under uv/visible irradiation and sunlight,international journal of hydrogen energy,2018.0,rawool et al.,needs_review,catalyst loading calc: 1.0 g/l × 200.0 ml = 200.00 mg; glycerol std: (10.0/100×1261)/92.09 = 1.3693 m; co_catalyst set to 'none': bare semiconductor; doi resolved via crossref api,high,medium,high,high,medium,low,high,0.375,bb182a832c46efbe,2.7,4.3,3.0,6.0,1.6,0.0,0.0,0.0,0.0,0.0,6.641482385767856
795,g-c3n4,bi2o3,,97.0,,,,nanocomposite,,2.41,g-c3n4/bi2o3,hard-template,,0.0,sonication,,0.0,visible,xe lamp,500.0,500 w,420.0,1,0,0,0,1,0.5,100.0,0.5 g/l,200.0,10.0,1.3693,10 vol%,,,658.63 μmol g⁻¹ h⁻¹,658.63,10.1016/j.ijhydene.2017.11.090,https://doi.org/10.1016/j.ijhydene.2017.11.090,lab scale optimization of various factors for photocatalytic hydrogen generation over low cost cu0.02ti0.98o2-δ photocatalyst under uv/visible irradiation and sunlight,international journal of hydrogen energy,2018.0,rawool et al.,needs_review,catalyst loading calc: 0.5 g/l × 200.0 ml = 100.00 mg; glycerol std: (10.0/100×1261)/92.09 = 1.3693 m; co_catalyst set to 'none': bare semiconductor; doi resolved via crossref api,high,medium,high,high,medium,low,high,0.375,62e028591c5242b4,2.7,4.3,3.0,6.0,1.6,0.0,0.0,0.0,0.0,0.0,6.491679071761534
794,g-c3n4,bi2o3,,95.0,,,,nanocomposite,,2.39,g-c3n4/bi2o3,hard-template,,0.0,sonication,,0.0,visible,xe lamp,500.0,500 w,420.0,1,0,0,0,1,0.25,50.0,0.25 g/l,200.0,10.0,1.3693,10 vol%,,,1046.24 μmol g⁻¹ h⁻¹,1046.24,10.1016/j.ijhydene.2017.11.090,https://doi.org/10.1016/j.ijhydene.2017.11.090,lab scale optimization of various factors for photocatalytic hydrogen generation over low cost cu0.02ti0.98o2-δ photocatalyst under uv/visible irradiation and sunlight,international journal of hydrogen energy,2018.0,rawool et al.,needs_review,catalyst loading calc: 0.25 g/l × 200.0 ml = 50.00 mg; glycerol std: (10.0/100×1261)/92.09 = 1.3693 m; co_catalyst set to 'none': bare semiconductor; doi resolved via crossref api,high,medium,high,high,medium,low,high,0.375,b663ba0128572b51,2.7,4.3,3.0,6.0,1.6,0.0,0.0,0.0,0.0,0.0,6.95391341096322
717,tio2,cu2o,,,,,,nanocomposite,anatase-rutile,,tio2/cu2o,hydrolysis,400.0,2.0,impregnation,500.0,5.0,visible,xe lamp,250.0,250 w,420.0,1,0,0,0,1,0.1,50.0,0.1 g/l,500.0,5.0,0.6847,5 vol%,,,16656 μmol g⁻¹ h⁻¹,16656.0,10.1016/j.jphotochem.2011.10.012,https://doi.org/10.1016/j.jphotochem.2011.10.012,visible light-induced hydrogen production from glycerol aqueous solution on hybrid pt–cds– tio2 photocatalysts,journal of photochemistry and photobiology a: chemistry,2011.0,"de oliveira, m. and m. and l. a. silva",needs_review,"catalyst loading calc: 0.1 g/l × 500.0 ml = 50.00 mg; glycerol std: (5.0/100×1261)/92.09 = 0.6847 m; co_catalyst set to 'none': bare semiconductor; wavelength_cutoff_nm=420nm inferred (xe lamp, visible cutoff); doi resolved via crossref api",high,medium,high,high,medium,low,low,0.375,48fe579579d6f12c,3.2,4.21,86.0,1.0,3.89,0.0,0.0,0.0,0.0,0.0,9.720585827477107
716,tio2,rgo,,,,,,nanocomposite,anatase-rutile,,tio2/rgo,hydrolysis,400.0,2.0,impregnation,500.0,5.0,visible,xe lamp,250.0,250 w,420.0,1,0,0,0,1,0.1,50.0,0.1 g/l,500.0,5.0,0.6847,5 vol%,,,8226 μmol g⁻¹ h⁻¹,8226.0,10.1016/j.jphotochem.2011.10.012,https://doi.org/10.1016/j.jphotochem.2011.10.012,visible light-induced hydrogen production from glycerol aqueous solution on hybrid pt–cds– tio2 photocatalysts,journal of photochemistry and photobiology a: chemistry,2011.0,"de oliveira, m. and m. and l. a. silva",needs_review,"catalyst loading calc: 0.1 g/l × 500.0 ml = 50.00 mg; glycerol std: (5.0/100×1261)/92.09 = 0.6847 m; co_catalyst set to 'none': bare semiconductor; wavelength_cutoff_nm=420nm inferred (xe lamp, visible cutoff); doi resolved via crossref api",high,medium,high,high,medium,low,low,0.375,4506dd3a4c94cb68,3.2,4.21,86.0,1.0,3.89,0.0,0.0,0.0,0.0,0.0,9.01517670716893
715,tio2,,,100.0,,,,nanoparticle,anatase-rutile,,tio2,hydrolysis,400.0,2.0,impregnation,500.0,5.0,visible,xe lamp,250.0,250 w,420.0,1,0,0,0,1,0.1,50.0,0.1 g/l,500.0,5.0,0.6847,5 vol%,,,7786 μmol g⁻¹ h⁻¹,7786.0,10.1016/j.jphotochem.2011.10.012,https://doi.org/10.1016/j.jphotochem.2011.10.012,visible light-induced hydrogen production from glycerol aqueous solution on hybrid pt–cds– tio2 photocatalysts,journal of photochemistry and photobiology a: chemistry,2011.0,"de oliveira, m. and m. and l. a. silva",needs_review,"catalyst loading calc: 0.1 g/l × 500.0 ml = 50.00 mg; glycerol std: (5.0/100×1261)/92.09 = 0.6847 m; co_catalyst set to 'none': bare semiconductor; wavelength_cutoff_nm=420nm inferred (xe lamp, visible cutoff); doi resolved via crossref api",high,medium,high,high,medium,low,low,0.375,658fb442ae03de1b,3.2,4.21,86.0,1.0,3.89,0.0,0.0,0.0,0.0,0.0,8.960210955576986
712,tio2,cnt,,99.0,,,,nanocomposite,anatase,,tio2/cnt,,,0.0,hydrothermal,450.0,2.0,uv,hg lamp,450.0,450 w,,0,1,0,1,0,0.1,5.0,0.1 g/l,50.0,5.0,0.6847,5 vol%,,,2166.7 μmol g⁻¹ h⁻¹,2166.7,10.1021/acs.iecr.8b05815,https://doi.org/10.1021/acs.iecr.8b05815,effects of carbon nanotube and carbon sphere templates in tio2 composites for photocatalytic hydrogen production,chemistry research,2019.0,estahbanati et al.,needs_review,catalyst loading calc: 0.1 g/l × 50.0 ml = 5.00 mg; glycerol std: (5.0/100×1261)/92.09 = 0.6847 m; co_catalyst set to 'none': bare semiconductor; doi resolved via crossref api,high,medium,high,high,low,low,low,0.375,53ecd6a7cdf24be9,3.2,4.21,86.0,1.0,3.89,0.0,0.0,0.0,0.0,0.0,7.681421976600878
711,tio2,cnt,,99.5,,,,nanocomposite,anatase,3.37,tio2/cnt,,,0.0,hydrothermal,450.0,2.0,uv,hg lamp,450.0,450 w,,0,1,0,1,0,0.1,5.0,0.1 g/l,50.0,5.0,0.6847,5 vol%,,,3714.3 μmol g⁻¹ h⁻¹,3714.3,10.1021/acs.iecr.8b05815,https://doi.org/10.1021/acs.iecr.8b05815,effects of carbon nanotube and carbon sphere templates in tio2 composites for photocatalytic hydrogen production,chemistry research,2019.0,estahbanati et al.,needs_review,catalyst loading calc: 0.1 g/l × 50.0 ml = 5.00 mg; glycerol std: (5.0/100×1261)/92.09 = 0.6847 m; co_catalyst set to 'none': bare semiconductor; doi resolved via crossref api,high,medium,high,high,low,low,high,0.375,aa104d0764fc69c9,3.2,4.21,86.0,1.0,3.89,0.0,0.0,0.0,0.0,0.0,8.220214707592666
710,tio2,cnt,,99.95,,,,nanocomposite,anatase,3.13,tio2/cnt,,,0.0,hydrothermal,450.0,2.0,uv,hg lamp,450.0,450 w,,0,1,0,1,0,0.1,5.0,0.1 g/l,50.0,5.0,0.6847,5 vol%,,,952.4 μmol g⁻¹ h⁻¹,952.4,10.1021/acs.iecr.8b05815,https://doi.org/10.1021/acs.iecr.8b05815,effects of carbon nanotube and carbon sphere templates in tio2 composites for photocatalytic hydrogen production,chemistry research,2019.0,estahbanati et al.,needs_review,catalyst loading calc: 0.1 g/l × 50.0 ml = 5.00 mg; glycerol std: (5.0/100×1261)/92.09 = 0.6847 m; co_catalyst set to 'none': bare semiconductor; doi resolved via crossref api,high,medium,high,high,low,low,high,0.375,6a89e03bbeb6a517,3.2,4.21,86.0,1.0,3.89,0.0,0.0,0.0,0.0,0.0,6.860034542770725
709,tio2,,,100.0,,,,nanocomposite,anatase,3.19,tio2,,,0.0,hydrothermal,450.0,2.0,uv,hg lamp,450.0,450 w,,0,1,0,1,0,0.1,5.0,0.1 g/l,50.0,5.0,0.6847,5 vol%,,,904.8 μmol g⁻¹ h⁻¹,904.8,10.1021/acs.iecr.8b05815,https://doi.org/10.1021/acs.iecr.8b05815,effects of carbon nanotube and carbon sphere templates in tio2 composites for photocatalytic hydrogen production,chemistry research,2019.0,estahbanati et al.,needs_review,catalyst loading calc: 0.1 g/l × 50.0 ml = 5.00 mg; glycerol std: (5.0/100×1261)/92.09 = 0.6847 m; co_catalyst set to 'none': bare semiconductor; doi resolved via crossref api,high,medium,high,high,low,low,high,0.375,7c71f6e0c4641d10,3.2,4.21,86.0,1.0,3.89,0.0,0.0,0.0,0.0,0.0,6.808818531122114
708,tio2,cnt,,99.9,,,,nanocomposite,anatase,3.19,tio2/cnt,,,0.0,hydrothermal,500.0,2.0,uv,hg lamp,450.0,450 w,,0,1,0,1,0,0.1,5.0,0.1 g/l,50.0,5.0,0.6847,5 vol%,,,2891.6 μmol g⁻¹ h⁻¹,2891.6,10.1021/acs.iecr.8b05815,https://doi.org/10.1021/acs.iecr.8b05815,effects of carbon nanotube and carbon sphere templates in tio2 composites for photocatalytic hydrogen production,chemistry research,2019.0,estahbanati et al.,needs_review,catalyst loading calc: 0.1 g/l × 50.0 ml = 5.00 mg; glycerol std: (5.0/100×1261)/92.09 = 0.6847 m; co_catalyst set to 'none': bare semiconductor; doi resolved via crossref api,high,medium,high,high,low,low,high,0.375,110b92bbfc90ed7d,3.2,4.21,86.0,1.0,3.89,0.0,0.0,0.0,0.0,0.0,7.969911030639632
707,tio2,cnt,,99.9,,,,nanocomposite,anatase,3.19,tio2/cnt,,,0.0,hydrothermal,450.0,2.0,uv,hg lamp,450.0,450 w,,0,1,0,1,0,0.1,5.0,0.1 g/l,50.0,5.0,0.6847,5 vol%,,,8800 μmol g⁻¹ h⁻¹,8800.0,10.1021/acs.iecr.8b05815,https://doi.org/10.1021/acs.iecr.8b05815,effects of carbon nanotube and carbon sphere templates in tio2 composites for photocatalytic hydrogen production,chemistry research,2019.0,estahbanati et al.,needs_review,catalyst loading calc: 0.1 g/l × 50.0 ml = 5.00 mg; glycerol std: (5.0/100×1261)/92.09 = 0.6847 m; co_catalyst set to 'none': bare semiconductor; doi resolved via crossref api,high,medium,high,high,low,low,high,0.375,c02471cabd2ce5d8,3.2,4.21,86.0,1.0,3.89,0.0,0.0,0.0,0.0,0.0,9.082620630373812
706,tio2,cnt,,99.9,,,,nanocomposite,anatase,3.19,tio2/cnt,,,0.0,hydrothermal,400.0,2.0,uv,hg lamp,450.0,450 w,,0,1,0,1,0,0.1,5.0,0.1 g/l,50.0,5.0,0.6847,5 vol%,,,3253 μmol g⁻¹ h⁻¹,3253.0,10.1021/acs.iecr.8b05815,https://doi.org/10.1021/acs.iecr.8b05815,effects of carbon nanotube and carbon sphere templates in tio2 composites for photocatalytic hydrogen production,chemistry research,2019.0,estahbanati et al.,needs_review,catalyst loading calc: 0.1 g/l × 50.0 ml = 5.00 mg; glycerol std: (5.0/100×1261)/92.09 = 0.6847 m; co_catalyst set to 'none': bare semiconductor; doi resolved via crossref api,high,medium,high,high,low,low,high,0.375,d531a715e4f40f95,3.2,4.21,86.0,1.0,3.89,0.0,0.0,0.0,0.0,0.0,8.087640287778983
705,tio2,cnt,,99.9,,,,nanocomposite,anatase,3.19,tio2/cnt,,,0.0,hydrothermal,350.0,2.0,uv,hg lamp,450.0,450 w,,0,1,0,1,0,0.1,5.0,0.1 g/l,50.0,5.0,0.6847,5 vol%,,,2650.6 μmol g⁻¹ h⁻¹,2650.6,10.1021/acs.iecr.8b05815,https://doi.org/10.1021/acs.iecr.8b05815,effects of carbon nanotube and carbon sphere templates in tio2 composites for photocatalytic hydrogen production,chemistry research,2019.0,estahbanati et al.,needs_review,catalyst loading calc: 0.1 g/l × 50.0 ml = 5.00 mg; glycerol std: (5.0/100×1261)/92.09 = 0.6847 m; co_catalyst set to 'none': bare semiconductor; doi resolved via crossref api,high,medium,high,high,low,low,high,0.375,c69b15eefd379433,3.2,4.21,86.0,1.0,3.89,0.0,0.0,0.0,0.0,0.0,7.882918510367237
210,tio2,rgo,,96.0,,cu,0.5,nanoparticle,anatase,,0.5wt%cu/tio2/rgo,hydrothermal,,0.0,impregnation,,0.0,visible,,,,,0,0,0,0,1,2.4,120.0,2.4 g/l,50.0,10.0,1.3693,10 vol%,25.0,,32042 μmol g⁻¹ h⁻¹,32042.0,10.1016/j.apsusc.2018.01.282,https://doi.org/10.1016/j.apsusc.2018.01.282,facile construction of ternary cufe2o4-tio2 nanocomposite supported reduced graphene oxide (rgo) photocatalysts for the efficient hydrogen production,applied surface science,2018.0,hafeez et al.,needs_review,catalyst loading calc: 2.4 g/l × 50.0 ml = 120.00 mg; glycerol std: (10.0/100×1261)/92.09 = 1.3693 m; doi resolved via crossref api,high,medium,high,low,low,low,low,0.375,a9ec872bf9299dfe,3.2,4.21,86.0,1.0,3.89,4.65,-2.67,128.0,1.9,2.0,10.374834029757805
174,tio2,,,100.0,,cu,,nanorod,anatase-rutile,3.17,xwt%cu/tio2,hydrothermal,550.0,5.0,impregnation,500.0,5.0,visible,,,,,0,0,0,0,1,0.1,5.0,0.1 g/l,50.0,5.0,0.6847,5 vol%,25.0,,1995 μmol g⁻¹ h⁻¹,1995.0,10.1016/j.solmat.2015.01.009,https://doi.org/10.1016/j.solmat.2015.01.009,cu2o-sensitized tio2 nanorods with nanocavities for highly efficient photocatalytic hydrogen production under solar irradiation,solar energy materials and solar cells,2015.0,kumar and d. p. et al,needs_review,catalyst loading calc: 0.1 g/l × 50.0 ml = 5.00 mg; glycerol std: (5.0/100×1261)/92.09 = 0.6847 m; doi resolved via crossref api,high,medium,high,low,low,low,high,0.375,69572a99c07da7b6,3.2,4.21,86.0,1.0,3.89,4.65,-2.67,128.0,1.9,2.0,7.59890045687141
173,tio2,,,100.0,,cu,,nanorod,anatase-rutile,3.16,xwt%cu/tio2,hydrothermal,500.0,5.0,impregnation,500.0,5.0,visible,,,,,0,0,0,0,1,0.1,5.0,0.1 g/l,50.0,5.0,0.6847,5 vol%,25.0,,2950 μmol g⁻¹ h⁻¹,2950.0,10.1016/j.solmat.2015.01.009,https://doi.org/10.1016/j.solmat.2015.01.009,cu2o-sensitized tio2 nanorods with nanocavities for highly efficient photocatalytic hydrogen production under solar irradiation,solar energy materials and solar cells,2015.0,kumar and d. p. et al,needs_review,catalyst loading calc: 0.1 g/l × 50.0 ml = 5.00 mg; glycerol std: (5.0/100×1261)/92.09 = 0.6847 m; doi resolved via crossref api,high,medium,high,low,low,low,high,0.375,4712f1515910ed69,3.2,4.21,86.0,1.0,3.89,4.65,-2.67,128.0,1.9,2.0,7.989899374942939
172,tio2,,,100.0,,cu,,nanorod,anatase-rutile,3.13,xwt%cu/tio2,hydrothermal,450.0,5.0,impregnation,500.0,5.0,visible,,,,,0,0,0,0,1,0.1,5.0,0.1 g/l,50.0,5.0,0.6847,5 vol%,25.0,,2018 μmol g⁻¹ h⁻¹,2018.0,10.1016/j.solmat.2015.01.009,https://doi.org/10.1016/j.solmat.2015.01.009,cu2o-sensitized tio2 nanorods with nanocavities for highly efficient photocatalytic hydrogen production under solar irradiation,solar energy materials and solar cells,2015.0,kumar and d. p. et al,needs_review,catalyst loading calc: 0.1 g/l × 50.0 ml = 5.00 mg; glycerol std: (5.0/100×1261)/92.09 = 0.6847 m; doi resolved via crossref api,high,medium,high,low,low,low,high,0.375,2c1d349f2386d9af,3.2,4.21,86.0,1.0,3.89,4.65,-2.67,128.0,1.9,2.0,7.610357618312838
171,tio2,,,100.0,,cu,,nanorod,anatase-rutile,3.12,xwt%cu/tio2,hydrothermal,400.0,5.0,impregnation,500.0,5.0,visible,,,,,0,0,0,0,1,0.1,5.0,0.1 g/l,50.0,5.0,0.6847,5 vol%,25.0,,1949 μmol g⁻¹ h⁻¹,1949.0,10.1016/j.solmat.2015.01.009,https://doi.org/10.1016/j.solmat.2015.01.009,cu2o-sensitized tio2 nanorods with nanocavities for highly efficient photocatalytic hydrogen production under solar irradiation,solar energy materials and solar cells,2015.0,kumar and d. p. et al,needs_review,catalyst loading calc: 0.1 g/l × 50.0 ml = 5.00 mg; glycerol std: (5.0/100×1261)/92.09 = 0.6847 m; doi resolved via crossref api,high,medium,high,low,low,low,high,0.375,1afcd5f3bb292121,3.2,4.21,86.0,1.0,3.89,4.65,-2.67,128.0,1.9,2.0,7.575584651557793
200,tio2,rgo,,96.0,,cu,0.5,nanoparticle,anatase,,0.5wt%cu/tio2/rgo,hydrothermal,,0.0,impregnation,,0.0,visible,,,,,0,0,0,0,1,,,,50.0,10.0,1.3693,10 vol%,25.0,2.0,10681 μmol g⁻¹ h⁻¹,10681.0,10.1016/j.apsusc.2018.01.282,https://doi.org/10.1016/j.apsusc.2018.01.282,facile construction of ternary cufe2o4-tio2 nanocomposite supported reduced graphene oxide (rgo) photocatalysts for the efficient hydrogen production,applied surface science,2018.0,hafeez et al.,needs_review,glycerol std: (10.0/100×1261)/92.09 = 1.3693 m; doi resolved via crossref api,high,low,high,low,low,high,low,0.375,77f83fcbd99add2b,3.2,4.21,86.0,1.0,3.89,4.65,-2.67,128.0,1.9,2.0,9.276315360899716
194,tio2,,,100.0,,cu,2.0,hollow sphere,anatase,2.25,2wt%cu/tio2,hydrothermal,,0.0,impregnation,450.0,5.0,visible,,,,,0,0,0,0,1,2.0,100.0,2 g/l,50.0,5.0,0.6847,5 vol%,25.0,,16775 μmol g⁻¹ h⁻¹,16775.0,10.1016/j.apcatb.2017.09.072,https://doi.org/10.1016/j.apcatb.2017.09.072,preparation and characterization of metals supported on nanostructured tio2 hollow spheres for production of hydrogen via photocatalytic reforming of glycerol,applied catalysis b: environmental,2018.0,seadira et al.,needs_review,catalyst loading calc: 2.0 g/l × 50.0 ml = 100.00 mg; glycerol std: (5.0/100×1261)/92.09 = 0.6847 m; doi resolved via crossref api,high,medium,high,low,low,low,high,0.375,fdadbb17b32afcb7,3.2,4.21,86.0,1.0,3.89,4.65,-2.67,128.0,1.9,2.0,9.727704572581755
193,tio2,,,100.0,,cu,2.0,nanotube,anatase-rutile,,2wt%cu/tio2,hydrothermal,350.0,5.0,impregnation,350.0,5.0,visible,,,,,0,0,0,0,1,0.1,5.0,0.1 g/l,50.0,5.0,0.6847,5 vol%,25.0,,76902 μmol g⁻¹ h⁻¹,76902.0,10.1039/c3cc44742a,https://doi.org/10.1039/c3cc44742a,nano-size effects on cuo/tio2 catalysts for highly efficient h2 production under solar light irradiation,chemical communications,2013.0,kumar et al.,needs_review,catalyst loading calc: 0.1 g/l × 50.0 ml = 5.00 mg; glycerol std: (5.0/100×1261)/92.09 = 0.6847 m; doi resolved via crossref api,high,medium,high,low,low,low,low,0.375,2ba4fb8c4c3f6e4b,3.2,4.21,86.0,1.0,3.89,4.65,-2.67,128.0,1.9,2.0,11.25030016643631
192,tio2,,,100.0,,cu,1.0,nanotube,anatase-rutile,,1wt%cu/tio2,hydrothermal,350.0,5.0,impregnation,350.0,5.0,visible,,,,,0,0,0,0,1,0.1,5.0,0.1 g/l,50.0,5.0,0.6847,5 vol%,25.0,,78556 μmol g⁻¹ h⁻¹,78556.0,10.1039/c3cc44742a,https://doi.org/10.1039/c3cc44742a,nano-size effects on cuo/tio2 catalysts for highly efficient h2 production under solar light irradiation,chemical communications,2013.0,kumar et al.,needs_review,catalyst loading calc: 0.1 g/l × 50.0 ml = 5.00 mg; glycerol std: (5.0/100×1261)/92.09 = 0.6847 m; doi resolved via crossref api,high,medium,high,low,low,low,low,0.375,63301abdb86c870d,3.2,4.21,86.0,1.0,3.89,4.65,-2.67,128.0,1.9,2.0,11.271579754926483
191,tio2,,,100.0,,cu,0.5,nanotube,anatase-rutile,,0.5wt%cu/tio2,hydrothermal,350.0,5.0,impregnation,350.0,5.0,visible,,,,,0,0,0,0,1,0.1,5.0,0.1 g/l,50.0,5.0,0.6847,5 vol%,25.0,,57500 μmol g⁻¹ h⁻¹,57500.0,10.1039/c3cc44742a,https://doi.org/10.1039/c3cc44742a,nano-size effects on cuo/tio2 catalysts for highly efficient h2 production under solar light irradiation,chemical communications,2013.0,kumar et al.,needs_review,catalyst loading calc: 0.1 g/l × 50.0 ml = 5.00 mg; glycerol std: (5.0/100×1261)/92.09 = 0.6847 m; doi resolved via crossref api,high,medium,high,low,low,low,low,0.375,566eec78e983e6e1,3.2,4.21,86.0,1.0,3.89,4.65,-2.67,128.0,1.9,2.0,10.959557617938563
190,tio2,,,100.0,,cu,0.1,nanotube,anatase-rutile,,0.1wt%cu/tio2,hydrothermal,350.0,5.0,impregnation,350.0,5.0,visible,,,,,0,0,0,0,1,0.1,5.0,0.1 g/l,50.0,5.0,0.6847,5 vol%,25.0,,15057 μmol g⁻¹ h⁻¹,15057.0,10.1039/c3cc44742a,https://doi.org/10.1039/c3cc44742a,nano-size effects on cuo/tio2 catalysts for highly efficient h2 production under solar light irradiation,chemical communications,2013.0,kumar et al.,needs_review,catalyst loading calc: 0.1 g/l × 50.0 ml = 5.00 mg; glycerol std: (5.0/100×1261)/92.09 = 0.6847 m; doi resolved via crossref api,high,medium,high,low,low,low,low,0.375,f0fc513404774285,3.2,4.21,86.0,1.0,3.89,4.65,-2.67,128.0,1.9,2.0,9.619664690410067
189,tio2,,,100.0,,cu,1.5,nanotube,anatase-rutile,,1.5wt%cu/tio2,hydrothermal,350.0,5.0,impregnation,350.0,5.0,visible,,,,,0,0,0,0,1,0.1,5.0,0.1 g/l,50.0,5.0,0.6847,5 vol%,25.0,,99823 μmol g⁻¹ h⁻¹,99823.0,10.1039/c3cc44742a,https://doi.org/10.1039/c3cc44742a,nano-size effects on cuo/tio2 catalysts for highly efficient h2 production under solar light irradiation,chemical communications,2013.0,kumar et al.,needs_review,catalyst loading calc: 0.1 g/l × 50.0 ml = 5.00 mg; glycerol std: (5.0/100×1261)/92.09 = 0.6847 m; doi resolved via crossref api,high,medium,high,low,low,low,low,0.375,aaa73063cb940476,3.2,4.21,86.0,1.0,3.89,4.65,-2.67,128.0,1.9,2.0,11.511163914350568
144,tio2,,,100.0,,cp-1,1.0,nanoparticle,anatase,,1wt%cp-1/tio2,,,0.0,hydrothermal,470.0,2.0,uv,,100.0,100 w,,0,0,0,1,0,0.2,5.0,0.2 g/l,25.0,20.0,2.7386,20 vol%,,,8500 μmol g⁻¹ h⁻¹,8500.0,10.1039/c8qi00355f,https://doi.org/10.1039/c8qi00355f,novel hetero-bimetallic coordination polymer as a single source of highly dispersed cu/ni nanoparticles for efficient photocatalytic water splitting,inorganic chemistry frontiers,2018.0,ibrahim et al.,needs_review,catalyst loading calc: 0.2 g/l × 25.0 ml = 5.00 mg; glycerol std: (20.0/100×1261)/92.09 = 2.7386 m; doi resolved via crossref api,high,medium,high,low,low,low,low,0.375,9b05035fddf707de,3.2,4.21,86.0,1.0,3.89,4.9,-2.0,130.0,2.0,3.0,9.04793908261736
143,tio2,,,100.0,,cp-1,0.5,nanoparticle,anatase,,0.5wt%cp-1/tio2,,,0.0,hydrothermal,470.0,2.0,uv,,100.0,100 w,,0,0,0,1,0,0.2,5.0,0.2 g/l,25.0,20.0,2.7386,20 vol%,,,5632 μmol g⁻¹ h⁻¹,5632.0,10.1039/c8qi00355f,https://doi.org/10.1039/c8qi00355f,novel hetero-bimetallic coordination polymer as a single source of highly dispersed cu/ni nanoparticles for efficient photocatalytic water splitting,inorganic chemistry frontiers,2018.0,ibrahim et al.,needs_review,catalyst loading calc: 0.2 g/l × 25.0 ml = 5.00 mg; glycerol std: (20.0/100×1261)/92.09 = 2.7386 m; doi resolved via crossref api,high,medium,high,low,low,low,low,0.375,da8300d577a1c9e8,3.2,4.21,86.0,1.0,3.89,4.9,-2.0,130.0,2.0,3.0,8.636397438894713
142,tio2,,,100.0,,cp-1,1.5,nanoparticle,anatase,,1.5wt%cp-1/tio2,,,0.0,hydrothermal,470.0,2.0,uv,,100.0,100 w,,0,0,0,1,0,0.2,5.0,0.2 g/l,25.0,20.0,2.7386,20 vol%,,,3850 μmol g⁻¹ h⁻¹,3850.0,10.1039/c8qi00355f,https://doi.org/10.1039/c8qi00355f,novel hetero-bimetallic coordination polymer as a single source of highly dispersed cu/ni nanoparticles for efficient photocatalytic water splitting,inorganic chemistry frontiers,2018.0,ibrahim et al.,needs_review,catalyst loading calc: 0.2 g/l × 25.0 ml = 5.00 mg; glycerol std: (20.0/100×1261)/92.09 = 2.7386 m; doi resolved via crossref api,high,medium,high,low,low,low,low,0.375,c768ecccbf7057d6,3.2,4.21,86.0,1.0,3.89,4.9,-2.0,130.0,2.0,3.0,8.25608813381491
141,tio2,,,100.0,,cp-1,1.0,nanoparticle,anatase,,1wt%cp-1/tio2,,,0.0,hydrothermal,470.0,2.0,uv,,100.0,100 w,,0,0,0,1,0,0.2,5.0,0.2 g/l,25.0,20.0,2.7386,20 vol%,,,2600.7 μmol g⁻¹ h⁻¹,2600.7,10.1039/c8qi00355f,https://doi.org/10.1039/c8qi00355f,novel hetero-bimetallic coordination polymer as a single source of highly dispersed cu/ni nanoparticles for efficient photocatalytic water splitting,inorganic chemistry frontiers,2018.0,ibrahim et al.,needs_review,catalyst loading calc: 0.2 g/l × 25.0 ml = 5.00 mg; glycerol std: (20.0/100×1261)/92.09 = 2.7386 m; doi resolved via crossref api,high,medium,high,low,low,low,low,0.375,6c0bc81fe8eb8c24,3.2,4.21,86.0,1.0,3.89,4.9,-2.0,130.0,2.0,3.0,7.863920356499154
140,tio2,,,100.0,,cp-1,1.0,nanoparticle,anatase,,1wt%cp-1/tio2,,,0.0,hydrothermal,420.0,2.0,uv,,100.0,100 w,,0,0,0,1,0,0.2,5.0,0.2 g/l,25.0,20.0,2.7386,20 vol%,,,1607.6 μmol g⁻¹ h⁻¹,1607.6,10.1039/c8qi00355f,https://doi.org/10.1039/c8qi00355f,novel hetero-bimetallic coordination polymer as a single source of highly dispersed cu/ni nanoparticles for efficient photocatalytic water splitting,inorganic chemistry frontiers,2018.0,ibrahim et al.,needs_review,catalyst loading calc: 0.2 g/l × 25.0 ml = 5.00 mg; glycerol std: (20.0/100×1261)/92.09 = 2.7386 m; doi resolved via crossref api,high,medium,high,low,low,low,low,0.375,fd56a4cdbb9577d9,3.2,4.21,86.0,1.0,3.89,4.9,-2.0,130.0,2.0,3.0,7.383119514469969
139,tio2,,,100.0,,cp-1,1.0,nanoparticle,anatase,,1wt%cp-1/tio2,,,0.0,hydrothermal,520.0,2.0,uv,,100.0,100 w,,0,0,0,1,0,0.2,5.0,0.2 g/l,25.0,20.0,2.7386,20 vol%,,,862.8 μmol g⁻¹ h⁻¹,862.8,10.1039/c8qi00355f,https://doi.org/10.1039/c8qi00355f,novel hetero-bimetallic coordination polymer as a single source of highly dispersed cu/ni nanoparticles for efficient photocatalytic water splitting,inorganic chemistry frontiers,2018.0,ibrahim et al.,needs_review,catalyst loading calc: 0.2 g/l × 25.0 ml = 5.00 mg; glycerol std: (20.0/100×1261)/92.09 = 2.7386 m; doi resolved via crossref api,high,medium,high,low,low,low,low,0.375,3b2b58e3a6fcab45,3.2,4.21,86.0,1.0,3.89,4.9,-2.0,130.0,2.0,3.0,6.761341260526601
166,tio2,,,100.0,,cu,2.5,nanoparticle,anatase-rutile-brookite,,2.5wt%cu/tio2,precipitation,450.0,6.0,photodeposition,,0.0,visible,xe lamp,125.0,125 w,420.0,1,0,0,0,1,2.1,504.0,2.1 g/l,240.0,7.3,0.9996,7.3 vol%,,,1236.2 μmol g⁻¹ h⁻¹,1236.2,10.1016/j.apcatb.2010.10.009,https://doi.org/10.1016/j.apcatb.2010.10.009,nanostructured cu/tio2 photocatalysts for h2 production from ethanol and glycerol aqueous solutions,chemcatchem,2011.0,montini et al.,needs_review,"catalyst loading calc: 2.1 g/l × 240.0 ml = 504.00 mg; glycerol std: (7.3/100×1261)/92.09 = 0.9996 m; wavelength_cutoff_nm=420nm inferred (xe lamp, visible cutoff); doi resolved via crossref api",high,medium,high,high,medium,low,low,0.375,a2f574b1d6123354,3.2,4.21,86.0,1.0,3.89,4.65,-2.67,128.0,1.9,2.0,7.120606040810914
165,tio2,,,100.0,,cu,2.5,nanoparticle,anatase-rutile-brookite,,2.5wt%cu/tio2,sol-gel,450.0,6.0,photodeposition,,0.0,visible,xe lamp,125.0,125 w,420.0,1,0,0,0,1,2.1,504.0,2.1 g/l,240.0,7.3,0.9996,7.3 vol%,,,1551.2 μmol g⁻¹ h⁻¹,1551.2,10.1016/j.apcatb.2010.10.009,https://doi.org/10.1016/j.apcatb.2010.10.009,nanostructured cu/tio2 photocatalysts for h2 production from ethanol and glycerol aqueous solutions,chemcatchem,2011.0,montini et al.,needs_review,"catalyst loading calc: 2.1 g/l × 240.0 ml = 504.00 mg; glycerol std: (7.3/100×1261)/92.09 = 0.9996 m; wavelength_cutoff_nm=420nm inferred (xe lamp, visible cutoff); doi resolved via crossref api",high,medium,high,high,medium,low,low,0.375,8378bb45b476f49b,3.2,4.21,86.0,1.0,3.89,4.65,-2.67,128.0,1.9,2.0,7.347428558420038
164,tio2,,,100.0,,cu,1.0,nanoparticle,anatase-rutile-brookite,,1wt%cu/tio2,precipitation,450.0,6.0,photodeposition,,0.0,visible,xe lamp,125.0,125 w,420.0,1,0,0,0,1,2.1,504.0,2.1 g/l,240.0,7.3,0.9996,7.3 vol%,,,779.53 μmol g⁻¹ h⁻¹,779.53,10.1016/j.apcatb.2010.10.009,https://doi.org/10.1016/j.apcatb.2010.10.009,nanostructured cu/tio2 photocatalysts for h2 production from ethanol and glycerol aqueous solutions,chemcatchem,2011.0,montini et al.,needs_review,"catalyst loading calc: 2.1 g/l × 240.0 ml = 504.00 mg; glycerol std: (7.3/100×1261)/92.09 = 0.9996 m; wavelength_cutoff_nm=420nm inferred (xe lamp, visible cutoff); doi resolved via crossref api",high,medium,high,high,medium,low,low,0.375,a042836113eb8be4,3.2,4.21,86.0,1.0,3.89,4.65,-2.67,128.0,1.9,2.0,6.659973176116232
163,tio2,,,100.0,,cu,1.0,nanoparticle,anatase-rutile-brookite,,1wt%cu/tio2,sol-gel,450.0,6.0,photodeposition,,0.0,visible,xe lamp,125.0,125 w,420.0,1,0,0,0,1,2.1,504.0,2.1 g/l,240.0,7.3,0.9996,7.3 vol%,,,1472.4 μmol g⁻¹ h⁻¹,1472.4,10.1016/j.apcatb.2010.10.009,https://doi.org/10.1016/j.apcatb.2010.10.009,nanostructured cu/tio2 photocatalysts for h2 production from ethanol and glycerol aqueous solutions,chemcatchem,2011.0,montini et al.,needs_review,"catalyst loading calc: 2.1 g/l × 240.0 ml = 504.00 mg; glycerol std: (7.3/100×1261)/92.09 = 0.9996 m; wavelength_cutoff_nm=420nm inferred (xe lamp, visible cutoff); doi resolved via crossref api",high,medium,high,high,medium,low,low,0.375,585461c9dc39ecbf,3.2,4.21,86.0,1.0,3.89,4.65,-2.67,128.0,1.9,2.0,7.295327934248713
180,tio2,,,100.0,,cu,2.0,nanorod,anatase-rutile,3.16,2wt%cu/tio2,hydrothermal,500.0,5.0,impregnation,500.0,5.0,visible,,,,,0,0,0,0,1,0.1,5.0,0.1 g/l,50.0,5.0,0.6847,5 vol%,25.0,,34095 μmol g⁻¹ h⁻¹,34095.0,10.1016/j.solmat.2015.01.009,https://doi.org/10.1016/j.solmat.2015.01.009,cu2o-sensitized tio2 nanorods with nanocavities for highly efficient photocatalytic hydrogen production under solar irradiation,solar energy materials and solar cells,2015.0,kumar and d. p. et al,needs_review,catalyst loading calc: 0.1 g/l × 50.0 ml = 5.00 mg; glycerol std: (5.0/100×1261)/92.09 = 0.6847 m; doi resolved via crossref api,high,medium,high,low,low,low,high,0.375,5973ed557ed7848b,3.2,4.21,86.0,1.0,3.89,4.65,-2.67,128.0,1.9,2.0,10.436935354338399
179,tio2,,,100.0,,cu,1.75,nanorod,anatase-rutile,3.16,1.75wt%cu/tio2,hydrothermal,500.0,5.0,impregnation,500.0,5.0,visible,,,,,0,0,0,0,1,0.1,5.0,0.1 g/l,50.0,5.0,0.6847,5 vol%,25.0,,38902 μmol g⁻¹ h⁻¹,38902.0,10.1016/j.solmat.2015.01.009,https://doi.org/10.1016/j.solmat.2015.01.009,cu2o-sensitized tio2 nanorods with nanocavities for highly efficient photocatalytic hydrogen production under solar irradiation,solar energy materials and solar cells,2015.0,kumar and d. p. et al,needs_review,catalyst loading calc: 0.1 g/l × 50.0 ml = 5.00 mg; glycerol std: (5.0/100×1261)/92.09 = 0.6847 m; doi resolved via crossref api,high,medium,high,low,low,low,high,0.375,6ccaea44d90c32e5,3.2,4.21,86.0,1.0,3.89,4.65,-2.67,128.0,1.9,2.0,10.568826647455502
178,tio2,,,100.0,,cu,1.5,nanorod,anatase-rutile,3.16,1.5wt%cu/tio2,hydrothermal,500.0,5.0,impregnation,500.0,5.0,visible,,,,,0,0,0,0,1,0.1,5.0,0.1 g/l,50.0,5.0,0.6847,5 vol%,25.0,,50339 μmol g⁻¹ h⁻¹,50339.0,10.1016/j.solmat.2015.01.009,https://doi.org/10.1016/j.solmat.2015.01.009,cu2o-sensitized tio2 nanorods with nanocavities for highly efficient photocatalytic hydrogen production under solar irradiation,solar energy materials and solar cells,2015.0,kumar and d. p. et al,needs_review,catalyst loading calc: 0.1 g/l × 50.0 ml = 5.00 mg; glycerol std: (5.0/100×1261)/92.09 = 0.6847 m; doi resolved via crossref api,high,medium,high,low,low,low,high,0.375,03c2f2a62be44a4c,3.2,4.21,86.0,1.0,3.89,4.65,-2.67,128.0,1.9,2.0,10.826555268689306
177,tio2,,,100.0,,cu,1.25,nanorod,anatase-rutile,3.16,1.25wt%cu/tio2,hydrothermal,500.0,5.0,impregnation,500.0,5.0,visible,,,,,0,0,0,0,1,0.1,5.0,0.1 g/l,50.0,5.0,0.6847,5 vol%,25.0,,43887 μmol g⁻¹ h⁻¹,43887.0,10.1016/j.solmat.2015.01.009,https://doi.org/10.1016/j.solmat.2015.01.009,cu2o-sensitized tio2 nanorods with nanocavities for highly efficient photocatalytic hydrogen production under solar irradiation,solar energy materials and solar cells,2015.0,kumar and d. p. et al,needs_review,catalyst loading calc: 0.1 g/l × 50.0 ml = 5.00 mg; glycerol std: (5.0/100×1261)/92.09 = 0.6847 m; doi resolved via crossref api,high,medium,high,low,low,low,high,0.375,0b692b458393997c,3.2,4.21,86.0,1.0,3.89,4.65,-2.67,128.0,1.9,2.0,10.689396213177384
176,tio2,,,100.0,,cu,1.0,nanorod,anatase-rutile,3.16,1wt%cu/tio2,hydrothermal,500.0,5.0,impregnation,500.0,5.0,visible,,,,,0,0,0,0,1,0.1,5.0,0.1 g/l,50.0,5.0,0.6847,5 vol%,25.0,,36053 μmol g⁻¹ h⁻¹,36053.0,10.1016/j.solmat.2015.01.009,https://doi.org/10.1016/j.solmat.2015.01.009,cu2o-sensitized tio2 nanorods with nanocavities for highly efficient photocatalytic hydrogen production under solar irradiation,solar energy materials and solar cells,2015.0,kumar and d. p. et al,needs_review,catalyst loading calc: 0.1 g/l × 50.0 ml = 5.00 mg; glycerol std: (5.0/100×1261)/92.09 = 0.6847 m; doi resolved via crossref api,high,medium,high,low,low,low,high,0.375,4389530f0c9bedc8,3.2,4.21,86.0,1.0,3.89,4.65,-2.67,128.0,1.9,2.0,10.492773093561983
175,tio2,,,100.0,,cu,0.5,nanorod,anatase-rutile,3.16,0.5wt%cu/tio2,hydrothermal,500.0,5.0,impregnation,500.0,5.0,visible,,,,,0,0,0,0,1,0.1,5.0,0.1 g/l,50.0,5.0,0.6847,5 vol%,25.0,,30712 μmol g⁻¹ h⁻¹,30712.0,10.1016/j.solmat.2015.01.009,https://doi.org/10.1016/j.solmat.2015.01.009,cu2o-sensitized tio2 nanorods with nanocavities for highly efficient photocatalytic hydrogen production under solar irradiation,solar energy materials and solar cells,2015.0,kumar and d. p. et al,needs_review,catalyst loading calc: 0.1 g/l × 50.0 ml = 5.00 mg; glycerol std: (5.0/100×1261)/92.09 = 0.6847 m; doi resolved via crossref api,high,medium,high,low,low,low,high,0.375,ea54ec7e285e9cbf,3.2,4.21,86.0,1.0,3.89,4.65,-2.67,128.0,1.9,2.0,10.332441296713197
114,tio2,,,100.0,,co,1.0,nanoparticle,anatase-rutile,2.8,1wt%co/tio2,,,0.0,impregnation,400.0,5.0,visible,,,,,0,0,0,0,1,2.0,100.0,2 g/l,50.0,1.0,0.1369,1 vol%,25.0,,3912.7 μmol g⁻¹ h⁻¹,3912.7,10.1016/j.ijhydene.2013.05.116,https://doi.org/10.1016/j.ijhydene.2013.05.116,cobalt doped tio2: a stable and efficient photocatalyst for continuous hydrogen production from glycerol: water mixtures under solar light irradiation,international journal of hydrogen energy,2013.0,sadanandam et al.,needs_review,catalyst loading calc: 2.0 g/l × 50.0 ml = 100.00 mg; glycerol std: (1.0/100×1261)/92.09 = 0.1369 m; doi resolved via crossref api,high,medium,high,low,low,low,high,0.375,98d9efe5bc5062d7,3.2,4.21,86.0,1.0,3.89,5.0,-1.17,125.0,1.88,2.0,8.272238497087914
113,tio2,,,100.0,,co,1.0,nanoparticle,anatase-rutile,2.8,1wt%co/tio2,,,0.0,impregnation,400.0,5.0,visible,,,,,0,0,0,0,1,2.0,100.0,2 g/l,50.0,0.0,0.0,0 vol%,25.0,,321.35 μmol g⁻¹ h⁻¹,321.35,10.1016/j.ijhydene.2013.05.116,https://doi.org/10.1016/j.ijhydene.2013.05.116,cobalt doped tio2: a stable and efficient photocatalyst for continuous hydrogen production from glycerol: water mixtures under solar light irradiation,international journal of hydrogen energy,2013.0,sadanandam et al.,needs_review,catalyst loading calc: 2.0 g/l × 50.0 ml = 100.00 mg; glycerol std: (0.0/100×1261)/92.09 = 0.0000 m; doi resolved via crossref api,high,medium,high,low,low,low,high,0.375,a5b7f9f4f87981bd,3.2,4.21,86.0,1.0,3.89,5.0,-1.17,125.0,1.88,2.0,5.775637911756629
103,tio2,,,100.0,,au,2.0,nanoparticle,anatase-rutile,,2wt%au/tio2,,,0.0,precipitation,400.0,4.0,uv,,,,,0,0,0,1,0,0.5,1.0,0.5 g/l,2.0,10.0,1.3693,10 vol%,25.0,,13926 μmol g⁻¹ h⁻¹,13926.0,10.1016/j,https://doi.org/10.1016/j,needs_verification,energy conversion and management,2023.0,"zhang, j. et al.",ok,catalyst loading calc: 0.5 g/l × 2.0 ml = 1.00 mg; glycerol std: (10.0/100×1261)/92.09 = 1.3693 m,high,medium,high,low,low,low,low,0.375,ecd05f3e27a090c2,3.2,4.21,86.0,1.0,3.89,5.1,-3.56,144.0,2.54,5.0,9.541584681053092
766,zno,zns,,81.0,,,,nanorod,,,zno/zns,water bath,,0.0,sulfidation,,0.0,visible,xe lamp,500.0,500 w,420.0,1,0,0,0,1,30.0,300.0,30 g/l,10.0,7.0,0.9585,7 vol%,,,114.55 μmol g⁻¹ h⁻¹,114.55,10.1016/j.apsusc.2013.07.009,https://doi.org/10.1016/j.apsusc.2013.07.009,"zno/zns–pds core/shell nanorods: synthesis, characterization and application for photocatalytic hydrogen production from a glycerol/water solution",applied surface science,2013.0,liu et al.,needs_review,"catalyst loading calc: 30.0 g/l × 10.0 ml = 300.00 mg; glycerol std: (7.0/100×1261)/92.09 = 0.9585 m; co_catalyst set to 'none': bare semiconductor; wavelength_cutoff_nm=420nm inferred (xe lamp, visible cutoff); doi resolved via crossref api",high,medium,high,high,medium,low,low,0.375,2b1a1e717209be29,3.37,4.35,8.5,3.0,5.61,0.0,0.0,0.0,0.0,0.0,4.74970333672039
765,zno,,,100.0,,,,nanorod,,3.37,zno,,,0.0,water bath,,0.0,visible,xe lamp,500.0,500 w,420.0,1,0,0,0,1,30.0,300.0,30 g/l,10.0,7.0,0.9585,7 vol%,,,60.91 μmol g⁻¹ h⁻¹,60.91,10.1016/j.apsusc.2013.07.009,https://doi.org/10.1016/j.apsusc.2013.07.009,"zno/zns–pds core/shell nanorods: synthesis, characterization and application for photocatalytic hydrogen production from a glycerol/water solution",applied surface science,2013.0,liu et al.,needs_review,"catalyst loading calc: 30.0 g/l × 10.0 ml = 300.00 mg; glycerol std: (7.0/100×1261)/92.09 = 0.9585 m; co_catalyst set to 'none': bare semiconductor; wavelength_cutoff_nm=420nm inferred (xe lamp, visible cutoff); doi resolved via crossref api",high,medium,high,high,medium,low,high,0.375,d6a83eb2f24b21db,3.37,4.35,8.5,3.0,5.61,0.0,0.0,0.0,0.0,0.0,4.12568171753114
128,tio2,,,100.0,,co-ag,3.0,nanoparticle,anatase,2.49,3wt%co-ag/tio2,sol-gel,450.0,4.0,impregnation,450.0,5.0,visible,,,,,0,0,0,0,1,0.2,10.0,0.2 g/l,50.0,5.0,0.6847,5 vol%,25.0,,297.5 μmol g⁻¹ h⁻¹,297.5,10.1016/j.ijhydene.2019.05.020,https://doi.org/10.1016/j.ijhydene.2019.05.020,cuo@nio core-shell nanoparticles decorated anatase tio2 nanospheres for enhanced photocatalytic hydrogen production,international journal of hydrogen energy,2020.0,ravi et al.,needs_review,catalyst loading calc: 0.2 g/l × 50.0 ml = 10.00 mg; glycerol std: (5.0/100×1261)/92.09 = 0.6847 m; doi resolved via crossref api,high,medium,high,low,low,low,high,0.375,8e58f22613d17da8,3.2,4.21,86.0,1.0,3.89,4.9,-2.0,130.0,2.0,3.0,5.698769932832657
127,tio2,,,100.0,,co,2.0,nanoparticle,anatase,2.75,2wt%co/tio2,sol-gel,450.0,4.0,impregnation,450.0,5.0,visible,,,,,0,0,0,0,1,0.2,10.0,0.2 g/l,50.0,5.0,0.6847,5 vol%,25.0,,76.1 μmol g⁻¹ h⁻¹,76.1,10.1016/j.ijhydene.2019.05.020,https://doi.org/10.1016/j.ijhydene.2019.05.020,cuo@nio core-shell nanoparticles decorated anatase tio2 nanospheres for enhanced photocatalytic hydrogen production,international journal of hydrogen energy,2020.0,ravi et al.,needs_review,catalyst loading calc: 0.2 g/l × 50.0 ml = 10.00 mg; glycerol std: (5.0/100×1261)/92.09 = 0.6847 m; doi resolved via crossref api,high,medium,high,low,low,low,high,0.375,d67dbb8bfb593b89,3.2,4.21,86.0,1.0,3.89,5.0,-1.17,125.0,1.88,2.0,4.345103280569283
126,tio2,,,100.0,,co,2.0,hollow sphere,anatase,2.8,2wt%co/tio2,hydrothermal,,0.0,impregnation,450.0,5.0,visible,,,,,0,0,0,0,1,2.0,100.0,2 g/l,50.0,5.0,0.6847,5 vol%,25.0,,1859 μmol g⁻¹ h⁻¹,1859.0,10.1016/j.apcatb.2017.09.072,https://doi.org/10.1016/j.apcatb.2017.09.072,preparation and characterization of metals supported on nanostructured tio2 hollow spheres for production of hydrogen via photocatalytic reforming of glycerol,applied catalysis b: environmental,2018.0,seadira et al.,needs_review,catalyst loading calc: 2.0 g/l × 50.0 ml = 100.00 mg; glycerol std: (5.0/100×1261)/92.09 = 0.6847 m; doi resolved via crossref api,high,medium,high,low,low,low,high,0.375,ac7145690180c6a1,3.2,4.21,86.0,1.0,3.89,5.0,-1.17,125.0,1.88,2.0,7.528331766707247
125,tio2,,,100.0,,co,1.0,nanoparticle,anatase-rutile,2.8,1wt%co/tio2,,,0.0,impregnation,400.0,5.0,visible,,,,,0,0,0,0,1,2.0,100.0,2 g/l,50.0,20.0,2.7386,20 vol%,25.0,,8718.9 μmol g⁻¹ h⁻¹,8718.9,10.1016/j.ijhydene.2013.05.116,https://doi.org/10.1016/j.ijhydene.2013.05.116,cobalt doped tio2: a stable and efficient photocatalyst for continuous hydrogen production from glycerol: water mixtures under solar light irradiation,international journal of hydrogen energy,2013.0,sadanandam et al.,needs_review,catalyst loading calc: 2.0 g/l × 50.0 ml = 100.00 mg; glycerol std: (20.0/100×1261)/92.09 = 2.7386 m; doi resolved via crossref api,high,medium,high,low,low,low,high,0.375,f46009071c0d5ce3,3.2,4.21,86.0,1.0,3.89,5.0,-1.17,125.0,1.88,2.0,9.07336304894736
124,tio2,,,100.0,,co,1.0,nanoparticle,anatase-rutile,2.8,1wt%co/tio2,,,0.0,impregnation,400.0,5.0,visible,,,,,0,0,0,0,1,2.0,100.0,2 g/l,50.0,18.0,2.4648,18 vol%,25.0,,8843.9 μmol g⁻¹ h⁻¹,8843.9,10.1016/j.ijhydene.2013.05.116,https://doi.org/10.1016/j.ijhydene.2013.05.116,cobalt doped tio2: a stable and efficient photocatalyst for continuous hydrogen production from glycerol: water mixtures under solar light irradiation,international journal of hydrogen energy,2013.0,sadanandam et al.,needs_review,catalyst loading calc: 2.0 g/l × 50.0 ml = 100.00 mg; glycerol std: (18.0/100×1261)/92.09 = 2.4648 m; doi resolved via crossref api,high,medium,high,low,low,low,high,0.375,f692560d4dbe303c,3.2,4.21,86.0,1.0,3.89,5.0,-1.17,125.0,1.88,2.0,9.087596300707476
123,tio2,,,100.0,,co,1.0,nanoparticle,anatase-rutile,2.8,1wt%co/tio2,,,0.0,impregnation,400.0,5.0,visible,,,,,0,0,0,0,1,2.0,100.0,2 g/l,50.0,16.0,2.1909,16 vol%,25.0,,8968.7 μmol g⁻¹ h⁻¹,8968.7,10.1016/j.ijhydene.2013.05.116,https://doi.org/10.1016/j.ijhydene.2013.05.116,cobalt doped tio2: a stable and efficient photocatalyst for continuous hydrogen production from glycerol: water mixtures under solar light irradiation,international journal of hydrogen energy,2013.0,sadanandam et al.,needs_review,catalyst loading calc: 2.0 g/l × 50.0 ml = 100.00 mg; glycerol std: (16.0/100×1261)/92.09 = 2.1909 m; doi resolved via crossref api,high,medium,high,low,low,low,high,0.375,76965ae3730363aa,3.2,4.21,86.0,1.0,3.89,5.0,-1.17,125.0,1.88,2.0,9.101607509677498
122,tio2,,,100.0,,co,1.0,nanoparticle,anatase-rutile,2.8,1wt%co/tio2,,,0.0,impregnation,400.0,5.0,visible,,,,,0,0,0,0,1,2.0,100.0,2 g/l,50.0,14.0,1.917,14 vol%,25.0,,9093.8 μmol g⁻¹ h⁻¹,9093.8,10.1016/j.ijhydene.2013.05.116,https://doi.org/10.1016/j.ijhydene.2013.05.116,cobalt doped tio2: a stable and efficient photocatalyst for continuous hydrogen production from glycerol: water mixtures under solar light irradiation,international journal of hydrogen energy,2013.0,sadanandam et al.,needs_review,catalyst loading calc: 2.0 g/l × 50.0 ml = 100.00 mg; glycerol std: (14.0/100×1261)/92.09 = 1.9170 m; doi resolved via crossref api,high,medium,high,low,low,low,high,0.375,853afed29a06d7d9,3.2,4.21,86.0,1.0,3.89,5.0,-1.17,125.0,1.88,2.0,9.115458100605984
121,tio2,,,100.0,,co,1.0,nanoparticle,anatase-rutile,2.8,1wt%co/tio2,,,0.0,impregnation,400.0,5.0,visible,,,,,0,0,0,0,1,2.0,100.0,2 g/l,50.0,12.0,1.6432,12 vol%,25.0,,9154.7 μmol g⁻¹ h⁻¹,9154.7,10.1016/j.ijhydene.2013.05.116,https://doi.org/10.1016/j.ijhydene.2013.05.116,cobalt doped tio2: a stable and efficient photocatalyst for continuous hydrogen production from glycerol: water mixtures under solar light irradiation,international journal of hydrogen energy,2013.0,sadanandam et al.,needs_review,catalyst loading calc: 2.0 g/l × 50.0 ml = 100.00 mg; glycerol std: (12.0/100×1261)/92.09 = 1.6432 m; doi resolved via crossref api,high,medium,high,low,low,low,high,0.375,c31ce61acb4748ae,3.2,4.21,86.0,1.0,3.89,5.0,-1.17,125.0,1.88,2.0,9.122131915135922
120,tio2,,,100.0,,co,1.0,nanoparticle,anatase-rutile,2.8,1wt%co/tio2,,,0.0,impregnation,400.0,5.0,visible,,,,,0,0,0,0,1,2.0,100.0,2 g/l,50.0,10.0,1.3693,10 vol%,25.0,,9279.7 μmol g⁻¹ h⁻¹,9279.7,10.1016/j.ijhydene.2013.05.116,https://doi.org/10.1016/j.ijhydene.2013.05.116,cobalt doped tio2: a stable and efficient photocatalyst for continuous hydrogen production from glycerol: water mixtures under solar light irradiation,international journal of hydrogen energy,2013.0,sadanandam et al.,needs_review,catalyst loading calc: 2.0 g/l × 50.0 ml = 100.00 mg; glycerol std: (10.0/100×1261)/92.09 = 1.3693 m; doi resolved via crossref api,high,medium,high,low,low,low,high,0.375,32d9becc77f061a8,3.2,4.21,86.0,1.0,3.89,5.0,-1.17,125.0,1.88,2.0,9.135692253969951
119,tio2,,,100.0,,co,1.0,nanoparticle,anatase-rutile,2.8,1wt%co/tio2,,,0.0,impregnation,400.0,5.0,visible,,,,,0,0,0,0,1,2.0,100.0,2 g/l,50.0,8.0,1.0955,8 vol%,25.0,,9725.3 μmol g⁻¹ h⁻¹,9725.3,10.1016/j.ijhydene.2013.05.116,https://doi.org/10.1016/j.ijhydene.2013.05.116,cobalt doped tio2: a stable and efficient photocatalyst for continuous hydrogen production from glycerol: water mixtures under solar light irradiation,international journal of hydrogen energy,2013.0,sadanandam et al.,needs_review,catalyst loading calc: 2.0 g/l × 50.0 ml = 100.00 mg; glycerol std: (8.0/100×1261)/92.09 = 1.0955 m; doi resolved via crossref api,high,medium,high,low,low,low,high,0.375,f4b758f061c132ec,3.2,4.21,86.0,1.0,3.89,5.0,-1.17,125.0,1.88,2.0,9.182588835645339
145,tio2,,,100.0,,cr,2.0,hollow sphere,anatase,2.35,2wt%cr/tio2,hydrothermal,,0.0,impregnation,450.0,5.0,visible,,,,,0,0,0,0,1,2.0,100.0,2 g/l,50.0,5.0,0.6847,5 vol%,25.0,,594 μmol g⁻¹ h⁻¹,594.0,10.1016/j.apcatb.2017.09.072,https://doi.org/10.1016/j.apcatb.2017.09.072,preparation and characterization of metals supported on nanostructured tio2 hollow spheres for production of hydrogen via photocatalytic reforming of glycerol,applied catalysis b: environmental,2018.0,seadira et al.,needs_review,catalyst loading calc: 2.0 g/l × 50.0 ml = 100.00 mg; glycerol std: (5.0/100×1261)/92.09 = 0.6847 m; doi resolved via crossref api,high,medium,high,low,low,low,high,0.375,931bc6e81e79e6fc,3.2,4.21,86.0,1.0,3.89,4.9,-2.0,130.0,2.0,3.0,6.38856140554563
793,g-c3n4,bi2o3,,97.0,,,,nanocomposite,,2.41,g-c3n4/bi2o3,hard-template,,0.0,sonication,,0.0,visible,xe lamp,500.0,500 w,420.0,1,0,0,0,1,0.25,50.0,0.25 g/l,200.0,10.0,1.3693,10 vol%,,,1025.74 μmol g⁻¹ h⁻¹,1025.74,10.1016/j.ijhydene.2017.11.090,https://doi.org/10.1016/j.ijhydene.2017.11.090,lab scale optimization of various factors for photocatalytic hydrogen generation over low cost cu0.02ti0.98o2-δ photocatalyst under uv/visible irradiation and sunlight,international journal of hydrogen energy,2018.0,rawool et al.,needs_review,catalyst loading calc: 0.25 g/l × 200.0 ml = 50.00 mg; glycerol std: (10.0/100×1261)/92.09 = 1.3693 m; co_catalyst set to 'none': bare semiconductor; doi resolved via crossref api,high,medium,high,high,medium,low,high,0.375,03ed53375016638e,2.7,4.3,3.0,6.0,1.6,0.0,0.0,0.0,0.0,0.0,6.93414401332004
792,g-c3n4,bi2o3,,99.0,,,,nanocomposite,,2.56,g-c3n4/bi2o3,hard-template,,0.0,sonication,,0.0,visible,xe lamp,500.0,500 w,420.0,1,0,0,0,1,0.25,50.0,0.25 g/l,200.0,10.0,1.3693,10 vol%,,,684.06 μmol g⁻¹ h⁻¹,684.06,10.1016/j.ijhydene.2017.11.090,https://doi.org/10.1016/j.ijhydene.2017.11.090,lab scale optimization of various factors for photocatalytic hydrogen generation over low cost cu0.02ti0.98o2-δ photocatalyst under uv/visible irradiation and sunlight,international journal of hydrogen energy,2018.0,rawool et al.,needs_review,catalyst loading calc: 0.25 g/l × 200.0 ml = 50.00 mg; glycerol std: (10.0/100×1261)/92.09 = 1.3693 m; co_catalyst set to 'none': bare semiconductor; doi resolved via crossref api,high,medium,high,high,medium,low,high,0.375,f8c23c1b7f5a3ae4,2.7,4.3,3.0,6.0,1.6,0.0,0.0,0.0,0.0,0.0,6.529506425667212
791,g-c3n4,bi2o3,,99.5,,,,nanocomposite,,2.69,g-c3n4/bi2o3,hard-template,,0.0,sonication,,0.0,visible,xe lamp,500.0,500 w,420.0,1,0,0,0,1,0.25,50.0,0.25 g/l,200.0,10.0,1.3693,10 vol%,,,161.29 μmol g⁻¹ h⁻¹,161.29,10.1016/j.ijhydene.2017.11.090,https://doi.org/10.1016/j.ijhydene.2017.11.090,lab scale optimization of various factors for photocatalytic hydrogen generation over low cost cu0.02ti0.98o2-δ photocatalyst under uv/visible irradiation and sunlight,international journal of hydrogen energy,2018.0,rawool et al.,needs_review,catalyst loading calc: 0.25 g/l × 200.0 ml = 50.00 mg; glycerol std: (10.0/100×1261)/92.09 = 1.3693 m; co_catalyst set to 'none': bare semiconductor; doi resolved via crossref api,high,medium,high,high,medium,low,high,0.375,ffef9c1e586f32ba,2.7,4.3,3.0,6.0,1.6,0.0,0.0,0.0,0.0,0.0,5.089384858327791
790,g-c3n4,,,100.0,,,,nanoparticle,,2.71,g-c3n4,,,0.0,hard-template,,0.0,visible,xe lamp,500.0,500 w,420.0,1,0,0,0,1,0.25,50.0,0.25 g/l,200.0,10.0,1.3693,10 vol%,,,55.35 μmol g⁻¹ h⁻¹,55.35,10.1016/j.ijhydene.2017.11.090,https://doi.org/10.1016/j.ijhydene.2017.11.090,lab scale optimization of various factors for photocatalytic hydrogen generation over low cost cu0.02ti0.98o2-δ photocatalyst under uv/visible irradiation and sunlight,international journal of hydrogen energy,2018.0,rawool et al.,needs_review,catalyst loading calc: 0.25 g/l × 200.0 ml = 50.00 mg; glycerol std: (10.0/100×1261)/92.09 = 1.3693 m; co_catalyst set to 'none': bare semiconductor; doi resolved via crossref api,high,medium,high,high,medium,low,high,0.375,a78db1474878d0a4,2.7,4.3,3.0,6.0,1.6,0.0,0.0,0.0,0.0,0.0,4.031582240485785
789,bi2o3,,,100.0,,,,nanoparticle,,2.5,bi2o3,,,0.0,sol-gel,,0.0,visible,xe lamp,500.0,500 w,420.0,1,0,0,0,1,0.25,50.0,0.25 g/l,200.0,10.0,1.3693,10 vol%,,,24.61 μmol g⁻¹ h⁻¹,24.61,10.1016/j.ijhydene.2017.11.090,https://doi.org/10.1016/j.ijhydene.2017.11.090,lab scale optimization of various factors for photocatalytic hydrogen generation over low cost cu0.02ti0.98o2-δ photocatalyst under uv/visible irradiation and sunlight,international journal of hydrogen energy,2018.0,rawool et al.,needs_review,catalyst loading calc: 0.25 g/l × 200.0 ml = 50.00 mg; glycerol std: (10.0/100×1261)/92.09 = 1.3693 m; co_catalyst unknown - original data did not specify; doi resolved via crossref api,high,medium,high,high,medium,low,high,0.375,3b314a505a1f9996,3.0,4.2,20.0,1.0,5.0,0.0,0.0,0.0,0.0,0.0,3.242982900211434
787,zn2tio4,,,100.0,,,,nanoparticle,,3.0,zn2tio4,,,0.0,solid-state,1000.0,2.0,visible,,,,,0,0,0,0,1,0.2,10.0,0.2 g/l,50.0,5.0,0.6847,5 vol%,25.0,,467 μmol g⁻¹ h⁻¹,467.0,10.1007/s12039-016-1061-9,https://doi.org/10.1007/s12039-016-1061-9,co-catalyst free titanate nanorods for improved hydrogen production under solar light irradiation,journal of chemical sciences,2016.0,reddy et al.,needs_review,catalyst loading calc: 0.2 g/l × 50.0 ml = 10.00 mg; glycerol std: (5.0/100×1261)/92.09 = 0.6847 m; co_catalyst unknown - original data did not specify; doi resolved via crossref api,high,medium,high,low,low,low,high,0.375,722e06540d9d95fc,3.0,4.2,20.0,1.0,5.0,0.0,0.0,0.0,0.0,0.0,6.148468295917647
786,zn2tio4,,,100.0,,,,nanoparticle,,3.0,zn2tio4,,,0.0,solid-state,1000.0,2.0,visible,,,,,0,0,0,0,1,0.2,10.0,0.2 g/l,50.0,5.0,0.6847,5 vol%,25.0,,529 μmol g⁻¹ h⁻¹,529.0,10.1002/smll.202001024,https://doi.org/10.1002/smll.202001024,enhanced photocatalytic h2-production activity of cds quantum dots using sn2+ as cocatalyst under visible light irradiation,,2020.0,xiang et al.,needs_review,catalyst loading calc: 0.2 g/l × 50.0 ml = 10.00 mg; glycerol std: (5.0/100×1261)/92.09 = 0.6847 m; co_catalyst unknown - original data did not specify; doi resolved via crossref api,high,medium,high,low,low,low,high,0.375,9d1c509b71ae89d2,3.0,4.2,20.0,1.0,5.0,0.0,0.0,0.0,0.0,0.0,6.272877006546167
784,zno,,,100.0,,,,nanorod,,3.27,zno,,,0.0,water bath,,0.0,visible,xe lamp,500.0,500 w,420.0,1,0,0,0,1,6.0,60.0,6 g/l,10.0,5.0,0.6847,5 vol%,,,45.62 μmol g⁻¹ h⁻¹,45.62,10.1007/s11051-020-04989-2,https://doi.org/10.1007/s11051-020-04989-2,one-step sol-gel synthesis of pbtio3 nanosheets and photocatalytic enhancement through decoration by platinum,journal of nanoparticle research,2020.0,kadi and m. w. and r. m. mohamed,needs_review,"catalyst loading calc: 6.0 g/l × 10.0 ml = 60.00 mg; glycerol std: (5.0/100×1261)/92.09 = 0.6847 m; co_catalyst set to 'none': bare semiconductor; wavelength_cutoff_nm=420nm inferred (xe lamp, visible cutoff); doi resolved via crossref api",high,medium,high,high,medium,low,high,0.375,d860b18759c04e20,3.37,4.35,8.5,3.0,5.61,0.0,0.0,0.0,0.0,0.0,3.842029633607611
770,zno,zns,,51.0,,,,nanorod,,,zno/zns,water bath,,0.0,sulfidation,,0.0,visible,xe lamp,500.0,500 w,420.0,1,0,0,0,1,30.0,300.0,30 g/l,10.0,7.0,0.9585,7 vol%,,,293.64 μmol g⁻¹ h⁻¹,293.64,10.1016/j.apsusc.2013.07.009,https://doi.org/10.1016/j.apsusc.2013.07.009,"zno/zns–pds core/shell nanorods: synthesis, characterization and application for photocatalytic hydrogen production from a glycerol/water solution",applied surface science,2013.0,liu et al.,needs_review,"catalyst loading calc: 30.0 g/l × 10.0 ml = 300.00 mg; glycerol std: (7.0/100×1261)/92.09 = 0.9585 m; co_catalyst set to 'none': bare semiconductor; wavelength_cutoff_nm=420nm inferred (xe lamp, visible cutoff); doi resolved via crossref api",high,medium,high,high,medium,low,low,0.375,82256d49de4da577,3.37,4.35,8.5,3.0,5.61,0.0,0.0,0.0,0.0,0.0,5.68575427213681
769,zno,zns,,58.0,,,,nanorod,,,zno/zns,water bath,,0.0,sulfidation,,0.0,visible,xe lamp,500.0,500 w,420.0,1,0,0,0,1,30.0,300.0,30 g/l,10.0,7.0,0.9585,7 vol%,,,269.09 μmol g⁻¹ h⁻¹,269.09,10.1016/j.apsusc.2013.07.009,https://doi.org/10.1016/j.apsusc.2013.07.009,"zno/zns–pds core/shell nanorods: synthesis, characterization and application for photocatalytic hydrogen production from a glycerol/water solution",applied surface science,2013.0,liu et al.,needs_review,"catalyst loading calc: 30.0 g/l × 10.0 ml = 300.00 mg; glycerol std: (7.0/100×1261)/92.09 = 0.9585 m; co_catalyst set to 'none': bare semiconductor; wavelength_cutoff_nm=420nm inferred (xe lamp, visible cutoff); doi resolved via crossref api",high,medium,high,high,medium,low,low,0.375,c4e6bce56b180478,3.37,4.35,8.5,3.0,5.61,0.0,0.0,0.0,0.0,0.0,5.598755236788495
768,zno,zns,,63.0,,,,nanorod,,,zno/zns,water bath,,0.0,sulfidation,,0.0,visible,xe lamp,500.0,500 w,420.0,1,0,0,0,1,30.0,300.0,30 g/l,10.0,7.0,0.9585,7 vol%,,,388.4 μmol g⁻¹ h⁻¹,388.4,10.1016/j.apsusc.2013.07.009,https://doi.org/10.1016/j.apsusc.2013.07.009,"zno/zns–pds core/shell nanorods: synthesis, characterization and application for photocatalytic hydrogen production from a glycerol/water solution",applied surface science,2013.0,liu et al.,needs_review,"catalyst loading calc: 30.0 g/l × 10.0 ml = 300.00 mg; glycerol std: (7.0/100×1261)/92.09 = 0.9585 m; co_catalyst set to 'none': bare semiconductor; wavelength_cutoff_nm=420nm inferred (xe lamp, visible cutoff); doi resolved via crossref api",high,medium,high,high,medium,low,low,0.375,2f6b5ab18d2ba435,3.37,4.35,8.5,3.0,5.61,0.0,0.0,0.0,0.0,0.0,5.964607092938099
767,zno,zns,,74.0,,,,nanorod,,,zno/zns,water bath,,0.0,sulfidation,,0.0,visible,xe lamp,500.0,500 w,420.0,1,0,0,0,1,30.0,300.0,30 g/l,10.0,7.0,0.9585,7 vol%,,,313.64 μmol g⁻¹ h⁻¹,313.64,10.1016/j.apsusc.2013.07.009,https://doi.org/10.1016/j.apsusc.2013.07.009,"zno/zns–pds core/shell nanorods: synthesis, characterization and application for photocatalytic hydrogen production from a glycerol/water solution",applied surface science,2013.0,liu et al.,needs_review,"catalyst loading calc: 30.0 g/l × 10.0 ml = 300.00 mg; glycerol std: (7.0/100×1261)/92.09 = 0.9585 m; co_catalyst set to 'none': bare semiconductor; wavelength_cutoff_nm=420nm inferred (xe lamp, visible cutoff); doi resolved via crossref api",high,medium,high,high,medium,low,low,0.375,d6c56c907f8da091,3.37,4.35,8.5,3.0,5.61,0.0,0.0,0.0,0.0,0.0,5.751429128123554
118,tio2,,,100.0,,co,1.0,nanoparticle,anatase-rutile,2.8,1wt%co/tio2,,,0.0,impregnation,400.0,5.0,visible,,,,,0,0,0,0,1,2.0,100.0,2 g/l,50.0,6.0,0.8216,6 vol%,25.0,,10491 μmol g⁻¹ h⁻¹,10491.0,10.1016/j.ijhydene.2013.05.116,https://doi.org/10.1016/j.ijhydene.2013.05.116,cobalt doped tio2: a stable and efficient photocatalyst for continuous hydrogen production from glycerol: water mixtures under solar light irradiation,international journal of hydrogen energy,2013.0,sadanandam et al.,needs_review,catalyst loading calc: 2.0 g/l × 50.0 ml = 100.00 mg; glycerol std: (6.0/100×1261)/92.09 = 0.8216 m; doi resolved via crossref api,high,medium,high,low,low,low,high,0.375,0ad96d23a5ab24f3,3.2,4.21,86.0,1.0,3.89,5.0,-1.17,125.0,1.88,2.0,9.258368340986765
117,tio2,,,100.0,,co,1.0,nanoparticle,anatase-rutile,2.8,1wt%co/tio2,,,0.0,impregnation,400.0,5.0,visible,,,,,0,0,0,0,1,2.0,100.0,2 g/l,50.0,5.0,0.6847,5 vol%,25.0,,11547 μmol g⁻¹ h⁻¹,11547.0,10.1016/j.ijhydene.2013.05.116,https://doi.org/10.1016/j.ijhydene.2013.05.116,cobalt doped tio2: a stable and efficient photocatalyst for continuous hydrogen production from glycerol: water mixtures under solar light irradiation,international journal of hydrogen energy,2013.0,sadanandam et al.,needs_review,catalyst loading calc: 2.0 g/l × 50.0 ml = 100.00 mg; glycerol std: (5.0/100×1261)/92.09 = 0.6847 m; doi resolved via crossref api,high,medium,high,low,low,low,high,0.375,00036ea572c96e60,3.2,4.21,86.0,1.0,3.89,5.0,-1.17,125.0,1.88,2.0,9.354267540782825
116,tio2,,,100.0,,co,1.0,nanoparticle,anatase-rutile,2.8,1wt%co/tio2,,,0.0,impregnation,400.0,5.0,visible,,,,,0,0,0,0,1,2.0,100.0,2 g/l,50.0,4.0,0.5477,4 vol%,25.0,,8853.5 μmol g⁻¹ h⁻¹,8853.5,10.1016/j.ijhydene.2013.05.116,https://doi.org/10.1016/j.ijhydene.2013.05.116,cobalt doped tio2: a stable and efficient photocatalyst for continuous hydrogen production from glycerol: water mixtures under solar light irradiation,international journal of hydrogen energy,2013.0,sadanandam et al.,needs_review,catalyst loading calc: 2.0 g/l × 50.0 ml = 100.00 mg; glycerol std: (4.0/100×1261)/92.09 = 0.5477 m; doi resolved via crossref api,high,medium,high,low,low,low,high,0.375,4eab3472d161b35e,3.2,4.21,86.0,1.0,3.89,5.0,-1.17,125.0,1.88,2.0,9.088681083348854
115,tio2,,,100.0,,co,1.0,nanoparticle,anatase-rutile,2.8,1wt%co/tio2,,,0.0,impregnation,400.0,5.0,visible,,,,,0,0,0,0,1,2.0,100.0,2 g/l,50.0,2.0,0.2739,2 vol%,25.0,,6029.7 μmol g⁻¹ h⁻¹,6029.7,10.1016/j.ijhydene.2013.05.116,https://doi.org/10.1016/j.ijhydene.2013.05.116,cobalt doped tio2: a stable and efficient photocatalyst for continuous hydrogen production from glycerol: water mixtures under solar light irradiation,international journal of hydrogen energy,2013.0,sadanandam et al.,needs_review,catalyst loading calc: 2.0 g/l × 50.0 ml = 100.00 mg; glycerol std: (2.0/100×1261)/92.09 = 0.2739 m; doi resolved via crossref api,high,medium,high,low,low,low,high,0.375,d9083d69028fcd47,3.2,4.21,86.0,1.0,3.89,5.0,-1.17,125.0,1.88,2.0,8.704618369219235
872,ceo2,go,,,1.0,,,nanocomposite,,,ceo2/go,,,0.0,photodeposition,,0.0,visible,xe lamp,150.0,150 w,420.0,1,0,0,0,1,1.0,5.0,1 g/l,5.0,10.0,1.3693,10 vol%,,,20 μmol g⁻¹ h⁻¹,20.0,10.3390/ma16020747,https://doi.org/10.3390/ma16020747,needs_verification,materials,2023.0,"balsamo s, a. et al.",needs_review,"catalyst loading calc: 1.0 g/l × 5.0 ml = 5.00 mg; glycerol std: (10.0/100×1261)/92.09 = 1.3693 m; co_catalyst set to 'none': bare semiconductor; wavelength_cutoff_nm=420nm inferred (xe lamp, visible cutoff)",high,medium,high,high,medium,low,low,0.375,3a03dec740b3d9f5,3.1,4.4,26.0,4.0,7.22,0.0,0.0,0.0,0.0,0.0,3.044522437723423
867,tio2,cunb2o6,,,2.5,,,nanocomposite,anatase,,tio2/cunb2o6,,,0.0,impregnation,,0.0,visible,hg-xe lamp,450.0,450 w,420.0,1,1,0,0,1,0.2,10.0,0.2 g/l,50.0,10.0,1.3693,10 vol%,,,8700 μmol g⁻¹ h⁻¹,8700.0,10.1021/acsaem,https://doi.org/10.1021/acsaem,needs_verification,materials,2023.0,"ravi, p. et al.",needs_review,"catalyst loading calc: 0.2 g/l × 50.0 ml = 10.00 mg; glycerol std: (10.0/100×1261)/92.09 = 1.3693 m; co_catalyst set to 'none': bare semiconductor; wavelength_cutoff_nm=420nm inferred (xe lamp, visible cutoff)",high,medium,high,high,medium,low,low,0.375,2951aaec351c9faf,3.2,4.21,86.0,1.0,3.89,0.0,0.0,0.0,0.0,0.0,9.071193240566025
866,tio2,,,100.0,,,,nanoparticle,anatase,,tio2,,,0.0,,,0.0,visible,hg-xe lamp,450.0,450 w,420.0,1,1,0,0,1,0.1,5.0,0.1 g/l,50.0,10.0,1.3693,10 vol%,,,3000 μmol g⁻¹ h⁻¹,3000.0,10.1016/j.ijhydene.2018.12.095,https://doi.org/10.1016/j.ijhydene.2018.12.095,la-modified tio2/carbon nanotubes assembly nanocomposite for efficient photocatalytic hydrogen evolution from glycerol-water mixture,international journal of hydrogen energy,2019.0,tahir,needs_review,"catalyst loading calc: 0.1 g/l × 50.0 ml = 5.00 mg; glycerol std: (10.0/100×1261)/92.09 = 1.3693 m; co_catalyst set to 'none': bare semiconductor; wavelength_cutoff_nm=420nm inferred (xe lamp, visible cutoff); doi resolved via crossref api",high,medium,high,high,medium,low,low,0.375,ceba2070ff3f9490,3.2,4.21,86.0,1.0,3.89,0.0,0.0,0.0,0.0,0.0,8.006700845440367
865,tio2,,,100.0,,,,nanoparticle,anatase,,tio2,,,0.0,,,0.0,visible,hg-xe lamp,450.0,450 w,420.0,1,1,0,0,1,0.2,10.0,0.2 g/l,50.0,10.0,1.3693,10 vol%,,,3500 μmol g⁻¹ h⁻¹,3500.0,10.1016/j,https://doi.org/10.1016/j,needs_verification,materials,2023.0,"ravi, p. et al.",needs_review,"catalyst loading calc: 0.2 g/l × 50.0 ml = 10.00 mg; glycerol std: (10.0/100×1261)/92.09 = 1.3693 m; co_catalyst set to 'none': bare semiconductor; wavelength_cutoff_nm=420nm inferred (xe lamp, visible cutoff)",high,medium,high,high,medium,low,low,0.375,3a43700a76c91792,3.2,4.21,86.0,1.0,3.89,0.0,0.0,0.0,0.0,0.0,8.160803920954665
864,tio2,,,100.0,,,,nanoparticle,anatase,,tio2,,,0.0,,,0.0,visible,hg-xe lamp,450.0,450 w,420.0,1,1,0,0,1,0.4,20.0,0.4 g/l,50.0,10.0,1.3693,10 vol%,,,3100 μmol g⁻¹ h⁻¹,3100.0,10.1016/j,https://doi.org/10.1016/j,needs_verification,materials,2023.0,"ravi, p. et al.",needs_review,"catalyst loading calc: 0.4 g/l × 50.0 ml = 20.00 mg; glycerol std: (10.0/100×1261)/92.09 = 1.3693 m; co_catalyst set to 'none': bare semiconductor; wavelength_cutoff_nm=420nm inferred (xe lamp, visible cutoff)",high,medium,high,high,medium,low,low,0.375,a36c1ef0b3cf25f5,3.2,4.21,86.0,1.0,3.89,0.0,0.0,0.0,0.0,0.0,8.03947991910045
863,tio2,,,100.0,,,,nanoparticle,anatase,,tio2,,,0.0,,,0.0,visible,hg-xe lamp,450.0,450 w,420.0,1,1,0,0,1,1.0,50.0,1 g/l,50.0,10.0,1.3693,10 vol%,,,3000 μmol g⁻¹ h⁻¹,3000.0,10.1016/j.ijhydene.2018.12.095,https://doi.org/10.1016/j.ijhydene.2018.12.095,la-modified tio2/carbon nanotubes assembly nanocomposite for efficient photocatalytic hydrogen evolution from glycerol-water mixture,international journal of hydrogen energy,2019.0,tahir,needs_review,"catalyst loading calc: 1.0 g/l × 50.0 ml = 50.00 mg; glycerol std: (10.0/100×1261)/92.09 = 1.3693 m; co_catalyst set to 'none': bare semiconductor; wavelength_cutoff_nm=420nm inferred (xe lamp, visible cutoff); doi resolved via crossref api",high,medium,high,high,medium,low,low,0.375,c79dd49a04fb0d11,3.2,4.21,86.0,1.0,3.89,0.0,0.0,0.0,0.0,0.0,8.006700845440367
862,tio2,,,100.0,,,,nanoparticle,anatase,,tio2,,,0.0,,,0.0,visible,hg-xe lamp,450.0,450 w,420.0,1,1,0,0,1,2.0,100.0,2 g/l,50.0,10.0,1.3693,10 vol%,,,2700 μmol g⁻¹ h⁻¹,2700.0,10.1016/j.ijhydene.2014.07.073,https://doi.org/10.1016/j.ijhydene.2014.07.073,experimental design as a tool to study the reaction parameters in hydrogen production from photoinduced reforming of glycerol over cds photocatalyst,international journal of hydrogen energy,2014.0,bastos et al.,needs_review,"catalyst loading calc: 2.0 g/l × 50.0 ml = 100.00 mg; glycerol std: (10.0/100×1261)/92.09 = 1.3693 m; co_catalyst set to 'none': bare semiconductor; wavelength_cutoff_nm=420nm inferred (xe lamp, visible cutoff); doi resolved via crossref api",high,medium,high,high,medium,low,low,0.375,b046cabdaad1daeb,3.2,4.21,86.0,1.0,3.89,0.0,0.0,0.0,0.0,0.0,7.901377353792616
861,tio2,tan,,15.0,,,,nanocomposite,anatase,,tio2/tan,,,0.0,hydrothermal,,0.0,visible,hg-xe lamp,450.0,450 w,420.0,1,1,0,0,1,0.2,10.0,0.2 g/l,50.0,10.0,1.3693,10 vol%,,,15700 μmol g⁻¹ h⁻¹,15700.0,10.1016/j,https://doi.org/10.1016/j,needs_verification,materials,2023.0,"ravi, p. et al.",needs_review,"catalyst loading calc: 0.2 g/l × 50.0 ml = 10.00 mg; glycerol std: (10.0/100×1261)/92.09 = 1.3693 m; co_catalyst set to 'none': bare semiconductor; wavelength_cutoff_nm=420nm inferred (xe lamp, visible cutoff)",high,medium,high,high,medium,low,low,0.375,43dbf52494de29c8,3.2,4.21,86.0,1.0,3.89,0.0,0.0,0.0,0.0,0.0,9.661479683575521
860,tio2,tan,,5.0,,,,nanocomposite,anatase,,tio2/tan,,,0.0,hydrothermal,,0.0,visible,hg-xe lamp,450.0,450 w,420.0,1,1,0,0,1,0.2,10.0,0.2 g/l,50.0,10.0,1.3693,10 vol%,,,14500 μmol g⁻¹ h⁻¹,14500.0,10.1016/j,https://doi.org/10.1016/j,needs_verification,materials,2023.0,"ravi, p. et al.",needs_review,"catalyst loading calc: 0.2 g/l × 50.0 ml = 10.00 mg; glycerol std: (10.0/100×1261)/92.09 = 1.3693 m; co_catalyst set to 'none': bare semiconductor; wavelength_cutoff_nm=420nm inferred (xe lamp, visible cutoff)",high,medium,high,high,medium,low,low,0.375,788fcf0ee09fb306,3.2,4.21,86.0,1.0,3.89,0.0,0.0,0.0,0.0,0.0,9.581972891547895
859,tio2,tan,,10.0,,,,nanocomposite,anatase,,tio2/tan,,,0.0,hydrothermal,,0.0,visible,hg-xe lamp,450.0,450 w,420.0,1,1,0,0,1,0.2,10.0,0.2 g/l,50.0,10.0,1.3693,10 vol%,,,18200 μmol g⁻¹ h⁻¹,18200.0,10.1016/j,https://doi.org/10.1016/j,needs_verification,materials,2023.0,"ravi, p. et al.",needs_review,"catalyst loading calc: 0.2 g/l × 50.0 ml = 10.00 mg; glycerol std: (10.0/100×1261)/92.09 = 1.3693 m; co_catalyst set to 'none': bare semiconductor; wavelength_cutoff_nm=420nm inferred (xe lamp, visible cutoff)",high,medium,high,high,medium,low,low,0.375,ca1f1f317c0856a2,3.2,4.21,86.0,1.0,3.89,0.0,0.0,0.0,0.0,0.0,9.809231816610408
857,tio2,nio,,,7.5,,,nanosheets,anatase,,tio2/nio,hydrothermal,450.0,2.0,impregnation,450.0,2.0,visible,xe lamp,300.0,300 w,420.0,1,0,0,0,1,1.0,10.0,1 g/l,10.0,0.1,0.0137,0.1 vol%,,,8000 μmol g⁻¹ h⁻¹,8000.0,10.1016/j,https://doi.org/10.1016/j,needs_verification,journal of colloid and interface science,2023.0,"eisapour, m. et al.",needs_review,"catalyst loading calc: 1.0 g/l × 10.0 ml = 10.00 mg; glycerol std: (0.1/100×1261)/92.09 = 0.0137 m; co_catalyst set to 'none': bare semiconductor; wavelength_cutoff_nm=420nm inferred (xe lamp, visible cutoff)",high,medium,high,high,medium,low,low,0.375,bc20a82ac816fb8e,3.2,4.21,86.0,1.0,3.89,0.0,0.0,0.0,0.0,0.0,8.987321812850125
856,tio2,nio,,,5.0,,,nanosheets,anatase,,tio2/nio,hydrothermal,450.0,2.0,impregnation,450.0,2.0,visible,xe lamp,300.0,300 w,420.0,1,0,0,0,1,1.0,10.0,1 g/l,10.0,0.1,0.0137,0.1 vol%,,,4000 μmol g⁻¹ h⁻¹,4000.0,10.1016/j,https://doi.org/10.1016/j,needs_verification,journal of colloid and interface science,2023.0,"eisapour, m. et al.",needs_review,"catalyst loading calc: 1.0 g/l × 10.0 ml = 10.00 mg; glycerol std: (0.1/100×1261)/92.09 = 0.0137 m; co_catalyst set to 'none': bare semiconductor; wavelength_cutoff_nm=420nm inferred (xe lamp, visible cutoff)",high,medium,high,high,medium,low,low,0.375,3033e3788edbd270,3.2,4.21,86.0,1.0,3.89,0.0,0.0,0.0,0.0,0.0,8.294299608857235
855,tio2,carbon dot (cd),,,3.0,,,nanocomposite,anatase-rutile,,tio2/carbon dot (cd),,,0.0,hydrothermal,,0.0,visible,xe lamp,300.0,300 w,420.0,1,0,0,0,1,2.0,200.0,2 g/l,100.0,10.0,1.3693,10 vol%,,,330 μmol g⁻¹ h⁻¹,330.0,10.3390/coatings14010131,https://doi.org/10.3390/coatings14010131,needs_verification,nanocomposites: reusable photocatalyst for sustainable h2 production via photoreforming of green organic compounds. coatings,2024.0,"falara p, p. et al.",needs_review,"catalyst loading calc: 2.0 g/l × 100.0 ml = 200.00 mg; glycerol std: (10.0/100×1261)/92.09 = 1.3693 m; co_catalyst set to 'none': bare semiconductor; wavelength_cutoff_nm=420nm inferred (xe lamp, visible cutoff)",high,medium,high,high,medium,low,low,0.375,f54cdf487390031c,3.2,4.21,86.0,1.0,3.89,0.0,0.0,0.0,0.0,0.0,5.802118375377063
854,zno,,,100.0,,,,nanoparticle,,,zno,,,0.0,,,0.0,visible,xe lamp,300.0,300 w,365.0,1,0,0,0,1,0.3,24.0,0.3 g/l,80.0,10.0,1.3693,10 vol%,,,10200 μmol g⁻¹ h⁻¹,10200.0,10.2495/esus170321,https://doi.org/10.2495/esus170321,an experimental study of the photocatalytic hydrogen production in the laboratory-scale set-up depending on the process conditions,,2017.0,stelmachowski and k. bednarczyk and m. gmurek,needs_review,catalyst loading calc: 0.3 g/l × 80.0 ml = 24.00 mg; glycerol std: (10.0/100×1261)/92.09 = 1.3693 m; co_catalyst set to 'none': bare semiconductor; doi resolved via crossref api,high,medium,high,high,medium,low,low,0.375,02148559d778042f,3.37,4.35,8.5,3.0,5.61,0.0,0.0,0.0,0.0,0.0,9.23024103368252
853,sral2o4,ag2o,,96.0,,,,nanocomposite,,2.64,sral2o4/ag2o,sol-gel,,0.0,impregnation,,0.0,visible,xe lamp,,,420.0,1,0,0,0,1,1.2,120.0,1.2 g/l,100.0,10.0,1.3693,10 vol%,25.0,,288.88 μmol g⁻¹ h⁻¹,288.88,10.1016/j.renene.2020.05.168,https://doi.org/10.1016/j.renene.2020.05.168,rational design of ru(ii)-phenanthroline complex embedded porous tio2 photocatalyst for efficient hydrogen production,international journal of hydrogen energy,2020.0,gonuguntla et al.,needs_review,catalyst loading calc: 1.2 g/l × 100.0 ml = 120.00 mg; glycerol std: (10.0/100×1261)/92.09 = 1.3693 m; co_catalyst set to 'none': bare semiconductor; doi resolved via crossref api,high,medium,high,high,medium,low,high,0.375,8477c024089aea98,5.8,1.5,9.8,5.0,3.5,0.0,0.0,0.0,0.0,0.0,5.669467044241081
532,la0.2na0.98tao3,,,100.0,,pt,1.5,nanoparticle,,3.89,1.5wt%pt/la0.2na0.98tao3,sol-gel,450.0,4.0,photodeposition,,0.0,uv,xe lamp,500.0,500 w,,1,0,0,1,0,2.0,400.0,2 g/l,200.0,10.0,1.3693,10 vol%,,,200.39 μmol g⁻¹ h⁻¹,200.39,10.1016/j.ijhydene.2017.04.239,https://doi.org/10.1016/j.ijhydene.2017.04.239,photocatalytic h2 production from glycerol–water mixtures over ni/γ-al2o3 and tio2 composite systems,international journal of hydrogen energy,2017.0,gullapelli and s. m. s. scurrell and d. k. valluri,needs_review,catalyst loading calc: 2.0 g/l × 200.0 ml = 400.00 mg; glycerol std: (10.0/100×1261)/92.09 = 1.3693 m; doi resolved via crossref api,high,medium,high,high,low,low,high,0.375,67e56646ab31437f,4.0,3.5,45.0,7.0,7.8,5.65,-2.25,139.0,2.28,5.0,5.30524332661877
531,la0.2na0.98tao3,,,100.0,,pt,1.5,nanoparticle,,3.89,1.5wt%pt/la0.2na0.98tao3,sol-gel,450.0,4.0,photodeposition,,0.0,uv,xe lamp,500.0,500 w,,1,0,0,1,0,1.5,300.0,1.5 g/l,200.0,10.0,1.3693,10 vol%,,,138.73 μmol g⁻¹ h⁻¹,138.73,10.1016/j.ijhydene.2017.04.239,https://doi.org/10.1016/j.ijhydene.2017.04.239,photocatalytic h2 production from glycerol–water mixtures over ni/γ-al2o3 and tio2 composite systems,international journal of hydrogen energy,2017.0,gullapelli and s. m. s. scurrell and d. k. valluri,needs_review,catalyst loading calc: 1.5 g/l × 200.0 ml = 300.00 mg; glycerol std: (10.0/100×1261)/92.09 = 1.3693 m; doi resolved via crossref api,high,medium,high,high,low,low,high,0.375,1d9152ef3f95d1b1,4.0,3.5,45.0,7.0,7.8,5.65,-2.25,139.0,2.28,5.0,4.939711989092356
530,la0.2na0.98tao3,,,100.0,,pt,1.5,nanoparticle,,3.89,1.5wt%pt/la0.2na0.98tao3,sol-gel,450.0,4.0,photodeposition,,0.0,uv,xe lamp,500.0,500 w,,1,0,0,1,0,1.0,200.0,1 g/l,200.0,10.0,1.3693,10 vol%,,,104.05 μmol g⁻¹ h⁻¹,104.05,10.1016/j.ijhydene.2017.04.239,https://doi.org/10.1016/j.ijhydene.2017.04.239,photocatalytic h2 production from glycerol–water mixtures over ni/γ-al2o3 and tio2 composite systems,international journal of hydrogen energy,2017.0,gullapelli and s. m. s. scurrell and d. k. valluri,needs_review,catalyst loading calc: 1.0 g/l × 200.0 ml = 200.00 mg; glycerol std: (10.0/100×1261)/92.09 = 1.3693 m; doi resolved via crossref api,high,medium,high,high,low,low,high,0.375,5e59b04be1e4b0ae,4.0,3.5,45.0,7.0,7.8,5.65,-2.25,139.0,2.28,5.0,4.654436427291009
529,la0.2na0.98tao3,,,100.0,,pt,1.5,nanoparticle,,3.89,1.5wt%pt/la0.2na0.98tao3,sol-gel,450.0,4.0,photodeposition,,0.0,uv,xe lamp,500.0,500 w,,1,0,0,1,0,0.5,100.0,0.5 g/l,200.0,10.0,1.3693,10 vol%,,,65.51 μmol g⁻¹ h⁻¹,65.51,10.1016/j.ijhydene.2017.04.239,https://doi.org/10.1016/j.ijhydene.2017.04.239,photocatalytic h2 production from glycerol–water mixtures over ni/γ-al2o3 and tio2 composite systems,international journal of hydrogen energy,2017.0,gullapelli and s. m. s. scurrell and d. k. valluri,needs_review,catalyst loading calc: 0.5 g/l × 200.0 ml = 100.00 mg; glycerol std: (10.0/100×1261)/92.09 = 1.3693 m; doi resolved via crossref api,high,medium,high,high,low,low,high,0.375,e25e24d3e82f4286,4.0,3.5,45.0,7.0,7.8,5.65,-2.25,139.0,2.28,5.0,4.19735231229633
528,la0.2na0.98tao3,,,100.0,,pt,2.0,nanoparticle,,3.88,2wt%pt/la0.2na0.98tao3,sol-gel,450.0,4.0,photodeposition,,0.0,uv,xe lamp,500.0,500 w,,1,0,0,1,0,0.25,50.0,0.25 g/l,200.0,10.0,1.3693,10 vol%,,,151.3 μmol g⁻¹ h⁻¹,151.3,10.1016/j.ijhydene.2017.04.239,https://doi.org/10.1016/j.ijhydene.2017.04.239,photocatalytic h2 production from glycerol–water mixtures over ni/γ-al2o3 and tio2 composite systems,international journal of hydrogen energy,2017.0,gullapelli and s. m. s. scurrell and d. k. valluri,needs_review,catalyst loading calc: 0.25 g/l × 200.0 ml = 50.00 mg; glycerol std: (10.0/100×1261)/92.09 = 1.3693 m; doi resolved via crossref api,high,medium,high,high,low,low,high,0.375,c00b10f38f150e28,4.0,3.5,45.0,7.0,7.8,5.65,-2.25,139.0,2.28,5.0,5.025852259901116
527,la0.2na0.98tao3,,,100.0,,pt,1.5,nanoparticle,,3.89,1.5wt%pt/la0.2na0.98tao3,sol-gel,450.0,4.0,photodeposition,,0.0,uv,xe lamp,500.0,500 w,,1,0,0,1,0,0.25,50.0,0.25 g/l,200.0,10.0,1.3693,10 vol%,,,150 μmol g⁻¹ h⁻¹,150.0,10.1016/j.ijhydene.2017.04.239,https://doi.org/10.1016/j.ijhydene.2017.04.239,photocatalytic h2 production from glycerol–water mixtures over ni/γ-al2o3 and tio2 composite systems,international journal of hydrogen energy,2017.0,gullapelli and s. m. s. scurrell and d. k. valluri,needs_review,catalyst loading calc: 0.25 g/l × 200.0 ml = 50.00 mg; glycerol std: (10.0/100×1261)/92.09 = 1.3693 m; doi resolved via crossref api,high,medium,high,high,low,low,high,0.375,82d82c910861819b,4.0,3.5,45.0,7.0,7.8,5.65,-2.25,139.0,2.28,5.0,5.017279836814924
526,la0.2na0.98tao3,,,100.0,,pt,1.0,nanoparticle,,3.97,1wt%pt/la0.2na0.98tao3,sol-gel,450.0,4.0,photodeposition,,0.0,uv,xe lamp,500.0,500 w,,1,0,0,1,0,0.25,50.0,0.25 g/l,200.0,10.0,1.3693,10 vol%,,,86.16 μmol g⁻¹ h⁻¹,86.16,10.1016/j.ijhydene.2017.04.239,https://doi.org/10.1016/j.ijhydene.2017.04.239,photocatalytic h2 production from glycerol–water mixtures over ni/γ-al2o3 and tio2 composite systems,international journal of hydrogen energy,2017.0,gullapelli and s. m. s. scurrell and d. k. valluri,needs_review,catalyst loading calc: 0.25 g/l × 200.0 ml = 50.00 mg; glycerol std: (10.0/100×1261)/92.09 = 1.3693 m; doi resolved via crossref api,high,medium,high,high,low,low,high,0.375,b2ddba83597578ca,4.0,3.5,45.0,7.0,7.8,5.65,-2.25,139.0,2.28,5.0,4.467745510076419
883,tio2,,,100.0,,,,nanoparticle,anatase-rutile,,tio2,,,0.0,,,0.0,uv,,,,,0,0,0,1,0,0.5,1.0,0.5 g/l,2.0,10.0,1.3693,10 vol%,25.0,,93 μmol g⁻¹ h⁻¹,93.0,10.1016/j,https://doi.org/10.1016/j,needs_verification,energy conversion and management,2023.0,"zhang, j. et al.",needs_review,catalyst loading calc: 0.5 g/l × 2.0 ml = 1.00 mg; glycerol std: (10.0/100×1261)/92.09 = 1.3693 m; co_catalyst set to 'none': bare semiconductor,high,medium,high,low,low,low,low,0.375,b4cfb42801bedebb,3.2,4.21,86.0,1.0,3.89,0.0,0.0,0.0,0.0,0.0,4.543294782270004
880,wo3,,,100.0,,,,nanocomposite,,2.76,wo3,,,0.0,sol-gel,,0.0,visible,xe lamp,500.0,500 w,420.0,1,0,0,0,1,1.0,200.0,1 g/l,200.0,10.0,1.3693,10 vol%,,,198.68 μmol g⁻¹ h⁻¹,198.68,needs_verification,,needs_verification,,2024.0,"soha, m. et al.",needs_review,"catalyst loading calc: 1.0 g/l × 200.0 ml = 200.00 mg; glycerol std: (10.0/100×1261)/92.09 = 1.3693 m; co_catalyst set to 'none': bare semiconductor; wavelength_cutoff_nm=420nm inferred (xe lamp, visible cutoff)",high,medium,high,high,medium,low,high,0.375,9bab896c9cfacde5,2.7,5.24,42.0,5.0,7.16,0.0,0.0,0.0,0.0,0.0,5.296716085181063
879,tio2,,,100.0,,,,nanocomposite,,3.1,tio2,,,0.0,photodeposition,,0.0,uv,hg lamp,150.0,150 w,365.0,0,1,0,1,0,0.5,5.0,0.5 g/l,10.0,10.0,1.3693,10 vol%,,,1670 μmol g⁻¹ h⁻¹,1670.0,10.1016/j,https://doi.org/10.1016/j,needs_verification,molecular catalysis,2023.0,"balsamo s, a. et al.",needs_review,catalyst loading calc: 0.5 g/l × 10.0 ml = 5.00 mg; glycerol std: (10.0/100×1261)/92.09 = 1.3693 m; co_catalyst set to 'none': bare semiconductor,high,medium,high,high,medium,low,high,0.375,aa0c6401a1a7b891,3.2,4.21,86.0,1.0,3.89,0.0,0.0,0.0,0.0,0.0,7.421177528595393
878,tio2,go,,,,,,nanocomposite,,2.6,tio2/go,,,0.0,photodeposition,,0.0,uv,hg lamp,150.0,150 w,365.0,0,1,0,1,0,0.5,5.0,0.5 g/l,10.0,10.0,1.3693,10 vol%,,,4830 μmol g⁻¹ h⁻¹,4830.0,10.1016/j,https://doi.org/10.1016/j,needs_verification,molecular catalysis,2023.0,"balsamo s, a. et al.",needs_review,catalyst loading calc: 0.5 g/l × 10.0 ml = 5.00 mg; glycerol std: (10.0/100×1261)/92.09 = 1.3693 m; co_catalyst set to 'none': bare semiconductor,high,medium,high,high,medium,low,high,0.375,f51dbdbb94e0aedb,3.2,4.21,86.0,1.0,3.89,0.0,0.0,0.0,0.0,0.0,8.482808764554406
877,tio2,rgo,,,1.0,,,nanocomposite,,2.8,tio2/rgo,,,0.0,photodeposition,,0.0,uv,hg lamp,150.0,150 w,365.0,0,1,0,1,0,0.5,5.0,0.5 g/l,10.0,10.0,1.3693,10 vol%,,,14000 μmol g⁻¹ h⁻¹,14000.0,10.1016/j.apcatb.2017.03.016,https://doi.org/10.1016/j.apcatb.2017.03.016,photocatalytic valorization of glycerol to hydrogen: optimization of operating parameters by artificial neural network,applied catalysis b: environmental,2017.0,estahbanati et al.,needs_review,catalyst loading calc: 0.5 g/l × 10.0 ml = 5.00 mg; glycerol std: (10.0/100×1261)/92.09 = 1.3693 m; co_catalyst set to 'none': bare semiconductor; doi resolved via crossref api,high,medium,high,high,medium,low,high,0.375,c67311e79ed4465a,3.2,4.21,86.0,1.0,3.89,0.0,0.0,0.0,0.0,0.0,9.546884034617925
876,tio2,,,100.0,,,,nanocomposite,,3.1,tio2,,,0.0,photodeposition,,0.0,visible,xe lamp,150.0,150 w,420.0,1,0,0,0,1,1.0,5.0,1 g/l,5.0,10.0,1.3693,10 vol%,,,200 μmol g⁻¹ h⁻¹,200.0,10.1016/j,https://doi.org/10.1016/j,needs_verification,international journal of hydrogen energy,2022.0,"zhong, w. et al.",needs_review,"catalyst loading calc: 1.0 g/l × 5.0 ml = 5.00 mg; glycerol std: (10.0/100×1261)/92.09 = 1.3693 m; co_catalyst set to 'none': bare semiconductor; wavelength_cutoff_nm=420nm inferred (xe lamp, visible cutoff)",high,medium,high,high,medium,low,high,0.375,35ac0b09e02f12e0,3.2,4.21,86.0,1.0,3.89,0.0,0.0,0.0,0.0,0.0,5.303304908059076
875,tio2,go,,,1.0,,,nanocomposite,,2.6,tio2/go,,,0.0,photodeposition,,0.0,visible,xe lamp,150.0,150 w,420.0,1,0,0,0,1,1.0,5.0,1 g/l,5.0,10.0,1.3693,10 vol%,,,350 μmol g⁻¹ h⁻¹,350.0,10.1016/j,https://doi.org/10.1016/j,needs_verification,international journal of hydrogen energy,2022.0,"zhong, w. et al.",needs_review,"catalyst loading calc: 1.0 g/l × 5.0 ml = 5.00 mg; glycerol std: (10.0/100×1261)/92.09 = 1.3693 m; co_catalyst set to 'none': bare semiconductor; wavelength_cutoff_nm=420nm inferred (xe lamp, visible cutoff)",high,medium,high,high,medium,low,high,0.375,c18935fd9263766e,3.2,4.21,86.0,1.0,3.89,0.0,0.0,0.0,0.0,0.0,5.860786223465865
874,tio2,rgo,,,1.0,,,nanocomposite,,2.8,tio2/rgo,,,0.0,photodeposition,,0.0,visible,xe lamp,150.0,150 w,420.0,1,0,0,0,1,1.0,5.0,1 g/l,5.0,10.0,1.3693,10 vol%,,,350 μmol g⁻¹ h⁻¹,350.0,10.1016/j,https://doi.org/10.1016/j,needs_verification,international journal of hydrogen energy,2022.0,"zhong, w. et al.",needs_review,"catalyst loading calc: 1.0 g/l × 5.0 ml = 5.00 mg; glycerol std: (10.0/100×1261)/92.09 = 1.3693 m; co_catalyst set to 'none': bare semiconductor; wavelength_cutoff_nm=420nm inferred (xe lamp, visible cutoff)",high,medium,high,high,medium,low,high,0.375,f1ba52f2b9a8c23d,3.2,4.21,86.0,1.0,3.89,0.0,0.0,0.0,0.0,0.0,5.860786223465865
873,ceo2,,,100.0,,,,nanocomposite,,,ceo2,,,0.0,photodeposition,,0.0,visible,xe lamp,150.0,150 w,420.0,1,0,0,0,1,1.0,5.0,1 g/l,5.0,10.0,1.3693,10 vol%,,,5 μmol g⁻¹ h⁻¹,5.0,10.1016/j.ijhydene.2018.12.095,https://doi.org/10.1016/j.ijhydene.2018.12.095,la-modified tio2/carbon nanotubes assembly nanocomposite for efficient photocatalytic hydrogen evolution from glycerol-water mixture,international journal of hydrogen energy,2019.0,tahir,needs_review,"catalyst loading calc: 1.0 g/l × 5.0 ml = 5.00 mg; glycerol std: (10.0/100×1261)/92.09 = 1.3693 m; co_catalyst set to 'none': bare semiconductor; wavelength_cutoff_nm=420nm inferred (xe lamp, visible cutoff); doi resolved via crossref api",high,medium,high,high,medium,low,low,0.375,0643d23c5cc56f9a,3.1,4.4,26.0,4.0,7.22,0.0,0.0,0.0,0.0,0.0,1.791759469228055
195,tio2,rgo,,96.0,,cu,0.5,nanoparticle,anatase,,0.5wt%cu/tio2/rgo,hydrothermal,,0.0,impregnation,,0.0,visible,,,,,0,0,0,0,1,,,,50.0,5.0,0.6847,5 vol%,25.0,,38986 μmol g⁻¹ h⁻¹,38986.0,10.1016/j.apsusc.2018.01.282,https://doi.org/10.1016/j.apsusc.2018.01.282,facile construction of ternary cufe2o4-tio2 nanocomposite supported reduced graphene oxide (rgo) photocatalysts for the efficient hydrogen production,applied surface science,2018.0,hafeez et al.,needs_review,glycerol std: (5.0/100×1261)/92.09 = 0.6847 m; doi resolved via crossref api,high,low,high,low,low,low,low,0.25,386f17bca8716e75,3.2,4.21,86.0,1.0,3.89,4.65,-2.67,128.0,1.9,2.0,10.570983536210546
196,tio2,rgo,,96.0,,cu,0.5,nanoparticle,anatase,,0.5wt%cu/tio2/rgo,hydrothermal,,0.0,impregnation,,0.0,visible,,,,,0,0,0,0,1,,,,50.0,10.0,1.3693,10 vol%,25.0,,45236 μmol g⁻¹ h⁻¹,45236.0,10.1016/j.apsusc.2018.01.282,https://doi.org/10.1016/j.apsusc.2018.01.282,facile construction of ternary cufe2o4-tio2 nanocomposite supported reduced graphene oxide (rgo) photocatalysts for the efficient hydrogen production,applied surface science,2018.0,hafeez et al.,needs_review,glycerol std: (10.0/100×1261)/92.09 = 1.3693 m; doi resolved via crossref api,high,low,high,low,low,low,low,0.25,cb9f895ce5988c39,3.2,4.21,86.0,1.0,3.89,4.65,-2.67,128.0,1.9,2.0,10.719670615033905
197,tio2,rgo,,96.0,,cu,0.5,nanoparticle,anatase,,0.5wt%cu/tio2/rgo,hydrothermal,,0.0,impregnation,,0.0,visible,,,,,0,0,0,0,1,,,,50.0,15.0,2.054,15 vol%,25.0,,46269 μmol g⁻¹ h⁻¹,46269.0,10.1016/j.apsusc.2018.01.282,https://doi.org/10.1016/j.apsusc.2018.01.282,facile construction of ternary cufe2o4-tio2 nanocomposite supported reduced graphene oxide (rgo) photocatalysts for the efficient hydrogen production,applied surface science,2018.0,hafeez et al.,needs_review,glycerol std: (15.0/100×1261)/92.09 = 2.0540 m; doi resolved via crossref api,high,low,high,low,low,low,low,0.25,c01af541abbf0e45,3.2,4.21,86.0,1.0,3.89,4.65,-2.67,128.0,1.9,2.0,10.742249081901045
199,tio2,rgo,,96.0,,cu,0.5,nanoparticle,anatase,,0.5wt%cu/tio2/rgo,hydrothermal,,0.0,impregnation,,0.0,visible,,,,,0,0,0,0,1,,,,50.0,25.0,3.4233,25 vol%,25.0,,46630 μmol g⁻¹ h⁻¹,46630.0,10.1016/j.apsusc.2018.01.282,https://doi.org/10.1016/j.apsusc.2018.01.282,facile construction of ternary cufe2o4-tio2 nanocomposite supported reduced graphene oxide (rgo) photocatalysts for the efficient hydrogen production,applied surface science,2018.0,hafeez et al.,needs_review,glycerol std: (25.0/100×1261)/92.09 = 3.4233 m; doi resolved via crossref api,high,low,high,low,low,low,low,0.25,e36fb18638dcb132,3.2,4.21,86.0,1.0,3.89,4.65,-2.67,128.0,1.9,2.0,10.750020834993819
198,tio2,rgo,,96.0,,cu,0.5,nanoparticle,anatase,,0.5wt%cu/tio2/rgo,hydrothermal,,0.0,impregnation,,0.0,visible,,,,,0,0,0,0,1,,,,50.0,20.0,2.7386,20 vol%,25.0,,48000 μmol g⁻¹ h⁻¹,48000.0,10.1016/j.apsusc.2018.01.282,https://doi.org/10.1016/j.apsusc.2018.01.282,facile construction of ternary cufe2o4-tio2 nanocomposite supported reduced graphene oxide (rgo) photocatalysts for the efficient hydrogen production,applied surface science,2018.0,hafeez et al.,needs_review,glycerol std: (20.0/100×1261)/92.09 = 2.7386 m; doi resolved via crossref api,high,low,high,low,low,low,low,0.25,a0d90168a51cbf28,3.2,4.21,86.0,1.0,3.89,4.65,-2.67,128.0,1.9,2.0,10.778977123006351
213,tio2,,,100.0,,fe,0.5,nanocomposite,anatase-rutile,2.98,0.5wt%fe/tio2,,,0.0,impregnation,450.0,4.0,visible,,,,,0,0,0,0,1,0.2,10.0,0.2 g/l,50.0,10.0,1.3693,10 vol%,,,1493.3 μmol g⁻¹ h⁻¹,1493.3,10.1016/j.ijhydene.2016.10.131,https://doi.org/10.1016/j.ijhydene.2016.10.131,highly stabilized ag2o-loaded nano tio2 for hydrogen production from glycerol: water mixtures under solar light irradiation,international journal of hydrogen energy,2017.0,sadanandam and d. k. valluri and m. s. scurrell,needs_review,catalyst loading calc: 0.2 g/l × 50.0 ml = 10.00 mg; glycerol std: (10.0/100×1261)/92.09 = 1.3693 m; doi resolved via crossref api,high,medium,high,low,low,low,high,0.25,4a8193b74cdf8243,3.2,4.21,86.0,1.0,3.89,4.67,-0.92,126.0,1.83,1.0,7.309413148747347
214,tio2,,,100.0,,fe,1.0,nanocomposite,anatase-rutile,2.91,1wt%fe/tio2,,,0.0,impregnation,450.0,4.0,visible,,,,,0,0,0,0,1,0.2,10.0,0.2 g/l,50.0,10.0,1.3693,10 vol%,,,2089.3 μmol g⁻¹ h⁻¹,2089.3,10.1016/j.ijhydene.2016.10.131,https://doi.org/10.1016/j.ijhydene.2016.10.131,highly stabilized ag2o-loaded nano tio2 for hydrogen production from glycerol: water mixtures under solar light irradiation,international journal of hydrogen energy,2017.0,sadanandam and d. k. valluri and m. s. scurrell,needs_review,catalyst loading calc: 0.2 g/l × 50.0 ml = 10.00 mg; glycerol std: (10.0/100×1261)/92.09 = 1.3693 m; doi resolved via crossref api,high,medium,high,low,low,low,high,0.25,92b8c060ecb9ea77,3.2,4.21,86.0,1.0,3.89,4.67,-0.92,126.0,1.83,1.0,7.645062875327737
89,tio2,,,100.0,,au,1.0,nanobelt,,3.3,1wt%au/tio2,hydrothermal,500.0,3.0,photodeposition,,0.0,visible,xe lamp,300.0,300 w,420.0,1,0,0,0,1,,,,50.0,10.0,1.3693,10 vol%,,,22.7 μmol g⁻¹ h⁻¹,22.7,10.1016/j,https://doi.org/10.1016/j,needs_verification,international journal of hydrogen energy,2023.0,"zhao, h. et al.",ok,"glycerol std: (10.0/100×1261)/92.09 = 1.3693 m; wavelength_cutoff_nm=420nm inferred (xe lamp, visible cutoff)",high,low,high,high,medium,low,high,0.25,471fb090ca602c08,3.2,4.21,86.0,1.0,3.89,5.1,-3.56,144.0,2.54,5.0,3.1654750481410856
215,tio2,,,100.0,,fe,2.0,nanocomposite,anatase-rutile,2.84,2wt%fe/tio2,,,0.0,impregnation,450.0,4.0,visible,,,,,0,0,0,0,1,0.2,10.0,0.2 g/l,50.0,10.0,1.3693,10 vol%,,,2820 μmol g⁻¹ h⁻¹,2820.0,10.1016/j.ijhydene.2016.10.131,https://doi.org/10.1016/j.ijhydene.2016.10.131,highly stabilized ag2o-loaded nano tio2 for hydrogen production from glycerol: water mixtures under solar light irradiation,international journal of hydrogen energy,2017.0,sadanandam and d. k. valluri and m. s. scurrell,needs_review,catalyst loading calc: 0.2 g/l × 50.0 ml = 10.00 mg; glycerol std: (10.0/100×1261)/92.09 = 1.3693 m; doi resolved via crossref api,high,medium,high,low,low,low,high,0.25,c7134e39f102c442,3.2,4.21,86.0,1.0,3.89,4.67,-0.92,126.0,1.83,1.0,7.944846711001996
216,tio2,,,100.0,,fe,3.0,nanocomposite,anatase-rutile,2.78,3wt%fe/tio2,,,0.0,impregnation,450.0,4.0,visible,,,,,0,0,0,0,1,0.2,10.0,0.2 g/l,50.0,10.0,1.3693,10 vol%,,,2397.3 μmol g⁻¹ h⁻¹,2397.3,10.1016/j.ijhydene.2016.10.131,https://doi.org/10.1016/j.ijhydene.2016.10.131,highly stabilized ag2o-loaded nano tio2 for hydrogen production from glycerol: water mixtures under solar light irradiation,international journal of hydrogen energy,2017.0,sadanandam and d. k. valluri and m. s. scurrell,needs_review,catalyst loading calc: 0.2 g/l × 50.0 ml = 10.00 mg; glycerol std: (10.0/100×1261)/92.09 = 1.3693 m; doi resolved via crossref api,high,medium,high,low,low,low,high,0.25,83384f8cc1c5b7f9,3.2,4.21,86.0,1.0,3.89,4.67,-0.92,126.0,1.83,1.0,7.78251543201612
88,tio2,,,100.0,,au,1.0,nanoflower,anatase-rutile,2.85,1wt%au/tio2,hydrothermal,,0.0,photodeposition,,0.0,visible,xe lamp,300.0,300 w,420.0,1,0,0,0,1,,,,50.0,10.0,1.3693,10 vol%,,,144.8 μmol g⁻¹ h⁻¹,144.8,10.1016/j,https://doi.org/10.1016/j,needs_verification,international journal of hydrogen energy,2023.0,"zhao, h. et al.",ok,"glycerol std: (10.0/100×1261)/92.09 = 1.3693 m; wavelength_cutoff_nm=420nm inferred (xe lamp, visible cutoff)",high,low,high,high,medium,low,high,0.25,afd8a7d7dff190db,3.2,4.21,86.0,1.0,3.89,5.1,-3.56,144.0,2.54,5.0,4.982235819574558
91,tio2,,,100.0,,au,1.0,nanotube,,3.41,1wt%au/tio2,hydrothermal,300.0,3.0,photodeposition,,0.0,visible,xe lamp,300.0,300 w,420.0,1,0,0,0,1,,,,50.0,10.0,1.3693,10 vol%,,,17.2 μmol g⁻¹ h⁻¹,17.2,10.1016/j,https://doi.org/10.1016/j,needs_verification,international journal of hydrogen energy,2023.0,"zhao, h. et al.",ok,"glycerol std: (10.0/100×1261)/92.09 = 1.3693 m; wavelength_cutoff_nm=420nm inferred (xe lamp, visible cutoff)",high,low,high,high,medium,low,high,0.25,99ba20bb3e7dcc5b,3.2,4.21,86.0,1.0,3.89,5.1,-3.56,144.0,2.54,5.0,2.9014215940827497
90,tio2,,,100.0,,au,1.0,nanosheets,,3.31,1wt%au/tio2,hydrothermal,,0.0,photodeposition,,0.0,visible,xe lamp,300.0,300 w,420.0,1,0,0,0,1,,,,50.0,10.0,1.3693,10 vol%,,,8.2 μmol g⁻¹ h⁻¹,8.2,10.1016/j,https://doi.org/10.1016/j,needs_verification,international journal of hydrogen energy,2023.0,"zhao, h. et al.",ok,"glycerol std: (10.0/100×1261)/92.09 = 1.3693 m; wavelength_cutoff_nm=420nm inferred (xe lamp, visible cutoff)",high,low,high,high,medium,low,high,0.25,f69c4d5c8b0cbbd3,3.2,4.21,86.0,1.0,3.89,5.1,-3.56,144.0,2.54,5.0,2.2192034840549946
229,tio2,g-c3n4,,90.0,,fe,1.0,nanocomposite,anatase-rutile,2.58,1wt%fe/tio2/g-c3n4,impregnation,450.0,4.0,solid-state,,0.0,visible,,,,,0,0,0,0,1,0.4,20.0,0.4 g/l,50.0,10.0,1.3693,10 vol%,,,3526.7 μmol g⁻¹ h⁻¹,3526.7,10.1016/j.ijhydene.2016.10.131,https://doi.org/10.1016/j.ijhydene.2016.10.131,highly stabilized ag2o-loaded nano tio2 for hydrogen production from glycerol: water mixtures under solar light irradiation,international journal of hydrogen energy,2017.0,sadanandam and d. k. valluri and m. s. scurrell,needs_review,catalyst loading calc: 0.4 g/l × 50.0 ml = 20.00 mg; glycerol std: (10.0/100×1261)/92.09 = 1.3693 m; doi resolved via crossref api,high,medium,high,low,low,low,high,0.25,c92adb3a82881a2c,3.2,4.21,86.0,1.0,3.89,4.67,-0.92,126.0,1.83,1.0,8.16840137949748
230,tio2,g-c3n4,,90.0,,fe,1.0,nanocomposite,anatase-rutile,2.58,1wt%fe/tio2/g-c3n4,impregnation,450.0,4.0,solid-state,,0.0,visible,,,,,0,0,0,0,1,1.0,50.0,1 g/l,50.0,10.0,1.3693,10 vol%,,,2505.8 μmol g⁻¹ h⁻¹,2505.8,10.1016/j.ijhydene.2016.10.131,https://doi.org/10.1016/j.ijhydene.2016.10.131,highly stabilized ag2o-loaded nano tio2 for hydrogen production from glycerol: water mixtures under solar light irradiation,international journal of hydrogen energy,2017.0,sadanandam and d. k. valluri and m. s. scurrell,needs_review,catalyst loading calc: 1.0 g/l × 50.0 ml = 50.00 mg; glycerol std: (10.0/100×1261)/92.09 = 1.3693 m; doi resolved via crossref api,high,medium,high,low,low,low,high,0.25,3a6de1dbbbba307e,3.2,4.21,86.0,1.0,3.89,4.67,-0.92,126.0,1.83,1.0,7.826762318350521
224,tio2,g-c3n4,,90.0,,fe,1.0,nanocomposite,anatase-rutile,2.58,1wt%fe/tio2/g-c3n4,impregnation,450.0,4.0,solid-state,,0.0,visible,,,,,0,0,0,0,1,0.2,10.0,0.2 g/l,50.0,1.0,0.1369,1 vol%,,,1532.3 μmol g⁻¹ h⁻¹,1532.3,10.1016/j.ijhydene.2016.10.131,https://doi.org/10.1016/j.ijhydene.2016.10.131,highly stabilized ag2o-loaded nano tio2 for hydrogen production from glycerol: water mixtures under solar light irradiation,international journal of hydrogen energy,2017.0,sadanandam and d. k. valluri and m. s. scurrell,needs_review,catalyst loading calc: 0.2 g/l × 50.0 ml = 10.00 mg; glycerol std: (1.0/100×1261)/92.09 = 0.1369 m; doi resolved via crossref api,high,medium,high,low,low,low,high,0.25,00ba5caf4204cb4b,3.2,4.21,86.0,1.0,3.89,4.67,-0.92,126.0,1.83,1.0,7.335177554442343
217,tio2,,,100.0,,fe,5.0,nanocomposite,anatase-rutile,2.35,5wt%fe/tio2,,,0.0,impregnation,450.0,4.0,visible,,,,,0,0,0,0,1,0.2,10.0,0.2 g/l,50.0,10.0,1.3693,10 vol%,,,1687.5 μmol g⁻¹ h⁻¹,1687.5,10.1016/j.ijhydene.2016.10.131,https://doi.org/10.1016/j.ijhydene.2016.10.131,highly stabilized ag2o-loaded nano tio2 for hydrogen production from glycerol: water mixtures under solar light irradiation,international journal of hydrogen energy,2017.0,sadanandam and d. k. valluri and m. s. scurrell,needs_review,catalyst loading calc: 0.2 g/l × 50.0 ml = 10.00 mg; glycerol std: (10.0/100×1261)/92.09 = 1.3693 m; doi resolved via crossref api,high,medium,high,low,low,low,high,0.25,844968a21c719f89,3.2,4.21,86.0,1.0,3.89,4.67,-0.92,126.0,1.83,1.0,7.431595839825622
218,tio2,g-c3n4,,90.0,,fe,0.5,nanocomposite,anatase-rutile,2.7,0.5wt%fe/tio2/g-c3n4,impregnation,450.0,4.0,solid-state,,0.0,visible,,,,,0,0,0,0,1,0.2,10.0,0.2 g/l,50.0,10.0,1.3693,10 vol%,,,3599.5 μmol g⁻¹ h⁻¹,3599.5,10.1016/j.ijhydene.2016.10.131,https://doi.org/10.1016/j.ijhydene.2016.10.131,highly stabilized ag2o-loaded nano tio2 for hydrogen production from glycerol: water mixtures under solar light irradiation,international journal of hydrogen energy,2017.0,sadanandam and d. k. valluri and m. s. scurrell,needs_review,catalyst loading calc: 0.2 g/l × 50.0 ml = 10.00 mg; glycerol std: (10.0/100×1261)/92.09 = 1.3693 m; doi resolved via crossref api,high,medium,high,low,low,low,high,0.25,74470b7bd2196956,3.2,4.21,86.0,1.0,3.89,4.67,-0.92,126.0,1.83,1.0,8.188828003688922
219,tio2,g-c3n4,,90.0,,fe,1.0,nanocomposite,anatase-rutile,2.58,1wt%fe/tio2/g-c3n4,impregnation,450.0,4.0,solid-state,,0.0,visible,,,,,0,0,0,0,1,0.2,10.0,0.2 g/l,50.0,10.0,1.3693,10 vol%,,,5200 μmol g⁻¹ h⁻¹,5200.0,10.1016/j.ijhydene.2016.10.131,https://doi.org/10.1016/j.ijhydene.2016.10.131,highly stabilized ag2o-loaded nano tio2 for hydrogen production from glycerol: water mixtures under solar light irradiation,international journal of hydrogen energy,2017.0,sadanandam and d. k. valluri and m. s. scurrell,needs_review,catalyst loading calc: 0.2 g/l × 50.0 ml = 10.00 mg; glycerol std: (10.0/100×1261)/92.09 = 1.3693 m; doi resolved via crossref api,high,medium,high,low,low,low,high,0.25,63b63793539aea61,3.2,4.21,86.0,1.0,3.89,4.67,-0.92,126.0,1.83,1.0,8.556606193773073
220,tio2,g-c3n4,,90.0,,fe,2.0,nanocomposite,anatase-rutile,2.42,2wt%fe/tio2/g-c3n4,impregnation,450.0,4.0,solid-state,,0.0,visible,,,,,0,0,0,0,1,0.2,10.0,0.2 g/l,50.0,10.0,1.3693,10 vol%,,,3980.3 μmol g⁻¹ h⁻¹,3980.3,10.1016/j.ijhydene.2016.10.131,https://doi.org/10.1016/j.ijhydene.2016.10.131,highly stabilized ag2o-loaded nano tio2 for hydrogen production from glycerol: water mixtures under solar light irradiation,international journal of hydrogen energy,2017.0,sadanandam and d. k. valluri and m. s. scurrell,needs_review,catalyst loading calc: 0.2 g/l × 50.0 ml = 10.00 mg; glycerol std: (10.0/100×1261)/92.09 = 1.3693 m; doi resolved via crossref api,high,medium,high,low,low,low,high,0.25,d845b3c92a4b3d9d,3.2,4.21,86.0,1.0,3.89,4.67,-0.92,126.0,1.83,1.0,8.289363678111313
221,tio2,g-c3n4,,90.0,,fe,3.0,nanocomposite,anatase-rutile,2.11,3wt%fe/tio2/g-c3n4,impregnation,450.0,4.0,solid-state,,0.0,visible,,,,,0,0,0,0,1,0.2,10.0,0.2 g/l,50.0,10.0,1.3693,10 vol%,,,2899.3 μmol g⁻¹ h⁻¹,2899.3,10.1016/j.ijhydene.2016.10.131,https://doi.org/10.1016/j.ijhydene.2016.10.131,highly stabilized ag2o-loaded nano tio2 for hydrogen production from glycerol: water mixtures under solar light irradiation,international journal of hydrogen energy,2017.0,sadanandam and d. k. valluri and m. s. scurrell,needs_review,catalyst loading calc: 0.2 g/l × 50.0 ml = 10.00 mg; glycerol std: (10.0/100×1261)/92.09 = 1.3693 m; doi resolved via crossref api,high,medium,high,low,low,low,high,0.25,3c87b94880604063,3.2,4.21,86.0,1.0,3.89,4.67,-0.92,126.0,1.83,1.0,7.972569458900024
222,tio2,g-c3n4,,90.0,,fe,5.0,nanocomposite,anatase-rutile,1.96,5wt%fe/tio2/g-c3n4,impregnation,450.0,4.0,solid-state,,0.0,visible,,,,,0,0,0,0,1,0.2,10.0,0.2 g/l,50.0,10.0,1.3693,10 vol%,,,2088.5 μmol g⁻¹ h⁻¹,2088.5,10.1016/j.ijhydene.2016.10.131,https://doi.org/10.1016/j.ijhydene.2016.10.131,highly stabilized ag2o-loaded nano tio2 for hydrogen production from glycerol: water mixtures under solar light irradiation,international journal of hydrogen energy,2017.0,sadanandam and d. k. valluri and m. s. scurrell,needs_review,catalyst loading calc: 0.2 g/l × 50.0 ml = 10.00 mg; glycerol std: (10.0/100×1261)/92.09 = 1.3693 m; doi resolved via crossref api,high,medium,high,low,low,low,high,0.25,1ac7edddd43d08fa,3.2,4.21,86.0,1.0,3.89,4.67,-0.92,126.0,1.83,1.0,7.64468008188797
223,tio2,g-c3n4,,90.0,,fe,1.0,nanocomposite,anatase-rutile,2.58,1wt%fe/tio2/g-c3n4,impregnation,450.0,4.0,solid-state,,0.0,visible,,,,,0,0,0,0,1,0.2,10.0,0.2 g/l,50.0,0.0,0.0,0 vol%,,,265 μmol g⁻¹ h⁻¹,265.0,10.1016/j.ijhydene.2016.10.131,https://doi.org/10.1016/j.ijhydene.2016.10.131,highly stabilized ag2o-loaded nano tio2 for hydrogen production from glycerol: water mixtures under solar light irradiation,international journal of hydrogen energy,2017.0,sadanandam and d. k. valluri and m. s. scurrell,needs_review,catalyst loading calc: 0.2 g/l × 50.0 ml = 10.00 mg; glycerol std: (0.0/100×1261)/92.09 = 0.0000 m; doi resolved via crossref api,high,medium,high,low,low,low,high,0.25,d82b1fa919dce52a,3.2,4.21,86.0,1.0,3.89,4.67,-0.92,126.0,1.83,1.0,5.583496308781699
228,tio2,g-c3n4,,90.0,,fe,1.0,nanocomposite,anatase-rutile,2.58,1wt%fe/tio2/g-c3n4,impregnation,450.0,4.0,solid-state,,0.0,visible,,,,,0,0,0,0,1,0.1,5.0,0.1 g/l,50.0,10.0,1.3693,10 vol%,,,4501.2 μmol g⁻¹ h⁻¹,4501.2,10.1016/j.ijhydene.2016.10.131,https://doi.org/10.1016/j.ijhydene.2016.10.131,highly stabilized ag2o-loaded nano tio2 for hydrogen production from glycerol: water mixtures under solar light irradiation,international journal of hydrogen energy,2017.0,sadanandam and d. k. valluri and m. s. scurrell,needs_review,catalyst loading calc: 0.1 g/l × 50.0 ml = 5.00 mg; glycerol std: (10.0/100×1261)/92.09 = 1.3693 m; doi resolved via crossref api,high,medium,high,low,low,low,high,0.25,a3812b69bca90970,3.2,4.21,86.0,1.0,3.89,4.67,-0.92,126.0,1.83,1.0,8.412321445180064
225,tio2,g-c3n4,,90.0,,fe,1.0,nanocomposite,anatase-rutile,2.58,1wt%fe/tio2/g-c3n4,impregnation,450.0,4.0,solid-state,,0.0,visible,,,,,0,0,0,0,1,0.2,10.0,0.2 g/l,50.0,5.0,0.6847,5 vol%,,,4239.6 μmol g⁻¹ h⁻¹,4239.6,10.1016/j.ijhydene.2016.10.131,https://doi.org/10.1016/j.ijhydene.2016.10.131,highly stabilized ag2o-loaded nano tio2 for hydrogen production from glycerol: water mixtures under solar light irradiation,international journal of hydrogen energy,2017.0,sadanandam and d. k. valluri and m. s. scurrell,needs_review,catalyst loading calc: 0.2 g/l × 50.0 ml = 10.00 mg; glycerol std: (5.0/100×1261)/92.09 = 0.6847 m; doi resolved via crossref api,high,medium,high,low,low,low,high,0.25,24304532acd8e96c,3.2,4.21,86.0,1.0,3.89,4.67,-0.92,126.0,1.83,1.0,8.352460047648451
226,tio2,g-c3n4,,90.0,,fe,1.0,nanocomposite,anatase-rutile,2.58,1wt%fe/tio2/g-c3n4,impregnation,450.0,4.0,solid-state,,0.0,visible,,,,,0,0,0,0,1,0.2,10.0,0.2 g/l,50.0,20.0,2.7386,20 vol%,,,3986.2 μmol g⁻¹ h⁻¹,3986.2,10.1016/j.ijhydene.2016.10.131,https://doi.org/10.1016/j.ijhydene.2016.10.131,highly stabilized ag2o-loaded nano tio2 for hydrogen production from glycerol: water mixtures under solar light irradiation,international journal of hydrogen energy,2017.0,sadanandam and d. k. valluri and m. s. scurrell,needs_review,catalyst loading calc: 0.2 g/l × 50.0 ml = 10.00 mg; glycerol std: (20.0/100×1261)/92.09 = 2.7386 m; doi resolved via crossref api,high,medium,high,low,low,low,high,0.25,b8a71b0463be331e,3.2,4.21,86.0,1.0,3.89,4.67,-0.92,126.0,1.83,1.0,8.290844509153079
227,tio2,g-c3n4,,90.0,,fe,1.0,nanocomposite,anatase-rutile,2.58,1wt%fe/tio2/g-c3n4,impregnation,450.0,4.0,solid-state,,0.0,visible,,,,,0,0,0,0,1,0.2,10.0,0.2 g/l,50.0,30.0,4.1079,30 vol%,,,3087.6 μmol g⁻¹ h⁻¹,3087.6,10.1016/j.ijhydene.2016.10.131,https://doi.org/10.1016/j.ijhydene.2016.10.131,highly stabilized ag2o-loaded nano tio2 for hydrogen production from glycerol: water mixtures under solar light irradiation,international journal of hydrogen energy,2017.0,sadanandam and d. k. valluri and m. s. scurrell,needs_review,catalyst loading calc: 0.2 g/l × 50.0 ml = 10.00 mg; glycerol std: (30.0/100×1261)/92.09 = 4.1079 m; doi resolved via crossref api,high,medium,high,low,low,low,high,0.25,0fe7bacf5f5fdb4a,3.2,4.21,86.0,1.0,3.89,4.67,-0.92,126.0,1.83,1.0,8.035473192788901
668,tio2,,,100.0,,,,nanorod,rutile,3.22,tio2,,,0.0,hydrothermal,500.0,5.0,visible,,,,,0,0,0,0,1,0.1,5.0,0.1 g/l,50.0,5.0,0.6847,5 vol%,,,2816 μmol g⁻¹ h⁻¹,2816.0,10.1002/cphc.201301140,https://doi.org/10.1002/cphc.201301140,production of hydrogen by glycerol photoreforming using binary nitrogen–metal-promoted n-m-tio2 photocatalysts,chemphyschem,2014.0,taylor and m. mehta and a. samokhvalov,needs_review,catalyst loading calc: 0.1 g/l × 50.0 ml = 5.00 mg; glycerol std: (5.0/100×1261)/92.09 = 0.6847 m; co_catalyst set to 'none': bare semiconductor; doi resolved via crossref api,high,medium,high,low,low,low,high,0.25,b4c457c76bba5e92,3.2,4.21,86.0,1.0,3.89,0.0,0.0,0.0,0.0,0.0,7.943427767876373
667,tio2,,,100.0,,,,nanosquare,anatase-rutile,3.2,tio2,,,0.0,,,0.0,visible,,,,,0,0,0,0,1,0.1,5.0,0.1 g/l,50.0,5.0,0.6847,5 vol%,,,2099 μmol g⁻¹ h⁻¹,2099.0,10.1002/cphc.201301140,https://doi.org/10.1002/cphc.201301140,production of hydrogen by glycerol photoreforming using binary nitrogen–metal-promoted n-m-tio2 photocatalysts,chemphyschem,2014.0,taylor and m. mehta and a. samokhvalov,needs_review,catalyst loading calc: 0.1 g/l × 50.0 ml = 5.00 mg; glycerol std: (5.0/100×1261)/92.09 = 0.6847 m; co_catalyst set to 'none': bare semiconductor; doi resolved via crossref api,high,medium,high,low,low,low,high,0.25,37851fcc875e9eac,3.2,4.21,86.0,1.0,3.89,0.0,0.0,0.0,0.0,0.0,7.649692623711514
669,tio2,,,100.0,,,,nanotube,anatase-rutile,3.32,tio2,,,0.0,hydrothermal,350.0,5.0,visible,,,,,0,0,0,0,1,0.1,5.0,0.1 g/l,50.0,5.0,0.6847,5 vol%,,,4265 μmol g⁻¹ h⁻¹,4265.0,10.1002/cphc.201301140,https://doi.org/10.1002/cphc.201301140,production of hydrogen by glycerol photoreforming using binary nitrogen–metal-promoted n-m-tio2 photocatalysts,chemphyschem,2014.0,taylor and m. mehta and a. samokhvalov,needs_review,catalyst loading calc: 0.1 g/l × 50.0 ml = 5.00 mg; glycerol std: (5.0/100×1261)/92.09 = 0.6847 m; co_catalyst set to 'none': bare semiconductor; doi resolved via crossref api,high,medium,high,low,low,low,high,0.25,549f042cde72fd40,3.2,4.21,86.0,1.0,3.89,0.0,0.0,0.0,0.0,0.0,8.358431899031295
639,tio2,nio,cuo,90.0,9.0,,,nanoparticle,anatase,,tio2/nio,sol-gel,450.0,2.0,uniform loading,,0.0,visible,,,,,0,0,0,0,1,0.4,20.0,0.4 g/l,50.0,5.0,0.6847,5 vol%,,,26326 μmol g⁻¹ h⁻¹,26326.0,10.1016/j.ijhydene.2018.01.011,https://doi.org/10.1016/j.ijhydene.2018.01.011,enhanced photocatalytic hydrogen production activity of noble metal free mwcnt-tio2 nanocomposites,international journal of hydrogen energy,2018.0,reddy et al.,needs_review,catalyst loading calc: 0.4 g/l × 50.0 ml = 20.00 mg; glycerol std: (5.0/100×1261)/92.09 = 0.6847 m; co_catalyst set to 'none': bare semiconductor; doi resolved via crossref api,high,medium,high,low,low,low,low,0.25,4733a180dbc736b1,3.2,4.21,86.0,1.0,3.89,0.0,0.0,0.0,0.0,0.0,10.17835030752565
638,tio2,nio,cuo,90.0,9.0,,,nanoparticle,anatase,,tio2/nio,sol-gel,450.0,2.0,uniform loading,,0.0,visible,,,,,0,0,0,0,1,0.4,20.0,0.4 g/l,50.0,3.0,0.4108,3 vol%,,,22932 μmol g⁻¹ h⁻¹,22932.0,10.1016/j.ijhydene.2018.01.011,https://doi.org/10.1016/j.ijhydene.2018.01.011,enhanced photocatalytic hydrogen production activity of noble metal free mwcnt-tio2 nanocomposites,international journal of hydrogen energy,2018.0,reddy et al.,needs_review,catalyst loading calc: 0.4 g/l × 50.0 ml = 20.00 mg; glycerol std: (3.0/100×1261)/92.09 = 0.4108 m; co_catalyst set to 'none': bare semiconductor; doi resolved via crossref api,high,medium,high,low,low,low,low,0.25,6c42a9224448d326,3.2,4.21,86.0,1.0,3.89,0.0,0.0,0.0,0.0,0.0,10.040332200263972
640,tio2,nio,cuo,90.0,9.0,,,nanoparticle,anatase,,tio2/nio,sol-gel,450.0,2.0,uniform loading,,0.0,visible,,,,,0,0,0,0,1,0.4,20.0,0.4 g/l,50.0,7.0,0.9585,7 vol%,,,26235 μmol g⁻¹ h⁻¹,26235.0,10.1016/j.ijhydene.2018.01.011,https://doi.org/10.1016/j.ijhydene.2018.01.011,enhanced photocatalytic hydrogen production activity of noble metal free mwcnt-tio2 nanocomposites,international journal of hydrogen energy,2018.0,reddy et al.,needs_review,catalyst loading calc: 0.4 g/l × 50.0 ml = 20.00 mg; glycerol std: (7.0/100×1261)/92.09 = 0.9585 m; co_catalyst set to 'none': bare semiconductor; doi resolved via crossref api,high,medium,high,low,low,low,low,0.25,4b5009c4656b4b1d,3.2,4.21,86.0,1.0,3.89,0.0,0.0,0.0,0.0,0.0,10.174887792413626
641,tio2,nio,cuo,90.0,9.0,,,nanoparticle,anatase,,tio2/nio,sol-gel,450.0,2.0,uniform loading,,0.0,visible,,,,,0,0,0,0,1,0.4,20.0,0.4 g/l,50.0,9.0,1.2324,9 vol%,,,25007 μmol g⁻¹ h⁻¹,25007.0,10.1016/j.ijhydene.2018.01.011,https://doi.org/10.1016/j.ijhydene.2018.01.011,enhanced photocatalytic hydrogen production activity of noble metal free mwcnt-tio2 nanocomposites,international journal of hydrogen energy,2018.0,reddy et al.,needs_review,catalyst loading calc: 0.4 g/l × 50.0 ml = 20.00 mg; glycerol std: (9.0/100×1261)/92.09 = 1.2324 m; co_catalyst set to 'none': bare semiconductor; doi resolved via crossref api,high,medium,high,low,low,low,low,0.25,9e178690dc602b29,3.2,4.21,86.0,1.0,3.89,0.0,0.0,0.0,0.0,0.0,10.126951052661259
824,tio2,ac,,98.0,,,,nanocomposite,anatase-rutile,,tio2/ac,,,0.0,hydrothermal,300.0,2.0,visible,,,,,0,0,0,0,1,0.1,5.0,0.1 g/l,50.0,5.0,0.6847,5 vol%,,,2074.9 μmol g⁻¹ h⁻¹,2074.9,10.1016/j.materresbull.2018.06.009,https://doi.org/10.1016/j.materresbull.2018.06.009,multiwalled carbon nanotubes in titania based nanocomposite as trap for photoexcitons for enhanced photocatalytic hydrogen production under solar light irradiation,materials,2018.0,reddy et al.,needs_review,catalyst loading calc: 0.1 g/l × 50.0 ml = 5.00 mg; glycerol std: (5.0/100×1261)/92.09 = 0.6847 m; co_catalyst set to 'none': bare semiconductor; doi resolved via crossref api,high,medium,high,low,low,low,low,0.25,8a0719781a81dcd3,3.2,4.21,86.0,1.0,3.89,0.0,0.0,0.0,0.0,0.0,7.638150073568749
825,tio2,ac,,98.0,,,,nanocomposite,anatase-rutile,2.86,tio2/ac,,,0.0,hydrothermal,350.0,2.0,visible,,,,,0,0,0,0,1,0.1,5.0,0.1 g/l,50.0,5.0,0.6847,5 vol%,,,4538.9 μmol g⁻¹ h⁻¹,4538.9,10.1016/j.materresbull.2018.06.009,https://doi.org/10.1016/j.materresbull.2018.06.009,multiwalled carbon nanotubes in titania based nanocomposite as trap for photoexcitons for enhanced photocatalytic hydrogen production under solar light irradiation,materials,2018.0,reddy et al.,needs_review,catalyst loading calc: 0.1 g/l × 50.0 ml = 5.00 mg; glycerol std: (5.0/100×1261)/92.09 = 0.6847 m; co_catalyst set to 'none': bare semiconductor; doi resolved via crossref api,high,medium,high,low,low,low,high,0.25,bf984ef79d08d347,3.2,4.21,86.0,1.0,3.89,0.0,0.0,0.0,0.0,0.0,8.42066026436109
826,tio2,ac,,98.0,,,,nanocomposite,anatase-rutile,2.83,tio2/ac,,,0.0,hydrothermal,400.0,2.0,visible,,,,,0,0,0,0,1,0.1,5.0,0.1 g/l,50.0,5.0,0.6847,5 vol%,,,8278.1 μmol g⁻¹ h⁻¹,8278.1,10.1016/j.materresbull.2018.06.009,https://doi.org/10.1016/j.materresbull.2018.06.009,multiwalled carbon nanotubes in titania based nanocomposite as trap for photoexcitons for enhanced photocatalytic hydrogen production under solar light irradiation,materials,2018.0,reddy et al.,needs_review,catalyst loading calc: 0.1 g/l × 50.0 ml = 5.00 mg; glycerol std: (5.0/100×1261)/92.09 = 0.6847 m; co_catalyst set to 'none': bare semiconductor; doi resolved via crossref api,high,medium,high,low,low,low,high,0.25,c5cbc94734af7f59,3.2,4.21,86.0,1.0,3.89,0.0,0.0,0.0,0.0,0.0,9.021489545819332
827,tio2,ac,,98.0,,,,nanocomposite,anatase-rutile,2.9,tio2/ac,,,0.0,hydrothermal,450.0,2.0,visible,,,,,0,0,0,0,1,0.1,5.0,0.1 g/l,50.0,5.0,0.6847,5 vol%,,,5684.4 μmol g⁻¹ h⁻¹,5684.4,10.1016/j.materresbull.2018.06.009,https://doi.org/10.1016/j.materresbull.2018.06.009,multiwalled carbon nanotubes in titania based nanocomposite as trap for photoexcitons for enhanced photocatalytic hydrogen production under solar light irradiation,materials,2018.0,reddy et al.,needs_review,catalyst loading calc: 0.1 g/l × 50.0 ml = 5.00 mg; glycerol std: (5.0/100×1261)/92.09 = 0.6847 m; co_catalyst set to 'none': bare semiconductor; doi resolved via crossref api,high,medium,high,low,low,low,high,0.25,01bbe675a2ebe945,3.2,4.21,86.0,1.0,3.89,0.0,0.0,0.0,0.0,0.0,8.64565676430751
828,tio2,,,100.0,,,,nanoparticle,anatase-rutile,3.2,tio2,,,0.0,hydrothermal,,0.0,visible,,,,,0,0,0,0,1,0.1,5.0,0.1 g/l,50.0,5.0,0.6847,5 vol%,,,1886.1 μmol g⁻¹ h⁻¹,1886.1,10.1016/j.materresbull.2018.06.009,https://doi.org/10.1016/j.materresbull.2018.06.009,multiwalled carbon nanotubes in titania based nanocomposite as trap for photoexcitons for enhanced photocatalytic hydrogen production under solar light irradiation,materials,2018.0,reddy et al.,needs_review,catalyst loading calc: 0.1 g/l × 50.0 ml = 5.00 mg; glycerol std: (5.0/100×1261)/92.09 = 0.6847 m; co_catalyst set to 'none': bare semiconductor; doi resolved via crossref api,high,medium,high,low,low,low,high,0.25,c47309122a13b27e,3.2,4.21,86.0,1.0,3.89,0.0,0.0,0.0,0.0,0.0,7.54279653813505
829,tio2,ac,,98.0,,,,nanocomposite,anatase-rutile,,tio2/ac,,,0.0,hydrothermal,,0.0,visible,,,,,0,0,0,0,1,0.1,5.0,0.1 g/l,50.0,5.0,0.6847,5 vol%,,,4060.7 μmol g⁻¹ h⁻¹,4060.7,10.1016/j.materresbull.2018.06.009,https://doi.org/10.1016/j.materresbull.2018.06.009,multiwalled carbon nanotubes in titania based nanocomposite as trap for photoexcitons for enhanced photocatalytic hydrogen production under solar light irradiation,materials,2018.0,reddy et al.,needs_review,catalyst loading calc: 0.1 g/l × 50.0 ml = 5.00 mg; glycerol std: (5.0/100×1261)/92.09 = 0.6847 m; co_catalyst set to 'none': bare semiconductor; doi resolved via crossref api,high,medium,high,low,low,low,low,0.25,001b2146b36a7c39,3.2,4.21,86.0,1.0,3.89,0.0,0.0,0.0,0.0,0.0,8.309356884169175
830,tio2,ac,,98.0,,,,nanocomposite,anatase-rutile,2.83,tio2/ac,,,0.0,hydrothermal,400.0,2.0,visible,,,,,0,0,0,0,1,0.1,5.0,0.1 g/l,50.0,5.0,0.6847,5 vol%,,,8298.8 μmol g⁻¹ h⁻¹,8298.8,10.1016/j.materresbull.2018.06.009,https://doi.org/10.1016/j.materresbull.2018.06.009,multiwalled carbon nanotubes in titania based nanocomposite as trap for photoexcitons for enhanced photocatalytic hydrogen production under solar light irradiation,materials,2018.0,reddy et al.,needs_review,catalyst loading calc: 0.1 g/l × 50.0 ml = 5.00 mg; glycerol std: (5.0/100×1261)/92.09 = 0.6847 m; co_catalyst set to 'none': bare semiconductor; doi resolved via crossref api,high,medium,high,low,low,low,high,0.25,f445df5f8fe63571,3.2,4.21,86.0,1.0,3.89,0.0,0.0,0.0,0.0,0.0,9.023986697108825
831,tio2,ac,,98.0,,,,nanocomposite,anatase-rutile,2.83,tio2/ac,,,0.0,hydrothermal,400.0,2.0,visible,,,,,0,0,0,0,1,0.1,5.0,0.1 g/l,50.0,5.0,0.6847,5 vol%,,,9554.1 μmol g⁻¹ h⁻¹,9554.1,10.1016/j.materresbull.2018.06.009,https://doi.org/10.1016/j.materresbull.2018.06.009,multiwalled carbon nanotubes in titania based nanocomposite as trap for photoexcitons for enhanced photocatalytic hydrogen production under solar light irradiation,materials,2018.0,reddy et al.,needs_review,catalyst loading calc: 0.1 g/l × 50.0 ml = 5.00 mg; glycerol std: (5.0/100×1261)/92.09 = 0.6847 m; co_catalyst set to 'none': bare semiconductor; doi resolved via crossref api,high,medium,high,low,low,low,high,0.25,10ba1098436b617b,3.2,4.21,86.0,1.0,3.89,0.0,0.0,0.0,0.0,0.0,9.16483032234436
632,tio2,nio,cuo,95.0,4.5,,,nanoparticle,anatase,,tio2/nio,sol-gel,450.0,2.0,uniform loading,,0.0,visible,,,,,0,0,0,0,1,0.4,20.0,0.4 g/l,50.0,0.02,0.0027,0.02 vol%,,,19200 μmol g⁻¹ h⁻¹,19200.0,10.1016/j.ijhydene.2018.01.011,https://doi.org/10.1016/j.ijhydene.2018.01.011,enhanced photocatalytic hydrogen production activity of noble metal free mwcnt-tio2 nanocomposites,international journal of hydrogen energy,2018.0,reddy et al.,needs_review,catalyst loading calc: 0.4 g/l × 50.0 ml = 20.00 mg; glycerol std: (0.02/100×1261)/92.09 = 0.0027 m; co_catalyst set to 'none': bare semiconductor; doi resolved via crossref api,high,medium,high,low,low,low,low,0.25,ed50e69d7409d598,3.2,4.21,86.0,1.0,3.89,0.0,0.0,0.0,0.0,0.0,9.862717639992917
634,tio2,nio,cuo,85.0,13.5,,,nanoparticle,anatase,,tio2/nio,sol-gel,450.0,2.0,uniform loading,,0.0,visible,,,,,0,0,0,0,1,0.4,20.0,0.4 g/l,50.0,0.02,0.0027,0.02 vol%,,,24300 μmol g⁻¹ h⁻¹,24300.0,10.1016/j.ijhydene.2018.01.011,https://doi.org/10.1016/j.ijhydene.2018.01.011,enhanced photocatalytic hydrogen production activity of noble metal free mwcnt-tio2 nanocomposites,international journal of hydrogen energy,2018.0,reddy et al.,needs_review,catalyst loading calc: 0.4 g/l × 50.0 ml = 20.00 mg; glycerol std: (0.02/100×1261)/92.09 = 0.0027 m; co_catalyst set to 'none': bare semiconductor; doi resolved via crossref api,high,medium,high,low,low,low,low,0.25,6796d851d90144b9,3.2,4.21,86.0,1.0,3.89,0.0,0.0,0.0,0.0,0.0,10.098272780745283
635,tio2,nio,cuo,90.0,8.0,,,nanoparticle,anatase,,tio2/nio,sol-gel,450.0,2.0,uniform loading,,0.0,visible,,,,,0,0,0,0,1,0.4,20.0,0.4 g/l,50.0,0.02,0.0027,0.02 vol%,,,17600 μmol g⁻¹ h⁻¹,17600.0,10.1016/j.ijhydene.2018.01.011,https://doi.org/10.1016/j.ijhydene.2018.01.011,enhanced photocatalytic hydrogen production activity of noble metal free mwcnt-tio2 nanocomposites,international journal of hydrogen energy,2018.0,reddy et al.,needs_review,catalyst loading calc: 0.4 g/l × 50.0 ml = 20.00 mg; glycerol std: (0.02/100×1261)/92.09 = 0.0027 m; co_catalyst set to 'none': bare semiconductor; doi resolved via crossref api,high,medium,high,low,low,low,low,0.25,fe017d8e23ff5041,3.2,4.21,86.0,1.0,3.89,0.0,0.0,0.0,0.0,0.0,9.77571099759397
636,tio2,nio,cuo,85.0,12.0,,,nanoparticle,anatase,,tio2/nio,sol-gel,450.0,2.0,uniform loading,,0.0,visible,,,,,0,0,0,0,1,0.4,20.0,0.4 g/l,50.0,0.02,0.0027,0.02 vol%,,,16200 μmol g⁻¹ h⁻¹,16200.0,10.1016/j.ijhydene.2018.01.011,https://doi.org/10.1016/j.ijhydene.2018.01.011,enhanced photocatalytic hydrogen production activity of noble metal free mwcnt-tio2 nanocomposites,international journal of hydrogen energy,2018.0,reddy et al.,needs_review,catalyst loading calc: 0.4 g/l × 50.0 ml = 20.00 mg; glycerol std: (0.02/100×1261)/92.09 = 0.0027 m; co_catalyst set to 'none': bare semiconductor; doi resolved via crossref api,high,medium,high,low,low,low,low,0.25,5647d4bacec77df8,3.2,4.21,86.0,1.0,3.89,0.0,0.0,0.0,0.0,0.0,9.692828247710418
637,tio2,nio,cuo,90.0,9.0,,,nanoparticle,anatase,,tio2/nio,sol-gel,450.0,2.0,uniform loading,,0.0,visible,,,,,0,0,0,0,1,0.4,20.0,0.4 g/l,50.0,1.0,0.1369,1 vol%,,,19841 μmol g⁻¹ h⁻¹,19841.0,10.1016/j.ijhydene.2018.01.011,https://doi.org/10.1016/j.ijhydene.2018.01.011,enhanced photocatalytic hydrogen production activity of noble metal free mwcnt-tio2 nanocomposites,international journal of hydrogen energy,2018.0,reddy et al.,needs_review,catalyst loading calc: 0.4 g/l × 50.0 ml = 20.00 mg; glycerol std: (1.0/100×1261)/92.09 = 0.1369 m; co_catalyst set to 'none': bare semiconductor; doi resolved via crossref api,high,medium,high,low,low,low,low,0.25,97c077f390a565e3,3.2,4.21,86.0,1.0,3.89,0.0,0.0,0.0,0.0,0.0,9.895556182209848
289,tio2,,,100.0,,nise2,,nanocomposite,anatase,,xwt%nise2/tio2,sol-gel,,0.0,impregnation,,0.0,visible,hg-xe lamp,450.0,450 w,420.0,1,1,0,0,1,,,,50.0,10.0,1.3693,10 vol%,,,130700 μmol g⁻¹ h⁻¹,130700.0,10.1016/j,https://doi.org/10.1016/j,needs_verification,applied catalysis b: environmental,2022.0,"jayachitra, s. et al.",ok,"glycerol std: (10.0/100×1261)/92.09 = 1.3693 m; wavelength_cutoff_nm=420nm inferred (xe lamp, visible cutoff)",high,low,high,high,medium,low,low,0.25,892d9b35613c8d2a,3.2,4.21,86.0,1.0,3.89,4.7,-1.4,124.0,1.91,2.0,11.780667550692455
282,tio2,,,100.0,,nise2,5.0,nanocomposite,anatase,,5wt%nise2/tio2,sol-gel,,0.0,impregnation,,0.0,visible,hg-xe lamp,450.0,450 w,420.0,1,1,0,0,1,,,,50.0,10.0,1.3693,10 vol%,,,56100 μmol g⁻¹ h⁻¹,56100.0,10.1016/j,https://doi.org/10.1016/j,needs_verification,applied catalysis b: environmental,2022.0,"jayachitra, s. et al.",ok,"glycerol std: (10.0/100×1261)/92.09 = 1.3693 m; wavelength_cutoff_nm=420nm inferred (xe lamp, visible cutoff)",high,low,high,high,medium,low,low,0.25,22011103f0b759f9,3.2,4.21,86.0,1.0,3.89,4.7,-1.4,124.0,1.91,2.0,10.934908916663861
283,tio2,,,100.0,,nise2,10.0,nanocomposite,anatase,,10wt%nise2/tio2,sol-gel,,0.0,impregnation,,0.0,visible,hg-xe lamp,450.0,450 w,420.0,1,1,0,0,1,,,,50.0,10.0,1.3693,10 vol%,,,112500 μmol g⁻¹ h⁻¹,112500.0,10.1016/j,https://doi.org/10.1016/j,needs_verification,applied catalysis b: environmental,2022.0,"jayachitra, s. et al.",ok,"glycerol std: (10.0/100×1261)/92.09 = 1.3693 m; wavelength_cutoff_nm=420nm inferred (xe lamp, visible cutoff)",high,low,high,high,medium,low,low,0.25,a54deea046523597,3.2,4.21,86.0,1.0,3.89,4.7,-1.4,124.0,1.91,2.0,11.630717389475995
284,tio2,,,100.0,,nise2,,nanocomposite,anatase,,xwt%nise2/tio2,sol-gel,,0.0,impregnation,,0.0,visible,hg-xe lamp,450.0,450 w,420.0,1,1,0,0,1,,,,50.0,10.0,1.3693,10 vol%,,,148600 μmol g⁻¹ h⁻¹,148600.0,10.1016/j,https://doi.org/10.1016/j,needs_verification,applied catalysis b: environmental,2022.0,"jayachitra, s. et al.",ok,"glycerol std: (10.0/100×1261)/92.09 = 1.3693 m; wavelength_cutoff_nm=420nm inferred (xe lamp, visible cutoff)",high,low,high,high,medium,low,low,0.25,d6ab809e60337fb8,3.2,4.21,86.0,1.0,3.89,4.7,-1.4,124.0,1.91,2.0,11.909020140718255
285,tio2,,,100.0,,nise2,,nanocomposite,anatase,,xwt%nise2/tio2,sol-gel,,0.0,impregnation,,0.0,visible,hg-xe lamp,450.0,450 w,420.0,1,1,0,0,1,,,,50.0,10.0,1.3693,10 vol%,,,178800 μmol g⁻¹ h⁻¹,178800.0,10.1016/j,https://doi.org/10.1016/j,needs_verification,applied catalysis b: environmental,2022.0,"jayachitra, s. et al.",ok,"glycerol std: (10.0/100×1261)/92.09 = 1.3693 m; wavelength_cutoff_nm=420nm inferred (xe lamp, visible cutoff)",high,low,high,high,medium,low,low,0.25,260c2cf81a17db5e,3.2,4.21,86.0,1.0,3.89,4.7,-1.4,124.0,1.91,2.0,12.094028734547074
286,tio2,,,100.0,,nise2,,nanocomposite,anatase,,xwt%nise2/tio2,sol-gel,,0.0,impregnation,,0.0,visible,hg-xe lamp,450.0,450 w,420.0,1,1,0,0,1,,,,50.0,10.0,1.3693,10 vol%,,,219200 μmol g⁻¹ h⁻¹,219200.0,10.1016/j,https://doi.org/10.1016/j,needs_verification,applied catalysis b: environmental,2022.0,"jayachitra, s. et al.",ok,"glycerol std: (10.0/100×1261)/92.09 = 1.3693 m; wavelength_cutoff_nm=420nm inferred (xe lamp, visible cutoff)",high,low,high,high,medium,low,low,0.25,ac7feeba31b1a4d9,3.2,4.21,86.0,1.0,3.89,4.7,-1.4,124.0,1.91,2.0,12.297744396089387
287,tio2,,,100.0,,nise2,,nanocomposite,anatase,,xwt%nise2/tio2,sol-gel,,0.0,impregnation,,0.0,visible,hg-xe lamp,450.0,450 w,420.0,1,1,0,0,1,,,,50.0,10.0,1.3693,10 vol%,,,197900 μmol g⁻¹ h⁻¹,197900.0,10.1016/j,https://doi.org/10.1016/j,needs_verification,applied catalysis b: environmental,2022.0,"jayachitra, s. et al.",ok,"glycerol std: (10.0/100×1261)/92.09 = 1.3693 m; wavelength_cutoff_nm=420nm inferred (xe lamp, visible cutoff)",high,low,high,high,medium,low,low,0.25,beb0863f04d142e3,3.2,4.21,86.0,1.0,3.89,4.7,-1.4,124.0,1.91,2.0,12.19552218463499
288,tio2,,,100.0,,nise2,,nanocomposite,anatase,,xwt%nise2/tio2,sol-gel,,0.0,impregnation,,0.0,visible,hg-xe lamp,450.0,450 w,420.0,1,1,0,0,1,,,,50.0,10.0,1.3693,10 vol%,,,157400 μmol g⁻¹ h⁻¹,157400.0,10.1016/j,https://doi.org/10.1016/j,needs_verification,applied catalysis b: environmental,2022.0,"jayachitra, s. et al.",ok,"glycerol std: (10.0/100×1261)/92.09 = 1.3693 m; wavelength_cutoff_nm=420nm inferred (xe lamp, visible cutoff)",high,low,high,high,medium,low,low,0.25,1c005df65435580d,3.2,4.21,86.0,1.0,3.89,4.7,-1.4,124.0,1.91,2.0,11.96655196818541
840,tio2,cuo,,98.3,,,,nanocomposite,anatase-rutile,3.03,tio2/cuo,,,0.0,molten salt,500.0,4.0,visible,,,,,0,0,0,0,1,0.1,5.0,0.1 g/l,50.0,5.0,0.6847,5 vol%,,,21700 μmol g⁻¹ h⁻¹,21700.0,10.1016/j.solener.2020.11.030,https://doi.org/10.1016/j.solener.2020.11.030,reduced graphene oxide as a solid-state mediator in tio2/in0.5wo3 s-scheme photocatalyst for hydrogen production,solar energy,2021.0,shaheer et al.,needs_review,catalyst loading calc: 0.1 g/l × 50.0 ml = 5.00 mg; glycerol std: (5.0/100×1261)/92.09 = 0.6847 m; co_catalyst set to 'none': bare semiconductor; doi resolved via crossref api,high,medium,high,low,low,low,high,0.25,592fde6ea6dea6f7,3.2,4.21,86.0,1.0,3.89,0.0,0.0,0.0,0.0,0.0,9.985113621416073
589,tio2,,,100.0,,pt,1.0,nanocomposite,anatase,,1wt%pt/tio2,sol-gel,,0.0,,,0.0,visible,hg-xe lamp,450.0,450 w,420.0,1,1,0,0,1,,,,50.0,10.0,1.3693,10 vol%,,,235500 μmol g⁻¹ h⁻¹,235500.0,10.1016/j,https://doi.org/10.1016/j,needs_verification,applied catalysis b: environmental,2022.0,"jayachitra, s. et al.",ok,"glycerol std: (10.0/100×1261)/92.09 = 1.3693 m; wavelength_cutoff_nm=420nm inferred (xe lamp, visible cutoff)",high,low,high,high,medium,low,low,0.25,feb71b3f1d47230c,3.2,4.21,86.0,1.0,3.89,5.65,-2.25,139.0,2.28,5.0,12.369470438714096
838,tio2,fcnt,,98.0,,,,nanocomposite,anatase-rutile,3.0,tio2/fcnt,,,0.0,impregnation,350.0,2.0,visible,,,,,0,0,0,0,1,0.03,5.4,0.03 g/l,180.0,5.0,0.6847,5 vol%,,,13107 μmol g⁻¹ h⁻¹,13107.0,10.1016/j.solener.2020.11.030,https://doi.org/10.1016/j.solener.2020.11.030,reduced graphene oxide as a solid-state mediator in tio2/in0.5wo3 s-scheme photocatalyst for hydrogen production,solar energy,2021.0,shaheer et al.,needs_review,catalyst loading calc: 0.03 g/l × 180.0 ml = 5.40 mg; glycerol std: (5.0/100×1261)/92.09 = 0.6847 m; co_catalyst set to 'none': bare semiconductor; doi resolved via crossref api,high,medium,high,low,low,low,high,0.25,2aa4f638201ae47c,3.2,4.21,86.0,1.0,3.89,0.0,0.0,0.0,0.0,0.0,9.480978009818704
510,pbtio3,,,100.0,,pt,0.6,nanosheets,,2.42,0.6wt%pt/pbtio3,sol-gel,,0.0,photodeposition,,0.0,visible,xe lamp,,,420.0,1,0,0,0,1,3.0,600.0,3 g/l,200.0,10.0,1.3693,10 vol%,,,1501 μmol g⁻¹ h⁻¹,1501.0,10.1016/j.ceramint.2020.06.271,https://doi.org/10.1016/j.ceramint.2020.06.271,bi2o3/g-c3n4 nanocomposites as proficient photocatalysts for hydrogen generation from aqueous glycerol solutions beneath visible light,ceramics international,2020.0,alhaddad et al.,needs_review,catalyst loading calc: 3.0 g/l × 200.0 ml = 600.00 mg; glycerol std: (10.0/100×1261)/92.09 = 1.3693 m; doi resolved via crossref api,high,medium,high,high,medium,low,high,0.25,7bdeff77e844300c,3.4,3.5,150.0,7.0,7.99,5.65,-2.25,139.0,2.28,5.0,7.31455283232408
885,tio2,,,100.0,,,,nanoparticle,anatase,,tio2,sol-gel,,0.0,,,0.0,visible,hg-xe lamp,450.0,450 w,420.0,1,1,0,0,1,,,,50.0,10.0,1.3693,10 vol%,,,4400 μmol g⁻¹ h⁻¹,4400.0,10.1016/j,https://doi.org/10.1016/j,needs_verification,applied catalysis b: environmental,2022.0,"jayachitra, s. et al.",needs_review,"glycerol std: (10.0/100×1261)/92.09 = 1.3693 m; co_catalyst set to 'none': bare semiconductor; wavelength_cutoff_nm=420nm inferred (xe lamp, visible cutoff)",high,low,high,high,medium,low,low,0.25,d820097b5c67af55,3.2,4.21,86.0,1.0,3.89,0.0,0.0,0.0,0.0,0.0,8.38958706681109
566,tio2,,,100.0,,pt,0.44,nanoparticle,anatase-rutile,3.1,0.44wt%pt/tio2,,,0.0,,,0.0,visible,,,,,0,0,0,0,1,,,,,10.0,1.3693,10 vol%,,3.6,22666.67 μmol g⁻¹ h⁻¹,22666.67,10.1016/j,https://doi.org/10.1016/j,needs_verification,catalysis today,2023.0,"escamilla-, m. et al.",ok,glycerol std: (10.0/100×1261)/92.09 = 1.3693 m,high,low,low,low,low,high,high,0.125,3a5ca44d2de13ffd,3.2,4.21,86.0,1.0,3.89,5.65,-2.25,139.0,2.28,5.0,10.028694959216363
565,tio2,mesoporous carbon,,18.4,81.6,pt,1.29,nanocomposite,anatase-rutile,3.0,1.29wt%pt/tio2/mesoporous carbon,,,0.0,,,0.0,visible,,,,,0,0,0,0,1,,,,,10.0,1.3693,10 vol%,,7.4,26083.33 μmol g⁻¹ h⁻¹,26083.33,10.1016/j,https://doi.org/10.1016/j,needs_verification,catalysis today,2023.0,"escamilla-, m. et al.",ok,glycerol std: (10.0/100×1261)/92.09 = 1.3693 m,high,low,low,low,low,high,high,0.125,88379adb90b340f6,3.2,4.21,86.0,1.0,3.89,5.65,-2.25,139.0,2.28,5.0,10.169090029866894
858,tio2,,,100.0,,,,nanoparticle,anatase-rutile,,tio2,,,0.0,,,0.0,visible,xe lamp,,,420.0,1,0,0,0,1,2.5,,2.5 g/l,,0.25,0.0342,0.25 vol%,,,39.6 μmol g⁻¹ h⁻¹,39.6,10.1002/slct,https://doi.org/10.1002/slct,needs_verification,chemistryselect,2023.0,"ahmad b, b. et al.",needs_review,"glycerol std: (0.25/100×1261)/92.09 = 0.0342 m; co_catalyst set to 'none': bare semiconductor; wavelength_cutoff_nm=420nm inferred (xe lamp, visible cutoff)",high,low,low,high,medium,low,low,0.0,a9ccd8a1e11661b5,3.2,4.21,86.0,1.0,3.89,0.0,0.0,0.0,0.0,0.0,3.703768066607687
