composition,Formula,Host,Bandgap_eV,Absorption_edge_nm,BET_m2_g,Carrier_lifetime_ns,Co_catalyst_type,Co_catalyst_loading_wt_pct,Sacrificial_agent_type,Sacrificial_agent_vol_pct,Light_source_power_density,Reaction_pH,Reactor_type,CB_eV_vs_NHE,VB_eV_vs_NHE,Pred_HER,Std_HER,Glycerol_Filter_Pass,VB_Overpotential_V,Cost_Multiplier,Composite_Score,Pred_AQY,Theoretical_Max_STH,Std_AQY,Rank
In2S3,Ni(2.69wt%)/In2S3,In2S3,1.8172606466559302,682.3457065896473,72.992517282515,4.429887583781862,Ni,2.694415948054683,Glycerol,10.0,1000.0,7.0,Pyrex batch,-0.661144437986668,1.1561162086692622,5721.130625392272,8056.877529143994,True,0.7561162086692622,1.0,1.0,63.903760671869165,20.4233500790734,0.0,1
In2S3,Ni(2.15wt%)/In2S3,In2S3,1.9295840690975923,642.6255377304759,60.8199783372628,3.7391350183945633,Ni,2.1521282132653115,Glycerol,10.0,1000.0,7.0,Pyrex batch,-0.7643284473802401,1.1652556217173522,5410.546300303717,7368.274928437843,True,0.7652556217173522,1.0,0.9457127715787367,69.16702157848212,17.134667502089886,0.0,2
In2S3,Ni(0.99wt%)/In2S3,In2S3,1.9036675565668033,651.3742358651612,75.03373134460381,5.0070141838475,Ni,0.9857701121652707,Glycerol,10.0,1000.0,7.0,Pyrex batch,-0.8006980431501065,1.1029695134166968,5291.113763500734,7225.385864374029,True,0.7029695134166968,1.0,0.9248370837779896,71.3355171820106,17.881277795675103,0.0,3
ZnIn2S4,Ni(0.45wt%)/ZnIn2S4,ZnIn2S4,2.3048904006567943,537.9865349114446,70.06912780550563,3.5931894553951285,Ni,0.44581024282585746,Glycerol,10.0,1000.0,7.0,Pyrex batch,-1.0796763975789658,1.2252140030778285,4996.8657780718195,6635.849928440462,True,0.8252140030778284,1.0,0.8734052943825604,65.8512121976078,9.070633638070829,0.0,4
ZnIn2S4,Ni(2.89wt%)/ZnIn2S4,ZnIn2S4,2.155713622370266,575.2155514221718,82.64843338878242,5.757392711899136,Ni,2.8891931681160496,Glycerol,10.0,1000.0,7.0,Pyrex batch,-0.9405445069402404,1.2151691154300255,4979.579391700201,6684.745293472092,True,0.8151691154300255,1.0,0.8703837960977816,69.62182819896196,11.905677252928292,0.0,5
ZnIn2S4,Ni(0.89wt%)/ZnIn2S4,ZnIn2S4,2.2848850767849873,542.6968789803544,84.03081836451868,5.479995852139021,Ni,0.8881292232540128,Glycerol,10.0,1000.0,7.0,Pyrex batch,-1.0673099501048942,1.2175751266800932,4905.499129756698,6518.482395319812,True,0.8175751266800931,1.0,0.8574352607829767,67.327271019178,9.488499809492511,0.0,6
