{
  "n_estimators": 989,
  "max_depth": 6,
  "learning_rate": 0.03124062546437857,
  "subsample": 0.9455765652537536,
  "colsample_bytree": 0.5879418540348398,
  "min_child_samples": 9,
  "reg_alpha": 3.4807631423678616e-05,
  "reg_lambda": 1.3805222124291705e-08
}