{
  "n_estimators": 795,
  "max_depth": 7,
  "learning_rate": 0.06038788618682569,
  "subsample": 0.8693613749898759,
  "colsample_bytree": 0.5412072541563875,
  "min_child_samples": 8,
  "reg_alpha": 0.004890789635928035,
  "reg_lambda": 0.003395987425310642
}