{
  "n_estimators": 726,
  "max_depth": 7,
  "learning_rate": 0.1947639523078766,
  "subsample": 0.9635754466606269,
  "colsample_bytree": 0.5015458162854217,
  "min_child_samples": 18,
  "reg_alpha": 1.225623152801496e-08,
  "reg_lambda": 0.7808258321072388
}