{
  "n_estimators": 580,
  "max_depth": 7,
  "learning_rate": 0.06066048470550291,
  "subsample": 0.9469157384035278,
  "colsample_bytree": 0.7970016306146365,
  "min_child_weight": 1,
  "reg_alpha": 2.5529550162010723e-06,
  "reg_lambda": 0.005649012360381561
}