,CV_R2_mean,CV_R2_std,LOMO_CV_R2_mean,LOMO_CV_R2_std,Test_R2_log,Test_R2_original,Test_MAE_log,Test_MAE_umol_g_h,Test_RMSE_umol_g_h,composite_selection_score
XGBoost,0.7819381296169048,0.027892096777425286,0.7830101493365469,0.09772081693276814,0.7561477621740615,0.536021382562063,0.7933693184311447,6101.563857243095,18523.826799393886,0.6842
LightGBM,0.7906105662099512,0.018515195226160887,0.7801642708122432,0.1192639392836289,0.7632703735642249,0.5081069253847644,0.757319419039605,6170.377684501182,19072.915402178613,0.6713
Ridge,0.40884095676870685,0.03909823844833719,0.4190559791452289,0.16485555954623435,0.3976484359172814,-0.08471034471765493,1.4061991783866774,10306.398518469023,28322.958720185277,0.2514
