,CV_R2_mean,CV_R2_std,LOMO_CV_R2_mean,LOMO_CV_R2_std,Test_R2_log,Test_R2_original,Test_MAE_log,Test_MAE_umol_g_h,Test_RMSE_umol_g_h,composite_selection_score
XGBoost,0.7846870096710381,0.020383764207150074,0.7725363309027566,0.11277285367258982,0.7662185721680159,0.4072072278708909,0.7690948924577099,6756.026989314067,20937.902746476128,0.6264
LightGBM,0.7782040884111057,0.03216683161287362,0.7718084557785275,0.11434142483816297,0.7682588044425904,0.46026269045780743,0.7602186320000456,6738.123389176215,19978.963263776368,0.6472
Ridge,0.44123567939563857,0.050200280083637736,0.44763070970002883,0.14548418122080237,0.43229767803751096,0.07002997484136542,1.3424148532055318,9496.175497415186,26225.04268140308,0.2966
