,CV_R2_mean,CV_R2_std,LOMO_CV_R2_mean,LOMO_CV_R2_std,Test_R2_log,Test_R2_original,Test_MAE_log,Test_MAE_umol_g_h,Test_RMSE_umol_g_h
XGBoost,0.7604914086634603,0.03882373965127556,0.7846787442548588,0.11227505168777953,0.7288130590451154,0.3676254398217108,0.8752568124040864,7378.468686663917,21625.637735314587
LightGBM,0.7681300733516582,0.047906146622159126,0.7609383944961396,0.09948230102678689,0.7591590443315799,0.6205030012621879,0.7658687343698407,5540.859133574243,16752.74203828874
Ridge,0.5527195296893656,0.0687494367067449,0.5759448550844065,0.07943966065051637,0.5017463829208882,-0.5692036009787313,1.2730981875233347,10309.798929934832,34066.01838210715
