{
  "XGBoost": {
    "CV_R2_mean": 0.7930285485852533,
    "CV_R2_std": 0.024489299231138666,
    "LOMO_CV_R2_mean": 0.7738520771636284,
    "LOMO_CV_R2_std": 0.10564859579237103,
    "Test_R2_log": 0.7831249849760018,
    "Test_R2_original": 0.5269478146884539,
    "Test_MAE_log": 0.7428696409555043,
    "Test_MAE_umol_g_h": 6326.929078113163,
    "Test_RMSE_umol_g_h": 18704.07584734146,
    "composite_selection_score": 0.6751
  },
  "LightGBM": {
    "CV_R2_mean": 0.7969417619365339,
    "CV_R2_std": 0.025406045780147157,
    "LOMO_CV_R2_mean": 0.7737961292545068,
    "LOMO_CV_R2_std": 0.12865697469184198,
    "Test_R2_log": 0.7829707281243243,
    "Test_R2_original": 0.4346422342309064,
    "Test_MAE_log": 0.7265044179372558,
    "Test_MAE_umol_g_h": 6561.602494821475,
    "Test_RMSE_umol_g_h": 20447.650312279042,
    "composite_selection_score": 0.6381
  },
  "Ridge": {
    "CV_R2_mean": 0.4090120088479128,
    "CV_R2_std": 0.03935274822046461,
    "LOMO_CV_R2_mean": 0.4191775100326985,
    "LOMO_CV_R2_std": 0.16575014540676503,
    "Test_R2_log": 0.39734797329985705,
    "Test_R2_original": -0.08609051860769612,
    "Test_MAE_log": 1.4063864185352863,
    "Test_MAE_umol_g_h": 10314.573957982595,
    "Test_RMSE_umol_g_h": 28340.971907572493,
    "composite_selection_score": 0.2515
  }
}