{
  "XGBoost": {
    "CV_R2_mean": 0.7846870096710381,
    "CV_R2_std": 0.020383764207150074,
    "LOMO_CV_R2_mean": 0.7725363309027566,
    "LOMO_CV_R2_std": 0.11277285367258982,
    "Test_R2_log": 0.7662185721680159,
    "Test_R2_original": 0.4072072278708909,
    "Test_MAE_log": 0.7690948924577099,
    "Test_MAE_umol_g_h": 6756.026989314067,
    "Test_RMSE_umol_g_h": 20937.902746476128,
    "composite_selection_score": 0.6264
  },
  "LightGBM": {
    "CV_R2_mean": 0.7782040884111057,
    "CV_R2_std": 0.03216683161287362,
    "LOMO_CV_R2_mean": 0.7718084557785275,
    "LOMO_CV_R2_std": 0.11434142483816297,
    "Test_R2_log": 0.7682588044425904,
    "Test_R2_original": 0.46026269045780743,
    "Test_MAE_log": 0.7602186320000456,
    "Test_MAE_umol_g_h": 6738.123389176215,
    "Test_RMSE_umol_g_h": 19978.963263776368,
    "composite_selection_score": 0.6472
  },
  "Ridge": {
    "CV_R2_mean": 0.44123567939563857,
    "CV_R2_std": 0.050200280083637736,
    "LOMO_CV_R2_mean": 0.44763070970002883,
    "LOMO_CV_R2_std": 0.14548418122080237,
    "Test_R2_log": 0.43229767803751096,
    "Test_R2_original": 0.07002997484136542,
    "Test_MAE_log": 1.3424148532055318,
    "Test_MAE_umol_g_h": 9496.175497415186,
    "Test_RMSE_umol_g_h": 26225.04268140308,
    "composite_selection_score": 0.2966
  }
}