{
  "XGBoost": {
    "CV_R2_mean": 0.7819381296169048,
    "CV_R2_std": 0.027892096777425286,
    "LOMO_CV_R2_mean": 0.7830101493365469,
    "LOMO_CV_R2_std": 0.09772081693276814,
    "Test_R2_log": 0.7561477621740615,
    "Test_R2_original": 0.536021382562063,
    "Test_MAE_log": 0.7933693184311447,
    "Test_MAE_umol_g_h": 6101.563857243095,
    "Test_RMSE_umol_g_h": 18523.826799393886,
    "composite_selection_score": 0.6842
  },
  "LightGBM": {
    "CV_R2_mean": 0.7906105662099512,
    "CV_R2_std": 0.018515195226160887,
    "LOMO_CV_R2_mean": 0.7801642708122432,
    "LOMO_CV_R2_std": 0.1192639392836289,
    "Test_R2_log": 0.7632703735642249,
    "Test_R2_original": 0.5081069253847644,
    "Test_MAE_log": 0.757319419039605,
    "Test_MAE_umol_g_h": 6170.377684501182,
    "Test_RMSE_umol_g_h": 19072.915402178613,
    "composite_selection_score": 0.6713
  },
  "Ridge": {
    "CV_R2_mean": 0.40884095676870685,
    "CV_R2_std": 0.03909823844833719,
    "LOMO_CV_R2_mean": 0.4190559791452289,
    "LOMO_CV_R2_std": 0.16485555954623435,
    "Test_R2_log": 0.3976484359172814,
    "Test_R2_original": -0.08471034471765493,
    "Test_MAE_log": 1.4061991783866774,
    "Test_MAE_umol_g_h": 10306.398518469023,
    "Test_RMSE_umol_g_h": 28322.958720185277,
    "composite_selection_score": 0.2514
  }
}