{
  "XGBoost": {
    "CV_R2_mean": 0.7604914086634603,
    "CV_R2_std": 0.03882373965127556,
    "LOMO_CV_R2_mean": 0.7846787442548588,
    "LOMO_CV_R2_std": 0.11227505168777953,
    "Test_R2_log": 0.7288130590451154,
    "Test_R2_original": 0.3676254398217108,
    "Test_MAE_log": 0.8752568124040864,
    "Test_MAE_umol_g_h": 7378.468686663917,
    "Test_RMSE_umol_g_h": 21625.637735314587
  },
  "LightGBM": {
    "CV_R2_mean": 0.7681300733516582,
    "CV_R2_std": 0.047906146622159126,
    "LOMO_CV_R2_mean": 0.7609383944961396,
    "LOMO_CV_R2_std": 0.09948230102678689,
    "Test_R2_log": 0.7591590443315799,
    "Test_R2_original": 0.6205030012621879,
    "Test_MAE_log": 0.7658687343698407,
    "Test_MAE_umol_g_h": 5540.859133574243,
    "Test_RMSE_umol_g_h": 16752.74203828874
  },
  "Ridge": {
    "CV_R2_mean": 0.5527195296893656,
    "CV_R2_std": 0.0687494367067449,
    "LOMO_CV_R2_mean": 0.5759448550844065,
    "LOMO_CV_R2_std": 0.07943966065051637,
    "Test_R2_log": 0.5017463829208882,
    "Test_R2_original": -0.5692036009787313,
    "Test_MAE_log": 1.2730981875233347,
    "Test_MAE_umol_g_h": 10309.798929934832,
    "Test_RMSE_umol_g_h": 34066.01838210715
  }
}